{"id": "flight-centre-mawson", "rating": 0.0, "coordinates": {"longitude": 149.0944824, "latitude": -35.3645515}, "is_claimed": false, "photos": [], "review_count": 0, "term": "hotels", "url": "https://www.yelp.com/biz/flight-centre-mawson?adjust_creative=92p07_JjKyriZTQxAXRiKQ&utm_campaign=yelp_api_v3&utm_medium=api_v3_business_lookup&utm_source=92p07_JjKyriZTQxAXRiKQ", "categories": [{"title": "Travel Services", "alias": "travelservices"}], "image_url": "", "is_closed": false, "phone": "+61131866", "location": {"address3": null, "zip_code": "2607", "address1": "Shop 2a, Southlands Shopping Centre, 8-12 Mawson Drive", "address2": null, "city": "Mawson", "state": "ACT", "country": "AU"}, "name": "Flight Centre"}