{"id": "maria-slater-travel-mawson", "rating": 0.0, "coordinates": {"longitude": 149.0953064, "latitude": -35.3642006}, "is_claimed": false, "photos": [], "review_count": 0, "term": "hotels", "url": "https://www.yelp.com/biz/maria-slater-travel-mawson?adjust_creative=92p07_JjKyriZTQxAXRiKQ&utm_campaign=yelp_api_v3&utm_medium=api_v3_business_lookup&utm_source=92p07_JjKyriZTQxAXRiKQ", "categories": [{"title": "Travel Services", "alias": "travelservices"}], "image_url": "", "is_closed": false, "phone": "+61262907700", "location": {"address3": null, "zip_code": "2607", "address1": "BLOCK 3 Southlands Shopping Cntr", "state": "ACT", "city": "Mawson", "address2": null, "country": "AU"}, "name": "Maria Slater Travel"}