{"id": "southlands-travel-and-cruise-mawson", "rating": 0.0, "coordinates": {"longitude": 149.094229846033, "latitude": -35.3648875922331}, "is_claimed": true, "hours": [{"is_open_now": false, "open": [{"is_overnight": false, "day": 0, "start": "0900", "end": "1730"}, {"is_overnight": false, "day": 1, "start": "0900", "end": "1730"}, {"is_overnight": false, "day": 2, "start": "0900", "end": "1730"}, {"is_overnight": false, "day": 3, "start": "0900", "end": "1730"}, {"is_overnight": false, "day": 4, "start": "0900", "end": "1730"}, {"is_overnight": false, "day": 5, "start": "0900", "end": "1230"}], "hours_type": "REGULAR"}], "photos": ["https://s3-media2.fl.yelpcdn.com/bphoto/Q72RTN6XvF8zCQ8z6y7xRw/o.jpg", "https://s3-media2.fl.yelpcdn.com/bphoto/mGB-2Q6WUyuiLJOsN-4VYQ/o.jpg", "https://s3-media2.fl.yelpcdn.com/bphoto/aSn-uF9P_tyHTgR-WoQ_4Q/o.jpg"], "review_count": 0, "term": "hotels", "url": "https://www.yelp.com/biz/southlands-travel-and-cruise-mawson?adjust_creative=92p07_JjKyriZTQxAXRiKQ&utm_campaign=yelp_api_v3&utm_medium=api_v3_business_lookup&utm_source=92p07_JjKyriZTQxAXRiKQ", "categories": [{"title": "Travel Services", "alias": "travelservices"}], "image_url": "https://s3-media4.fl.yelpcdn.com/bphoto/Q72RTN6XvF8zCQ8z6y7xRw/o.jpg", "is_closed": false, "phone": "+61262865540", "location": {"address3": null, "zip_code": "2607", "address1": "Quality Centre Unit 6, 93 Mawson Pl", "state": "ACT", "city": "Mawson", "address2": null, "country": "AU"}, "name": "Southlands Travel & Cruise"}