{"id": "canberra-railway-museum-kingston", "rating": 0.0, "coordinates": {"longitude": 149.1539612, "latitude": -35.3179512}, "is_claimed": false, "photos": [], "review_count": 0, "term": "hotels", "url": "https://www.yelp.com/biz/canberra-railway-museum-kingston?adjust_creative=92p07_JjKyriZTQxAXRiKQ&utm_campaign=yelp_api_v3&utm_medium=api_v3_business_lookup&utm_source=92p07_JjKyriZTQxAXRiKQ", "categories": [{"title": "Travel Services", "alias": "travelservices"}], "image_url": "", "is_closed": false, "phone": "+61262842790", "location": {"address3": null, "zip_code": "2604", "address1": "Geijera Pl", "address2": null, "city": "Kingston", "state": "ACT", "country": "AU"}, "name": "Canberra Railway Museum"}