{"id": "diplomat-hotel-kingston", "rating": 0.0, "coordinates": {"longitude": 149.1488, "latitude": -35.33508}, "is_claimed": false, "photos": ["https://s3-media4.fl.yelpcdn.com/bphoto/PDYqw8s_0IPv0ws2moZMeg/o.jpg", "https://s3-media1.fl.yelpcdn.com/bphoto/UKhm1PXuinQ6jRAlZi2Ckg/o.jpg", "https://s3-media1.fl.yelpcdn.com/bphoto/tRwzumzykwHaBm2-g4Dvjw/o.jpg"], "review_count": 0, "term": "hotels", "url": "https://www.yelp.com/biz/diplomat-hotel-kingston?adjust_creative=92p07_JjKyriZTQxAXRiKQ&utm_campaign=yelp_api_v3&utm_medium=api_v3_business_lookup&utm_source=92p07_JjKyriZTQxAXRiKQ", "categories": [{"title": "Hotels", "alias": "hotels"}], "image_url": "https://s3-media2.fl.yelpcdn.com/bphoto/PDYqw8s_0IPv0ws2moZMeg/o.jpg", "is_closed": false, "phone": "+61262952277", "location": {"address3": null, "zip_code": "2604", "address1": "", "address2": null, "city": "Kingston", "state": "ACT", "country": "AU"}, "name": "Diplomat Hotel"}