{"id": "flight-centre-kingston-kingston-2", "rating": 0.0, "coordinates": {"longitude": 149.142334, "latitude": -35.3161316}, "is_claimed": false, "photos": [], "review_count": 0, "term": "hotels", "url": "https://www.yelp.com/biz/flight-centre-kingston-kingston-2?adjust_creative=92p07_JjKyriZTQxAXRiKQ&utm_campaign=yelp_api_v3&utm_medium=api_v3_business_lookup&utm_source=92p07_JjKyriZTQxAXRiKQ", "categories": [{"title": "Travel Services", "alias": "travelservices"}], "image_url": "", "is_closed": false, "phone": "+1300755332", "location": {"address3": null, "zip_code": "2604", "address1": "Shop 28A, Cusack Centre Corner Of Eyre & Jardine Sts", "state": "ACT", "city": "Kingston", "address2": null, "country": "AU"}, "name": "Flight Centre Kingston"}