{"id": "flight-kingston", "rating": 0.0, "coordinates": {"longitude": 149.1472473, "latitude": -35.3142509}, "is_claimed": false, "photos": [], "review_count": 0, "term": "hotels", "url": "https://www.yelp.com/biz/flight-kingston?adjust_creative=92p07_JjKyriZTQxAXRiKQ&utm_campaign=yelp_api_v3&utm_medium=api_v3_business_lookup&utm_source=92p07_JjKyriZTQxAXRiKQ", "categories": [{"alias": "travelservices", "title": "Travel Services"}], "location": {"address3": null, "zip_code": "2604", "address1": "Eyre St", "address2": null, "city": "Kingston", "state": "ACT", "country": "AU"}, "is_closed": false, "phone": "+61262846900", "image_url": "", "name": "Flight"}