{"id": "kingston-terrace-serviced-apartments-kingston", "rating": 0.0, "coordinates": {"longitude": 149.1411285, "latitude": -35.317791}, "is_claimed": false, "photos": [], "review_count": 0, "term": "hotels", "url": "https://www.yelp.com/biz/kingston-terrace-serviced-apartments-kingston?adjust_creative=92p07_JjKyriZTQxAXRiKQ&utm_campaign=yelp_api_v3&utm_medium=api_v3_business_lookup&utm_source=92p07_JjKyriZTQxAXRiKQ", "categories": [{"alias": "hotels", "title": "Hotels"}], "location": {"address3": null, "zip_code": "2604", "address1": "16 Eyre St", "state": "ACT", "city": "Kingston", "address2": null, "country": "AU"}, "is_closed": false, "phone": "+61262399411", "image_url": "", "name": "Kingston Terrace Serviced Apartments"}