{"id": "canberra-educational-tours-accommodation-centre-narrabundah", "rating": 0.0, "coordinates": {"longitude": 149.1572418, "latitude": -35.3362694}, "is_claimed": false, "photos": [], "review_count": 0, "term": "hotels", "url": "https://www.yelp.com/biz/canberra-educational-tours-accommodation-centre-narrabundah?adjust_creative=92p07_JjKyriZTQxAXRiKQ&utm_campaign=yelp_api_v3&utm_medium=api_v3_business_lookup&utm_source=92p07_JjKyriZTQxAXRiKQ", "categories": [{"alias": "hotels", "title": "Hotels"}], "location": {"address3": null, "zip_code": "2604", "address1": "103 Goyder St", "state": "ACT", "city": "Narrabundah", "address2": null, "country": "AU"}, "is_closed": false, "phone": "+61262952944", "image_url": "", "name": "Canberra Educational Tours Accommodation Centre"}