{"id": "doma-hotels-canberra-narrabundah-2", "rating": 0.0, "coordinates": {"longitude": 149.1483154, "latitude": -35.3386612}, "is_claimed": false, "photos": [], "review_count": 0, "term": "hotels", "url": "https://www.yelp.com/biz/doma-hotels-canberra-narrabundah-2?adjust_creative=92p07_JjKyriZTQxAXRiKQ&utm_campaign=yelp_api_v3&utm_medium=api_v3_business_lookup&utm_source=92p07_JjKyriZTQxAXRiKQ", "categories": [{"title": "Hotels & Travel", "alias": "hotelstravel"}], "location": {"address3": null, "zip_code": "2604", "address1": "203 Goyder St", "address2": null, "city": "Narrabundah", "state": "ACT", "country": "AU"}, "is_closed": false, "phone": "+61262952944", "image_url": "", "name": "Doma Hotels Canberra"}