{"id": "garden-city-hotel-narrabundah", "rating": 0.0, "coordinates": {"longitude": 149.152298, "latitude": -35.3400955}, "is_claimed": false, "photos": [], "review_count": 0, "term": "hotels", "url": "https://www.yelp.com/biz/garden-city-hotel-narrabundah?adjust_creative=92p07_JjKyriZTQxAXRiKQ&utm_campaign=yelp_api_v3&utm_medium=api_v3_business_lookup&utm_source=92p07_JjKyriZTQxAXRiKQ", "categories": [{"title": "Venues & Event Spaces", "alias": "venues"}], "image_url": "", "is_closed": false, "phone": "+61262953322", "location": {"address3": null, "zip_code": "2604", "address1": "55 Jerrabomberra Ave", "address2": null, "city": "Narrabundah", "state": "ACT", "country": "AU"}, "name": "Garden City Hotel"}