{"id": "hotel-heritage-narrabundah", "rating": 0.0, "coordinates": {"longitude": 149.1483154, "latitude": -35.3386612}, "is_claimed": false, "photos": ["https://s3-media3.fl.yelpcdn.com/bphoto/-pAtStnkJyRI1_z9l_bjDQ/o.jpg"], "review_count": 0, "term": "hotels", "url": "https://www.yelp.com/biz/hotel-heritage-narrabundah?adjust_creative=92p07_JjKyriZTQxAXRiKQ&utm_campaign=yelp_api_v3&utm_medium=api_v3_business_lookup&utm_source=92p07_JjKyriZTQxAXRiKQ", "categories": [{"title": "Venues & Event Spaces", "alias": "venues"}], "image_url": "https://s3-media4.fl.yelpcdn.com/bphoto/-pAtStnkJyRI1_z9l_bjDQ/o.jpg", "is_closed": false, "phone": "+611800026346", "location": {"address3": null, "zip_code": "2604", "address1": "203 Goyder St", "state": "ACT", "city": "Narrabundah", "address2": null, "country": "AU"}, "name": "Hotel Heritage"}