{"id": "ibis-style-hotel-narrabundah", "rating": 0.0, "coordinates": {"longitude": 149.14831, "latitude": -35.33866}, "is_claimed": false, "photos": [], "review_count": 0, "term": "hotels", "url": "https://www.yelp.com/biz/ibis-style-hotel-narrabundah?adjust_creative=92p07_JjKyriZTQxAXRiKQ&utm_campaign=yelp_api_v3&utm_medium=api_v3_business_lookup&utm_source=92p07_JjKyriZTQxAXRiKQ", "categories": [{"alias": "hotels", "title": "Hotels"}], "location": {"address3": "", "zip_code": "2604", "address1": "203 Goyder St", "address2": "", "city": "Narrabundah", "state": "ACT", "country": "AU"}, "is_closed": false, "phone": "+61262952944", "image_url": "", "name": "Ibis Style Hotel"}