{"id": "mountain-view-hostel-narrabundah", "rating": 0.0, "coordinates": {"longitude": 149.1442108, "latitude": -35.340641}, "is_claimed": false, "photos": [], "review_count": 0, "term": "hotels", "url": "https://www.yelp.com/biz/mountain-view-hostel-narrabundah?adjust_creative=92p07_JjKyriZTQxAXRiKQ&utm_campaign=yelp_api_v3&utm_medium=api_v3_business_lookup&utm_source=92p07_JjKyriZTQxAXRiKQ", "categories": [{"title": "Hostels", "alias": "hostels"}], "location": {"address3": null, "zip_code": "2604", "address1": "Goyder St", "address2": null, "city": "Narrabundah", "state": "ACT", "country": "AU"}, "is_closed": false, "phone": "+61262951044", "image_url": "", "name": "Mountain View Hostel"}