{"id": "paxevanos-rob-narrabundah", "rating": 0.0, "coordinates": {"longitude": 149.1488, "latitude": -35.33508}, "is_claimed": false, "photos": [], "review_count": 0, "term": "hotels", "url": "https://www.yelp.com/biz/paxevanos-rob-narrabundah?adjust_creative=92p07_JjKyriZTQxAXRiKQ&utm_campaign=yelp_api_v3&utm_medium=api_v3_business_lookup&utm_source=92p07_JjKyriZTQxAXRiKQ", "categories": [{"title": "Tours", "alias": "tours"}], "image_url": "", "is_closed": false, "phone": "+61262397047", "location": {"address3": null, "zip_code": "2604", "address1": "", "address2": null, "city": "Narrabundah", "state": "ACT", "country": "AU"}, "name": "Paxevanos Rob"}