{"id": "sundown-motel-resort-narrabundah", "rating": 0.0, "coordinates": {"longitude": 149.1498108, "latitude": -35.33741}, "is_claimed": false, "photos": [], "review_count": 0, "term": "hotels", "url": "https://www.yelp.com/biz/sundown-motel-resort-narrabundah?adjust_creative=92p07_JjKyriZTQxAXRiKQ&utm_campaign=yelp_api_v3&utm_medium=api_v3_business_lookup&utm_source=92p07_JjKyriZTQxAXRiKQ", "categories": [{"alias": "hotels", "title": "Hotels"}], "location": {"address3": null, "zip_code": "2604", "address1": "Jerrabomberra Ave", "address2": null, "city": "Narrabundah", "state": "ACT", "country": "AU"}, "is_closed": false, "phone": "+61262390333", "image_url": "", "name": "Sundown Motel Resort"}