{"id": "budget-car-and-truck-rental-canberra-airport-canberra-airport", "rating": 0.0, "coordinates": {"longitude": 149.1742249, "latitude": -35.3366814}, "is_claimed": false, "photos": ["https://s3-media1.fl.yelpcdn.com/bphoto/NXvlFQWXF1aATDvH7lAksg/o.jpg"], "review_count": 0, "term": "hotels", "url": "https://www.yelp.com/biz/budget-car-and-truck-rental-canberra-airport-canberra-airport?adjust_creative=92p07_JjKyriZTQxAXRiKQ&utm_campaign=yelp_api_v3&utm_medium=api_v3_business_lookup&utm_source=92p07_JjKyriZTQxAXRiKQ", "categories": [{"title": "Car Rental", "alias": "carrental"}], "image_url": "https://s3-media3.fl.yelpcdn.com/bphoto/NXvlFQWXF1aATDvH7lAksg/o.jpg", "is_closed": false, "phone": "+61262193040", "location": {"address3": null, "zip_code": "2609", "address1": "Canberra Airport Terminal", "address2": null, "city": "Canberra Airport", "state": "ACT", "country": "AU"}, "name": "Budget Car & Truck Rental Canberra Airport"}