{"id": "corporate-air-canberra-airport", "rating": 4.0, "coordinates": {"longitude": 149.1672974, "latitude": -35.3323212}, "is_claimed": false, "photos": ["https://s3-media3.fl.yelpcdn.com/bphoto/_hK4h7LNNCKOBFrhYePgpw/o.jpg", "https://s3-media3.fl.yelpcdn.com/bphoto/6mqH3Adm-9LDVkqZpBdTMA/o.jpg", "https://s3-media1.fl.yelpcdn.com/bphoto/PbaFurf7Apwdgaq_3in6gg/o.jpg"], "review_count": 1, "term": "hotels", "url": "https://www.yelp.com/biz/corporate-air-canberra-airport?adjust_creative=92p07_JjKyriZTQxAXRiKQ&utm_campaign=yelp_api_v3&utm_medium=api_v3_business_lookup&utm_source=92p07_JjKyriZTQxAXRiKQ", "categories": [{"title": "Transportation", "alias": "transport"}], "location": {"address3": null, "zip_code": "2609", "address1": "", "address2": null, "city": "Canberra Airport", "state": "ACT", "country": "AU"}, "is_closed": false, "phone": "+61262497044", "image_url": "https://s3-media1.fl.yelpcdn.com/bphoto/_hK4h7LNNCKOBFrhYePgpw/o.jpg", "name": "Corporate Air"}