{"id": "europcar-car-and-truck-rental-canberra-airport", "rating": 0.0, "coordinates": {"longitude": 149.1672974, "latitude": -35.3323212}, "is_claimed": false, "photos": ["https://s3-media1.fl.yelpcdn.com/bphoto/YaY03sAkdrWD1xpN134byw/o.jpg"], "review_count": 0, "term": "hotels", "url": "https://www.yelp.com/biz/europcar-car-and-truck-rental-canberra-airport?adjust_creative=92p07_JjKyriZTQxAXRiKQ&utm_campaign=yelp_api_v3&utm_medium=api_v3_business_lookup&utm_source=92p07_JjKyriZTQxAXRiKQ", "categories": [{"title": "Car Rental", "alias": "carrental"}], "location": {"address3": null, "zip_code": "2609", "address1": "All Terminals, Terminal Building", "address2": null, "city": "Canberra Airport", "state": "ACT", "country": "AU"}, "is_closed": false, "phone": "+61262130300", "image_url": "https://s3-media4.fl.yelpcdn.com/bphoto/YaY03sAkdrWD1xpN134byw/o.jpg", "name": "Europcar Car & Truck Rental"}