{"id": "hertz-canberra-airport", "rating": 0.0, "coordinates": {"longitude": 149.189160697539, "latitude": -35.3077058833352}, "is_claimed": false, "hours": [{"is_open_now": true, "open": [{"is_overnight": false, "end": "2230", "day": 0, "start": "0630"}, {"is_overnight": false, "end": "2230", "day": 1, "start": "0630"}, {"is_overnight": false, "end": "2230", "day": 2, "start": "0630"}, {"is_overnight": false, "end": "2230", "day": 3, "start": "0630"}, {"is_overnight": false, "end": "2230", "day": 4, "start": "0630"}, {"is_overnight": false, "end": "2200", "day": 5, "start": "0700"}, {"is_overnight": false, "end": "2230", "day": 6, "start": "0630"}], "hours_type": "REGULAR"}], "photos": [], "review_count": 0, "term": "hotels", "url": "https://www.yelp.com/biz/hertz-canberra-airport?adjust_creative=92p07_JjKyriZTQxAXRiKQ&utm_campaign=yelp_api_v3&utm_medium=api_v3_business_lookup&utm_source=92p07_JjKyriZTQxAXRiKQ", "categories": [{"title": "Car Rental", "alias": "carrental"}], "location": {"address3": null, "zip_code": "2609", "address1": "Pialligo Ave", "address2": null, "city": "Canberra Airport", "state": "ACT", "country": "AU"}, "is_closed": false, "phone": "+61262496211", "image_url": "", "name": "Hertz."}