{"id": "imperioso-canberra", "rating": 0.0, "coordinates": {"longitude": 149.1331, "latitude": -35.27265}, "is_claimed": false, "hours": [{"is_open_now": false, "open": [{"is_overnight": false, "end": "1700", "day": 1, "start": "0800"}, {"is_overnight": false, "end": "1700", "day": 2, "start": "0800"}, {"is_overnight": false, "end": "1700", "day": 3, "start": "0800"}, {"is_overnight": false, "end": "1700", "day": 4, "start": "0800"}, {"is_overnight": false, "end": "1700", "day": 5, "start": "0800"}], "hours_type": "REGULAR"}], "photos": ["https://s3-media3.fl.yelpcdn.com/bphoto/aKxM1hM_I2m_5miDLwO8hQ/o.jpg", "https://s3-media1.fl.yelpcdn.com/bphoto/UEDnvqrjLrZZ4WeCvb86JA/o.jpg", "https://s3-media2.fl.yelpcdn.com/bphoto/WI_PArFvXwSc8YbRMt7DzA/o.jpg"], "review_count": 0, "term": "restaurants", "url": "https://www.yelp.com/biz/imperioso-canberra?adjust_creative=92p07_JjKyriZTQxAXRiKQ&utm_campaign=yelp_api_v3&utm_medium=api_v3_business_lookup&utm_source=92p07_JjKyriZTQxAXRiKQ", "categories": [{"title": "Coffee & Tea", "alias": "coffee"}, {"title": "Italian", "alias": "italian"}], "location": {"address3": "", "zip_code": "2612", "address1": "134/24 Lonsdale St", "address2": null, "city": "Canberra", "state": "ACT", "country": "AU"}, "is_closed": false, "phone": "+61261520705", "image_url": "https://s3-media4.fl.yelpcdn.com/bphoto/aKxM1hM_I2m_5miDLwO8hQ/o.jpg", "name": "Imperioso"}