{"id": "bush-capital-lodge-o-connor", "rating": 0.0, "coordinates": {"longitude": 149.1127472, "latitude": -35.2521706}, "is_claimed": false, "photos": [], "review_count": 0, "term": "hotels", "url": "https://www.yelp.com/biz/bush-capital-lodge-o-connor?adjust_creative=92p07_JjKyriZTQxAXRiKQ&utm_campaign=yelp_api_v3&utm_medium=api_v3_business_lookup&utm_source=92p07_JjKyriZTQxAXRiKQ", "categories": [{"title": "Hostels", "alias": "hostels"}, {"title": "Apartments", "alias": "apartments"}], "image_url": "", "is_closed": false, "phone": "+61261621915", "location": {"address3": null, "zip_code": "2602", "address1": "191 Dryandra St", "address2": null, "city": "O'connor", "state": "ACT", "country": "AU"}, "name": "Bush Capital Lodge"}