{"id": "canberra-motor-village-o-connor", "rating": 0.0, "coordinates": {"longitude": 149.1069794, "latitude": -35.2573509}, "is_claimed": false, "photos": ["https://s3-media3.fl.yelpcdn.com/bphoto/Jo6cPk4dFAA0YfWrkapl4Q/o.jpg", "https://s3-media1.fl.yelpcdn.com/bphoto/5Vir8OadrJUZCHsOYsTUZQ/o.jpg", "https://s3-media2.fl.yelpcdn.com/bphoto/BTESsRPpf0PkahGLDt_54w/o.jpg"], "review_count": 0, "term": "hotels", "url": "https://www.yelp.com/biz/canberra-motor-village-o-connor?adjust_creative=92p07_JjKyriZTQxAXRiKQ&utm_campaign=yelp_api_v3&utm_medium=api_v3_business_lookup&utm_source=92p07_JjKyriZTQxAXRiKQ", "categories": [{"alias": "hotelstravel", "title": "Hotels & Travel"}], "location": {"address3": null, "zip_code": "2602", "address1": "Kunzea St", "state": "ACT", "city": "O'connor", "address2": null, "country": "AU"}, "is_closed": false, "phone": "+61262475466", "image_url": "https://s3-media3.fl.yelpcdn.com/bphoto/Jo6cPk4dFAA0YfWrkapl4Q/o.jpg", "name": "Canberra Motor Village"}