{"id": "studio-q-o-connor", "rating": 0.0, "coordinates": {"longitude": 149.1165771, "latitude": -35.2541809}, "is_claimed": false, "photos": [], "review_count": 0, "term": "hotels", "url": "https://www.yelp.com/biz/studio-q-o-connor?adjust_creative=92p07_JjKyriZTQxAXRiKQ&utm_campaign=yelp_api_v3&utm_medium=api_v3_business_lookup&utm_source=92p07_JjKyriZTQxAXRiKQ", "categories": [{"alias": "bedbreakfast", "title": "Bed & Breakfast"}], "location": {"address3": null, "zip_code": "2602", "address1": "5 Boronia Drv", "state": "ACT", "city": "O'connor", "address2": null, "country": "AU"}, "is_closed": false, "phone": "+61262470707", "image_url": "", "name": "Studio Q"}