{"id": "cafe-d-lish-deakin", "rating": 3.0, "coordinates": {"longitude": 149.1075592, "latitude": -35.3147316}, "is_claimed": false, "photos": [], "review_count": 1, "term": "restaurants", "url": "https://www.yelp.com/biz/cafe-d-lish-deakin?adjust_creative=92p07_JjKyriZTQxAXRiKQ&utm_campaign=yelp_api_v3&utm_medium=api_v3_business_lookup&utm_source=92p07_JjKyriZTQxAXRiKQ", "categories": [{"alias": "hotdogs", "title": "Fast Food"}], "location": {"address3": null, "zip_code": "2600", "address1": "Duff Pl", "state": "ACT", "city": "Deakin", "address2": null, "country": "AU"}, "is_closed": false, "phone": "+61262813533", "image_url": "", "name": "Cafe D'Lish"}