{"price": "$$", "rating": 4.5, "coordinates": {"longitude": 149.097298, "latitude": -35.320498}, "is_claimed": false, "hours": [{"is_open_now": false, "open": [{"is_overnight": false, "day": 0, "start": "0700", "end": "1600"}, {"is_overnight": false, "day": 1, "start": "0700", "end": "1600"}, {"is_overnight": false, "day": 2, "start": "0700", "end": "1600"}, {"is_overnight": false, "day": 3, "start": "0700", "end": "1600"}, {"is_overnight": false, "day": 4, "start": "0700", "end": "2200"}, {"is_overnight": false, "day": 5, "start": "0700", "end": "1400"}], "hours_type": "REGULAR"}], "photos": ["https://s3-media3.fl.yelpcdn.com/bphoto/lq49NlU35LB23InBtwtJmQ/o.jpg"], "review_count": 3, "id": "cafe-eq-and-lounge-deakin", "term": "restaurants", "url": "https://www.yelp.com/biz/cafe-eq-and-lounge-deakin?adjust_creative=92p07_JjKyriZTQxAXRiKQ&utm_campaign=yelp_api_v3&utm_medium=api_v3_business_lookup&utm_source=92p07_JjKyriZTQxAXRiKQ", "categories": [{"alias": "coffee", "title": "Coffee & Tea"}, {"alias": "breakfast_brunch", "title": "Breakfast & Brunch"}, {"alias": "cafes", "title": "Cafes"}], "location": {"address3": "", "zip_code": "2600", "address1": "70 Kent St", "state": "ACT", "city": "Deakin", "address2": "", "country": "AU"}, "is_closed": false, "phone": "+61261611666", "image_url": "https://s3-media1.fl.yelpcdn.com/bphoto/lq49NlU35LB23InBtwtJmQ/o.jpg", "name": "Cafe Eq & Lounge"}