{"id": "deakin-thai-cuisine-deakin", "rating": 5.0, "coordinates": {"longitude": 149.1075592, "latitude": -35.3147316}, "is_claimed": false, "photos": [], "review_count": 1, "term": "restaurants", "url": "https://www.yelp.com/biz/deakin-thai-cuisine-deakin?adjust_creative=92p07_JjKyriZTQxAXRiKQ&utm_campaign=yelp_api_v3&utm_medium=api_v3_business_lookup&utm_source=92p07_JjKyriZTQxAXRiKQ", "categories": [{"alias": "restaurants", "title": "Restaurants"}], "location": {"address3": null, "zip_code": "2600", "address1": "Duff Pl", "state": "ACT", "city": "Deakin", "address2": null, "country": "AU"}, "is_closed": false, "phone": "+61262603100", "image_url": "", "name": "Deakin Thai Cuisine"}