{"price": "$$", "rating": 4.5, "coordinates": {"longitude": 149.1083935, "latitude": -35.3148219}, "is_claimed": false, "hours": [{"is_open_now": false, "open": [{"is_overnight": false, "day": 0, "start": "0700", "end": "1700"}, {"is_overnight": false, "day": 1, "start": "0700", "end": "1700"}, {"is_overnight": false, "day": 2, "start": "0700", "end": "1700"}, {"is_overnight": false, "day": 3, "start": "0700", "end": "1700"}, {"is_overnight": false, "day": 4, "start": "0700", "end": "1700"}, {"is_overnight": false, "day": 5, "start": "0700", "end": "1600"}, {"is_overnight": false, "day": 6, "start": "0700", "end": "1600"}], "hours_type": "REGULAR"}], "photos": ["https://s3-media3.fl.yelpcdn.com/bphoto/dW2V6YWwDq8-e5YSromspw/o.jpg", "https://s3-media1.fl.yelpcdn.com/bphoto/umGZ2OCUAvEAjT7LKGE3Ww/o.jpg", "https://s3-media1.fl.yelpcdn.com/bphoto/xJ7FUxQNS8OAu6U7X-OMEg/o.jpg"], "review_count": 4, "id": "double-shot-deakin", "term": "restaurants", "url": "https://www.yelp.com/biz/double-shot-deakin?adjust_creative=92p07_JjKyriZTQxAXRiKQ&utm_campaign=yelp_api_v3&utm_medium=api_v3_business_lookup&utm_source=92p07_JjKyriZTQxAXRiKQ", "categories": [{"alias": "coffee", "title": "Coffee & Tea"}, {"alias": "breakfast_brunch", "title": "Breakfast & Brunch"}, {"alias": "modern_australian", "title": "Modern Australian"}], "location": {"address3": "", "zip_code": "2600", "address1": "Shop 7", "address2": "Deakin Ct", "city": "Deakin", "state": "ACT", "country": "AU"}, "is_closed": false, "phone": "+6161622027", "image_url": "https://s3-media1.fl.yelpcdn.com/bphoto/dW2V6YWwDq8-e5YSromspw/o.jpg", "name": "Double Shot"}