{"price": "$$", "rating": 3.5, "coordinates": {"longitude": 149.108028948484, "latitude": -35.3146975305503}, "is_claimed": false, "hours": [{"is_open_now": false, "open": [{"is_overnight": false, "day": 0, "end": "0000", "start": "1700"}, {"is_overnight": false, "day": 1, "end": "0000", "start": "1700"}, {"is_overnight": false, "day": 2, "end": "0000", "start": "1700"}, {"is_overnight": false, "day": 3, "end": "0000", "start": "1700"}, {"is_overnight": false, "day": 4, "end": "0000", "start": "1700"}, {"is_overnight": false, "day": 5, "end": "0000", "start": "1700"}, {"is_overnight": false, "day": 6, "end": "0000", "start": "1700"}], "hours_type": "REGULAR"}], "photos": ["https://s3-media1.fl.yelpcdn.com/bphoto/zjBI30kXhUt2FhrFREy45w/o.jpg", "https://s3-media3.fl.yelpcdn.com/bphoto/AmDQ4J88k3O6shjiXB_x-w/o.jpg", "https://s3-media1.fl.yelpcdn.com/bphoto/wKYgH5R3RaIajtXjV-uXBg/o.jpg"], "review_count": 5, "id": "locale-pizzeria-deakin", "term": "restaurants", "url": "https://www.yelp.com/biz/locale-pizzeria-deakin?adjust_creative=92p07_JjKyriZTQxAXRiKQ&utm_campaign=yelp_api_v3&utm_medium=api_v3_business_lookup&utm_source=92p07_JjKyriZTQxAXRiKQ", "categories": [{"alias": "italian", "title": "Italian"}, {"alias": "pizza", "title": "Pizza"}], "location": {"address3": "", "zip_code": "2600", "address1": "Shop 5, Hopetoun Circuit", "state": "ACT", "city": "Deakin", "address2": "", "country": "AU"}, "is_closed": false, "phone": "+61261622888", "image_url": "https://s3-media3.fl.yelpcdn.com/bphoto/zjBI30kXhUt2FhrFREy45w/o.jpg", "name": "Locale Pizzeria"}