{"id": "palette-cafe-deakin", "rating": 5.0, "coordinates": {"longitude": 149.094223, "latitude": -35.3207512}, "is_claimed": false, "hours": [{"is_open_now": true, "open": [{"is_overnight": false, "end": "1700", "day": 1, "start": "1000"}, {"is_overnight": false, "end": "1700", "day": 2, "start": "1000"}, {"is_overnight": false, "end": "1700", "day": 3, "start": "1000"}, {"is_overnight": false, "end": "1700", "day": 4, "start": "1000"}, {"is_overnight": false, "end": "1700", "day": 5, "start": "0900"}, {"is_overnight": false, "end": "1700", "day": 6, "start": "0900"}], "hours_type": "REGULAR"}], "photos": ["https://s3-media4.fl.yelpcdn.com/bphoto/l7ZQC7v5kQ03Vv25sGQKFw/o.jpg", "https://s3-media3.fl.yelpcdn.com/bphoto/Ppi5MPKhI11KfBpmYE5jXA/o.jpg", "https://s3-media1.fl.yelpcdn.com/bphoto/X7OYgBx2cInZ2XBt6DQVpQ/o.jpg"], "review_count": 1, "price": "$$", "term": "restaurants", "url": "https://www.yelp.com/biz/palette-cafe-deakin?adjust_creative=92p07_JjKyriZTQxAXRiKQ&utm_campaign=yelp_api_v3&utm_medium=api_v3_business_lookup&utm_source=92p07_JjKyriZTQxAXRiKQ", "categories": [{"title": "Cafes", "alias": "cafes"}], "location": {"address3": null, "zip_code": "2600", "address1": "81 Denison St", "address2": null, "city": "Deakin", "state": "ACT", "country": "AU"}, "is_closed": false, "phone": "+61262828416", "image_url": "https://s3-media1.fl.yelpcdn.com/bphoto/l7ZQC7v5kQ03Vv25sGQKFw/o.jpg", "name": "Palette Cafe"}