{"id": "pride-of-siam-deakin", "rating": 5.0, "coordinates": {"longitude": 149.107021220462, "latitude": -35.314408132267}, "is_claimed": false, "hours": [{"is_open_now": false, "open": [{"is_overnight": false, "day": 0, "start": "1900", "end": "2200"}, {"is_overnight": false, "day": 1, "start": "1900", "end": "2200"}, {"is_overnight": false, "day": 2, "start": "1900", "end": "2200"}, {"is_overnight": false, "day": 3, "start": "1900", "end": "2200"}, {"is_overnight": false, "day": 4, "start": "1900", "end": "2200"}, {"is_overnight": false, "day": 5, "start": "1900", "end": "2200"}, {"is_overnight": false, "day": 6, "start": "1900", "end": "2200"}], "hours_type": "REGULAR"}], "photos": ["https://s3-media3.fl.yelpcdn.com/bphoto/nwr5MdM3ULoWMpC9qYUbYw/o.jpg", "https://s3-media2.fl.yelpcdn.com/bphoto/TNg0dNH87NQTD_cCRIBjPA/o.jpg"], "review_count": 1, "term": "restaurants", "url": "https://www.yelp.com/biz/pride-of-siam-deakin?adjust_creative=92p07_JjKyriZTQxAXRiKQ&utm_campaign=yelp_api_v3&utm_medium=api_v3_business_lookup&utm_source=92p07_JjKyriZTQxAXRiKQ", "categories": [{"alias": "thai", "title": "Thai"}, {"alias": "asianfusion", "title": "Asian Fusion"}], "location": {"address3": "", "zip_code": "2600", "address1": "7 Duff Pl", "address2": "", "city": "Deakin", "state": "ACT", "country": "AU"}, "is_closed": false, "phone": "+6162820837", "image_url": "https://s3-media3.fl.yelpcdn.com/bphoto/nwr5MdM3ULoWMpC9qYUbYw/o.jpg", "name": "Pride Of Siam"}