{"id": "k-m-i-exhibitions-chisholm", "rating": 0.0, "coordinates": {"longitude": 149.1269073, "latitude": -35.4162483}, "is_claimed": false, "photos": [], "review_count": 0, "term": "hotels", "url": "https://www.yelp.com/biz/k-m-i-exhibitions-chisholm?adjust_creative=92p07_JjKyriZTQxAXRiKQ&utm_campaign=yelp_api_v3&utm_medium=api_v3_business_lookup&utm_source=92p07_JjKyriZTQxAXRiKQ", "categories": [{"alias": "travelservices", "title": "Travel Services"}], "location": {"address3": null, "zip_code": "2905", "address1": "9 Rapke Pl", "state": "ACT", "city": "Chisholm", "address2": null, "country": "AU"}, "is_closed": false, "phone": "+61262914904", "image_url": "", "name": "K M I Exhibitions"}