{"id": "cafe-cibalia-canberra", "rating": 0.0, "coordinates": {"longitude": 149.1304169, "latitude": -35.2775803}, "is_claimed": false, "photos": [], "review_count": 0, "term": "restaurants", "url": "https://www.yelp.com/biz/cafe-cibalia-canberra?adjust_creative=92p07_JjKyriZTQxAXRiKQ&utm_campaign=yelp_api_v3&utm_medium=api_v3_business_lookup&utm_source=92p07_JjKyriZTQxAXRiKQ", "categories": [{"alias": "cafes", "title": "Cafes"}], "location": {"address3": null, "zip_code": "2600", "address1": "7 Mort St", "state": "ACT", "city": "Canberra", "address2": null, "country": "AU"}, "is_closed": false, "phone": "+61262570658", "image_url": "", "name": "Cafe Cibalia"}