{"id": "civic-asian-noodle-house-canberra", "rating": 2.5, "coordinates": {"longitude": 149.1295166, "latitude": -35.2791481}, "is_claimed": false, "photos": ["https://s3-media2.fl.yelpcdn.com/bphoto/eF0zgP7fjDyutwyIUndeqA/o.jpg", "https://s3-media4.fl.yelpcdn.com/bphoto/eBsNtTvKvQZUwjVI3VOxlw/o.jpg"], "review_count": 5, "term": "restaurants", "url": "https://www.yelp.com/biz/civic-asian-noodle-house-canberra?adjust_creative=92p07_JjKyriZTQxAXRiKQ&utm_campaign=yelp_api_v3&utm_medium=api_v3_business_lookup&utm_source=92p07_JjKyriZTQxAXRiKQ", "categories": [{"alias": "noodles", "title": "Noodles"}], "location": {"address3": null, "zip_code": "2600", "address1": "34 Northbourne Ave", "address2": null, "city": "Canberra", "state": "ACT", "country": "AU"}, "is_closed": false, "phone": "+61262475145", "image_url": "https://s3-media1.fl.yelpcdn.com/bphoto/eF0zgP7fjDyutwyIUndeqA/o.jpg", "name": "Civic Asian Noodle House"}