{"id": "cocorea-korean-restaurant-canberra", "rating": 3.5, "coordinates": {"longitude": 149.1322784, "latitude": -35.2784882}, "is_claimed": false, "photos": [], "review_count": 2, "price": "$", "term": "restaurants", "url": "https://www.yelp.com/biz/cocorea-korean-restaurant-canberra?adjust_creative=92p07_JjKyriZTQxAXRiKQ&utm_campaign=yelp_api_v3&utm_medium=api_v3_business_lookup&utm_source=92p07_JjKyriZTQxAXRiKQ", "categories": [{"title": "Korean", "alias": "korean"}, {"title": "Food", "alias": "food"}], "image_url": "", "is_closed": false, "phone": "", "location": {"address3": "", "zip_code": "2600", "address1": "25 Garema Pl", "state": "ACT", "city": "Canberra", "address2": "", "country": "AU"}, "name": "Cocorea Korean Restaurant"}