{"id": "flavours-of-india-canberra", "rating": 0.0, "coordinates": {"longitude": 149.1321716, "latitude": -35.2779083}, "is_claimed": false, "photos": ["https://s3-media2.fl.yelpcdn.com/bphoto/hjxCTTeCYoA_aTneFLf0FA/o.jpg", "https://s3-media3.fl.yelpcdn.com/bphoto/FGpCK53vNpJCPj59_pawJA/o.jpg", "https://s3-media2.fl.yelpcdn.com/bphoto/wgaX6N3gsC4aa4_iLynysQ/o.jpg"], "review_count": 0, "term": "restaurants", "url": "https://www.yelp.com/biz/flavours-of-india-canberra?adjust_creative=92p07_JjKyriZTQxAXRiKQ&utm_campaign=yelp_api_v3&utm_medium=api_v3_business_lookup&utm_source=92p07_JjKyriZTQxAXRiKQ", "categories": [{"alias": "restaurants", "title": "Restaurants"}], "location": {"address3": null, "zip_code": "2600", "address1": "70 Bunda St", "address2": null, "city": "Canberra", "state": "ACT", "country": "AU"}, "is_closed": false, "phone": "+61262573690", "image_url": "https://s3-media1.fl.yelpcdn.com/bphoto/hjxCTTeCYoA_aTneFLf0FA/o.jpg", "name": "Flavours of India"}