{"id": "glasshouse-cafe-canberra", "rating": 3.0, "coordinates": {"longitude": 149.1340637, "latitude": -35.2821617}, "is_claimed": false, "photos": [], "review_count": 1, "term": "restaurants", "url": "https://www.yelp.com/biz/glasshouse-cafe-canberra?adjust_creative=92p07_JjKyriZTQxAXRiKQ&utm_campaign=yelp_api_v3&utm_medium=api_v3_business_lookup&utm_source=92p07_JjKyriZTQxAXRiKQ", "categories": [{"title": "Cafes", "alias": "cafes"}], "image_url": "", "is_closed": false, "phone": "+61261621155", "location": {"address3": null, "zip_code": "2600", "address1": "10 Binara St", "address2": null, "city": "Canberra", "state": "ACT", "country": "AU"}, "name": "Glasshouse Cafe"}