{"id": "gozleme-cafe-canberra", "rating": 4.5, "coordinates": {"longitude": 149.126809984446, "latitude": -35.2798519085097}, "is_claimed": false, "hours": [{"is_open_now": false, "open": [{"is_overnight": false, "day": 0, "start": "0700", "end": "1700"}, {"is_overnight": false, "day": 1, "start": "0700", "end": "1700"}, {"is_overnight": false, "day": 2, "start": "0700", "end": "1700"}, {"is_overnight": false, "day": 3, "start": "0700", "end": "1700"}, {"is_overnight": false, "day": 4, "start": "0700", "end": "1700"}, {"is_overnight": false, "day": 5, "start": "0900", "end": "1500"}, {"is_overnight": false, "day": 6, "start": "0900", "end": "1500"}], "hours_type": "REGULAR"}], "photos": ["https://s3-media3.fl.yelpcdn.com/bphoto/QOQAr4lPCb15MhtonlpZnQ/o.jpg", "https://s3-media1.fl.yelpcdn.com/bphoto/EvRn49bH828ojBl-pl08cw/o.jpg", "https://s3-media2.fl.yelpcdn.com/bphoto/J7MvKG12Vm6YWew-qRmbGQ/o.jpg"], "review_count": 2, "term": "restaurants", "url": "https://www.yelp.com/biz/gozleme-cafe-canberra?adjust_creative=92p07_JjKyriZTQxAXRiKQ&utm_campaign=yelp_api_v3&utm_medium=api_v3_business_lookup&utm_source=92p07_JjKyriZTQxAXRiKQ", "categories": [{"alias": "turkish", "title": "Turkish"}, {"alias": "breakfast_brunch", "title": "Breakfast & Brunch"}, {"alias": "coffee", "title": "Coffee & Tea"}], "location": {"address3": "", "zip_code": "2600", "address1": "31 London Circuit", "state": "ACT", "city": "Canberra", "address2": "", "country": "AU"}, "is_closed": false, "phone": "+61262485202", "image_url": "https://s3-media3.fl.yelpcdn.com/bphoto/QOQAr4lPCb15MhtonlpZnQ/o.jpg", "name": "Gozleme Cafe"}