{"id": "hasmis-kebab-turkish-kitchen-canberra", "rating": 0.0, "coordinates": {"longitude": 149.1303406, "latitude": -35.2793999}, "is_claimed": false, "photos": [], "review_count": 0, "term": "restaurants", "url": "https://www.yelp.com/biz/hasmis-kebab-turkish-kitchen-canberra?adjust_creative=92p07_JjKyriZTQxAXRiKQ&utm_campaign=yelp_api_v3&utm_medium=api_v3_business_lookup&utm_source=92p07_JjKyriZTQxAXRiKQ", "categories": [{"title": "Fast Food", "alias": "hotdogs"}], "image_url": "", "is_closed": false, "phone": "+61262307779", "location": {"address3": null, "zip_code": "2600", "address1": "11 East Rw", "address2": null, "city": "Canberra", "state": "ACT", "country": "AU"}, "name": "Hasmis Kebab Turkish Kitchen"}