{"id": "italian-bite-trattoria-civic-pty-ltd-canberra", "rating": 0.0, "coordinates": {"longitude": 149.1330261, "latitude": -35.2786293}, "is_claimed": false, "photos": [], "review_count": 0, "term": "restaurants", "url": "https://www.yelp.com/biz/italian-bite-trattoria-civic-pty-ltd-canberra?adjust_creative=92p07_JjKyriZTQxAXRiKQ&utm_campaign=yelp_api_v3&utm_medium=api_v3_business_lookup&utm_source=92p07_JjKyriZTQxAXRiKQ", "categories": [{"alias": "cafes", "title": "Cafes"}], "location": {"address3": null, "zip_code": "2600", "address1": "City Markets Shp A06/ Bunda St", "state": "ACT", "city": "Canberra", "address2": null, "country": "AU"}, "is_closed": false, "phone": "+61262570602", "image_url": "", "name": "Italian Bite Trattoria Civic Pty Ltd"}