{"id": "mcdonalds-canberra", "rating": 0.0, "coordinates": {"longitude": 149.13073, "latitude": -35.27899}, "is_claimed": true, "hours": [{"is_open_now": true, "open": [{"is_overnight": false, "day": 0, "start": "0800", "end": "1800"}, {"is_overnight": false, "day": 1, "start": "0800", "end": "1800"}, {"is_overnight": false, "day": 2, "start": "0800", "end": "1800"}, {"is_overnight": false, "day": 3, "start": "0800", "end": "2100"}, {"is_overnight": false, "day": 4, "start": "0800", "end": "1800"}, {"is_overnight": false, "day": 5, "start": "0800", "end": "1800"}, {"is_overnight": false, "day": 6, "start": "0900", "end": "1700"}], "hours_type": "REGULAR"}], "photos": [], "review_count": 0, "term": "restaurants", "url": "https://www.yelp.com/biz/mcdonalds-canberra?adjust_creative=92p07_JjKyriZTQxAXRiKQ&utm_campaign=yelp_api_v3&utm_medium=api_v3_business_lookup&utm_source=92p07_JjKyriZTQxAXRiKQ", "categories": [{"title": "Burgers", "alias": "burgers"}, {"title": "Fast Food", "alias": "hotdogs"}], "image_url": "", "is_closed": false, "phone": "+61262491867", "location": {"address3": null, "zip_code": "2600", "address1": "34 East Row", "state": "ACT", "city": "Canberra", "address2": null, "country": "AU"}, "name": "McDonald's"}