{"id": "oriental-kitchen-canberra", "rating": 5.0, "coordinates": {"longitude": 149.1323242, "latitude": -35.2782135}, "is_claimed": false, "photos": [], "review_count": 1, "term": "restaurants", "url": "https://www.yelp.com/biz/oriental-kitchen-canberra?adjust_creative=92p07_JjKyriZTQxAXRiKQ&utm_campaign=yelp_api_v3&utm_medium=api_v3_business_lookup&utm_source=92p07_JjKyriZTQxAXRiKQ", "categories": [{"alias": "restaurants", "title": "Restaurants"}], "location": {"address3": null, "zip_code": "2600", "address1": "88 Garema Pl", "state": "ACT", "city": "Canberra", "address2": null, "country": "AU"}, "is_closed": false, "phone": "+61262487868", "image_url": "", "name": "Oriental Kitchen"}