{"id": "smoque-canberra", "rating": 3.5, "coordinates": {"longitude": 149.1307068, "latitude": -35.2797203}, "is_claimed": true, "photos": ["https://s3-media1.fl.yelpcdn.com/bphoto/DBvMoo2q6i7lZAX76LZB5Q/o.jpg", "https://s3-media1.fl.yelpcdn.com/bphoto/pDCIpV6j6DV7OAF8T_oMFQ/o.jpg", "https://s3-media3.fl.yelpcdn.com/bphoto/jcbaxa56lvsGwox68JCdmw/o.jpg"], "review_count": 12, "price": "$$", "term": "restaurants", "url": "https://www.yelp.com/biz/smoque-canberra?adjust_creative=92p07_JjKyriZTQxAXRiKQ&utm_campaign=yelp_api_v3&utm_medium=api_v3_business_lookup&utm_source=92p07_JjKyriZTQxAXRiKQ", "categories": [{"alias": "burgers", "title": "Burgers"}, {"alias": "tradamerican", "title": "American (Traditional)"}], "location": {"address3": "", "zip_code": "2600", "address1": "2, 131 London Circuit", "address2": "", "city": "Canberra", "state": "ACT", "country": "AU"}, "is_closed": false, "phone": "+61261623350", "image_url": "https://s3-media3.fl.yelpcdn.com/bphoto/DBvMoo2q6i7lZAX76LZB5Q/o.jpg", "name": "Smoque"}