{"id": "starbucks-coffee-company-australia-canberra", "rating": 0.0, "coordinates": {"longitude": 149.1316071, "latitude": -35.2791023}, "is_claimed": false, "photos": [], "review_count": 0, "term": "restaurants", "url": "https://www.yelp.com/biz/starbucks-coffee-company-australia-canberra?adjust_creative=92p07_JjKyriZTQxAXRiKQ&utm_campaign=yelp_api_v3&utm_medium=api_v3_business_lookup&utm_source=92p07_JjKyriZTQxAXRiKQ", "categories": [{"alias": "cafes", "title": "Cafes"}], "location": {"address3": null, "zip_code": "2600", "address1": "200 City Walk", "state": "ACT", "city": "Canberra", "address2": null, "country": "AU"}, "is_closed": false, "phone": "+61262300820", "image_url": "", "name": "Starbucks Coffee Company Australia"}