{"id": "curtin-milk-bar-and-pizza-curtin", "rating": 4.5, "coordinates": {"longitude": 149.082962, "latitude": -35.3256607}, "is_claimed": false, "photos": ["https://s3-media4.fl.yelpcdn.com/bphoto/ZYGf4Mr4W8rGA1qgtvOUjA/o.jpg"], "review_count": 2, "price": "$$", "term": "restaurants", "url": "https://www.yelp.com/biz/curtin-milk-bar-and-pizza-curtin?adjust_creative=92p07_JjKyriZTQxAXRiKQ&utm_campaign=yelp_api_v3&utm_medium=api_v3_business_lookup&utm_source=92p07_JjKyriZTQxAXRiKQ", "categories": [{"alias": "hotdogs", "title": "Fast Food"}, {"alias": "coffee", "title": "Coffee & Tea"}], "location": {"address3": null, "zip_code": "2605", "address1": "Curtin Pl", "state": "ACT", "city": "Curtin", "address2": null, "country": "AU"}, "is_closed": false, "phone": "+61262813604", "image_url": "https://s3-media3.fl.yelpcdn.com/bphoto/ZYGf4Mr4W8rGA1qgtvOUjA/o.jpg", "name": "Curtin Milk Bar & Pizza"}