{"id": "the-hungry-buddha-curtin-2", "rating": 0.0, "coordinates": {"longitude": 149.082315523776, "latitude": -35.325356643257}, "is_claimed": true, "hours": [{"is_open_now": false, "open": [{"is_overnight": false, "day": 0, "start": "1800", "end": "2230"}, {"is_overnight": false, "day": 1, "start": "1800", "end": "2230"}, {"is_overnight": false, "day": 2, "start": "1800", "end": "2230"}, {"is_overnight": false, "day": 3, "start": "1800", "end": "2230"}, {"is_overnight": false, "day": 4, "start": "1800", "end": "2230"}, {"is_overnight": false, "day": 5, "start": "1800", "end": "2230"}, {"is_overnight": false, "day": 6, "start": "1800", "end": "2230"}], "hours_type": "REGULAR"}], "photos": ["https://s3-media3.fl.yelpcdn.com/bphoto/yMU-DJXy0qMjMY1iwCQI0A/o.jpg", "https://s3-media2.fl.yelpcdn.com/bphoto/flMpzE9-E9AptXasWc_eLQ/o.jpg", "https://s3-media1.fl.yelpcdn.com/bphoto/skI2jlFuaUQ17_VqKVFgtw/o.jpg"], "review_count": 0, "term": "restaurants", "url": "https://www.yelp.com/biz/the-hungry-buddha-curtin-2?adjust_creative=92p07_JjKyriZTQxAXRiKQ&utm_campaign=yelp_api_v3&utm_medium=api_v3_business_lookup&utm_source=92p07_JjKyriZTQxAXRiKQ", "categories": [{"alias": "indpak", "title": "Indian"}, {"alias": "mongolian", "title": "Mongolian"}, {"alias": "himalayan", "title": "Himalayan/Nepalese"}], "location": {"address3": "", "zip_code": "2605", "address1": "44E Curtin Place", "address2": "", "city": "Curtin", "state": "ACT", "country": "AU"}, "is_closed": false, "phone": "+61262852425", "image_url": "https://s3-media1.fl.yelpcdn.com/bphoto/yMU-DJXy0qMjMY1iwCQI0A/o.jpg", "name": "The Hungry Buddha"}