{"id": "bruce-pizza-and-takeaway-bruce", "rating": 3.5, "coordinates": {"longitude": 149.0927709, "latitude": -35.2412635}, "is_claimed": false, "hours": [{"is_open_now": true, "open": [{"is_overnight": false, "day": 0, "start": "0900", "end": "2000"}, {"is_overnight": false, "day": 1, "start": "0900", "end": "2000"}, {"is_overnight": false, "day": 2, "start": "0900", "end": "2000"}, {"is_overnight": false, "day": 3, "start": "0900", "end": "2000"}, {"is_overnight": false, "day": 4, "start": "0900", "end": "2100"}, {"is_overnight": false, "day": 5, "start": "0900", "end": "2100"}, {"is_overnight": false, "day": 6, "start": "0900", "end": "2000"}], "hours_type": "REGULAR"}], "photos": [], "review_count": 3, "term": "restaurants", "url": "https://www.yelp.com/biz/bruce-pizza-and-takeaway-bruce?adjust_creative=92p07_JjKyriZTQxAXRiKQ&utm_campaign=yelp_api_v3&utm_medium=api_v3_business_lookup&utm_source=92p07_JjKyriZTQxAXRiKQ", "categories": [{"alias": "pizza", "title": "Pizza"}], "location": {"address3": "", "zip_code": "2617", "address1": "Shop 123", "address2": "10 Thynne St", "city": "Bruce", "state": "ACT", "country": "AU"}, "is_closed": false, "phone": "+61262511866", "image_url": "", "name": "bruce pizza and takeaway"}