{"id": "cafe-momo-bruce-2", "rating": 4.0, "coordinates": {"longitude": 149.0937042, "latitude": -35.239399}, "is_claimed": false, "photos": [], "review_count": 3, "term": "restaurants", "url": "https://www.yelp.com/biz/cafe-momo-bruce-2?adjust_creative=92p07_JjKyriZTQxAXRiKQ&utm_campaign=yelp_api_v3&utm_medium=api_v3_business_lookup&utm_source=92p07_JjKyriZTQxAXRiKQ", "categories": [{"alias": "cafes", "title": "Cafes"}, {"alias": "catering", "title": "Caterers"}], "location": {"address3": null, "zip_code": "2617", "address1": "Thynne St", "address2": null, "city": "Bruce", "state": "ACT", "country": "AU"}, "is_closed": false, "phone": "+61262534964", "image_url": "", "name": "Cafe Momo"}