{"id": "ellacure-bruce", "rating": 4.0, "coordinates": {"longitude": 149.098158606329, "latitude": -35.2469933197946}, "is_claimed": false, "photos": ["https://s3-media4.fl.yelpcdn.com/bphoto/pyFHD-uiTVtis4FvtbjCHA/o.jpg"], "review_count": 2, "term": "restaurants", "url": "https://www.yelp.com/biz/ellacure-bruce?adjust_creative=92p07_JjKyriZTQxAXRiKQ&utm_campaign=yelp_api_v3&utm_medium=api_v3_business_lookup&utm_source=92p07_JjKyriZTQxAXRiKQ", "categories": [{"title": "Wine Bars", "alias": "wine_bars"}], "location": {"address3": null, "zip_code": "2617", "address1": "Braybrooke St", "address2": null, "city": "Bruce", "state": "ACT", "country": "AU"}, "is_closed": false, "phone": "+61262510990", "image_url": "https://s3-media1.fl.yelpcdn.com/bphoto/pyFHD-uiTVtis4FvtbjCHA/o.jpg", "name": "Ellacure"}