{"price": "$$", "rating": 2.0, "coordinates": {"longitude": 149.098805, "latitude": -35.2455914}, "is_claimed": true, "hours": [{"is_open_now": false, "open": [{"is_overnight": false, "end": "1500", "start": "1100", "day": 1}, {"is_overnight": false, "end": "2100", "start": "1730", "day": 1}, {"is_overnight": false, "end": "1500", "start": "1100", "day": 2}, {"is_overnight": false, "end": "2100", "start": "1730", "day": 2}, {"is_overnight": false, "end": "1500", "start": "1100", "day": 3}, {"is_overnight": false, "end": "2100", "start": "1730", "day": 3}, {"is_overnight": false, "end": "1500", "start": "1100", "day": 4}, {"is_overnight": false, "end": "2130", "start": "1730", "day": 4}, {"is_overnight": false, "end": "1500", "start": "1100", "day": 5}, {"is_overnight": false, "end": "2230", "start": "1730", "day": 5}, {"is_overnight": false, "end": "1500", "start": "0900", "day": 6}, {"is_overnight": false, "end": "2100", "start": "1730", "day": 6}], "hours_type": "REGULAR"}], "photos": ["https://s3-media4.fl.yelpcdn.com/bphoto/8ITQ89EBJevJFCqpfyF_dA/o.jpg"], "review_count": 1, "id": "seasalt-dining-bruce-2", "term": "restaurants", "url": "https://www.yelp.com/biz/seasalt-dining-bruce-2?adjust_creative=92p07_JjKyriZTQxAXRiKQ&utm_campaign=yelp_api_v3&utm_medium=api_v3_business_lookup&utm_source=92p07_JjKyriZTQxAXRiKQ", "categories": [{"alias": "seafood", "title": "Seafood"}, {"alias": "steak", "title": "Steakhouses"}], "location": {"address3": null, "zip_code": "2617", "address1": "15 Braybrooke St", "state": "ACT", "city": "Bruce", "address2": null, "country": "AU"}, "is_closed": false, "phone": "+61261621617", "image_url": "https://s3-media1.fl.yelpcdn.com/bphoto/8ITQ89EBJevJFCqpfyF_dA/o.jpg", "name": "Seasalt Dining"}