{"id": "canberra-train-station-canberra", "rating": 0.0, "coordinates": {"longitude": 149.1453706, "latitude": -35.3158464}, "is_claimed": false, "photos": ["https://s3-media2.fl.yelpcdn.com/bphoto/Ihxqo8qcpbG7cACher-JVQ/o.jpg"], "review_count": 0, "term": "hotels", "url": "https://www.yelp.com/biz/canberra-train-station-canberra?adjust_creative=92p07_JjKyriZTQxAXRiKQ&utm_campaign=yelp_api_v3&utm_medium=api_v3_business_lookup&utm_source=92p07_JjKyriZTQxAXRiKQ", "categories": [{"alias": "trainstations", "title": "Train Stations"}], "location": {"address3": "", "zip_code": "2604", "address1": "Wentworth Ave", "address2": "Kingston", "city": "Canberra", "state": "ACT", "country": "AU"}, "is_closed": false, "phone": "+61132232", "image_url": "https://s3-media2.fl.yelpcdn.com/bphoto/Ihxqo8qcpbG7cACher-JVQ/o.jpg", "name": "Canberra Train Station"}