{"id": "canberra-limo-canberra", "rating": 5.0, "coordinates": {"longitude": 149.145775, "latitude": -35.330505}, "is_claimed": true, "hours": [{"is_open_now": true, "open": [{"is_overnight": true, "day": 0, "start": "0600", "end": "0600"}, {"is_overnight": true, "day": 1, "start": "0600", "end": "0600"}, {"is_overnight": true, "day": 2, "start": "0600", "end": "0600"}, {"is_overnight": true, "day": 3, "start": "0600", "end": "0600"}, {"is_overnight": true, "day": 4, "start": "0600", "end": "0600"}, {"is_overnight": true, "day": 5, "start": "0600", "end": "0600"}, {"is_overnight": true, "day": 6, "start": "0600", "end": "0600"}], "hours_type": "REGULAR"}], "photos": ["https://s3-media2.fl.yelpcdn.com/bphoto/cTNeQqq-rwXS85u4sJr27w/o.jpg", "https://s3-media4.fl.yelpcdn.com/bphoto/KMwXW8XYpOxLhuZcTMvxMQ/o.jpg", "https://s3-media2.fl.yelpcdn.com/bphoto/MnJWIVokLqHlBilxH5z7BQ/o.jpg"], "review_count": 1, "term": "hotels", "url": "https://www.yelp.com/biz/canberra-limo-canberra?adjust_creative=92p07_JjKyriZTQxAXRiKQ&utm_campaign=yelp_api_v3&utm_medium=api_v3_business_lookup&utm_source=92p07_JjKyriZTQxAXRiKQ", "categories": [{"alias": "limos", "title": "Limos"}], "location": {"address3": "", "zip_code": "2604", "address1": "18 Bayley St", "address2": "Narrabundah", "city": "Canberra", "state": "ACT", "country": "AU"}, "is_closed": false, "phone": "+61283104337", "image_url": "https://s3-media4.fl.yelpcdn.com/bphoto/cTNeQqq-rwXS85u4sJr27w/o.jpg", "name": "Canberra Limo"}