{"id": "harmonie-german-club-inc-narrabundah", "rating": 3.0, "coordinates": {"longitude": 149.15139, "latitude": -35.33898}, "is_claimed": false, "photos": ["https://s3-media3.fl.yelpcdn.com/bphoto/hRlYfdrggDlcf0h3PEid6g/o.jpg", "https://s3-media3.fl.yelpcdn.com/bphoto/AEECGLeSw7NYBOnu2NONEA/o.jpg", "https://s3-media2.fl.yelpcdn.com/bphoto/UhFsRJPm-grUwaCGbVy_mA/o.jpg"], "review_count": 1, "term": "restaurants", "url": "https://www.yelp.com/biz/harmonie-german-club-inc-narrabundah?adjust_creative=92p07_JjKyriZTQxAXRiKQ&utm_campaign=yelp_api_v3&utm_medium=api_v3_business_lookup&utm_source=92p07_JjKyriZTQxAXRiKQ", "categories": [{"alias": "german", "title": "German"}], "location": {"address3": null, "zip_code": "2604", "address1": "49 Jerrabomberra Ave", "state": "ACT", "city": "Narrabundah", "address2": null, "country": "AU"}, "is_closed": false, "phone": "+61262959853", "image_url": "https://s3-media1.fl.yelpcdn.com/bphoto/hRlYfdrggDlcf0h3PEid6g/o.jpg", "name": "Harmonie German Club Inc"}