{"id": "kashmir-house-narrabundah-2", "rating": 5.0, "coordinates": {"longitude": 149.1541748, "latitude": -35.3324814}, "is_claimed": false, "photos": ["https://s3-media2.fl.yelpcdn.com/bphoto/9SqCHR3YWLXToLCXlAVK2Q/o.jpg", "https://s3-media3.fl.yelpcdn.com/bphoto/hFRfTuOraYxkbD6LvmGjUQ/o.jpg"], "review_count": 4, "term": "restaurants", "url": "https://www.yelp.com/biz/kashmir-house-narrabundah-2?adjust_creative=92p07_JjKyriZTQxAXRiKQ&utm_campaign=yelp_api_v3&utm_medium=api_v3_business_lookup&utm_source=92p07_JjKyriZTQxAXRiKQ", "categories": [{"alias": "restaurants", "title": "Restaurants"}], "location": {"address3": null, "zip_code": "2604", "address1": "2 Iluka St", "address2": null, "city": "Narrabundah", "state": "ACT", "country": "AU"}, "is_closed": false, "phone": "+61262957080", "image_url": "https://s3-media1.fl.yelpcdn.com/bphoto/9SqCHR3YWLXToLCXlAVK2Q/o.jpg", "name": "Kashmir House"}