{"id": "mtns-to-coast-motorcycle-tours-and-rentals-australia-kaleen", "rating": 0.0, "coordinates": {"longitude": 149.08977, "latitude": -35.22816}, "is_claimed": false, "photos": [], "review_count": 0, "term": "hotels", "url": "https://www.yelp.com/biz/mtns-to-coast-motorcycle-tours-and-rentals-australia-kaleen?adjust_creative=92p07_JjKyriZTQxAXRiKQ&utm_campaign=yelp_api_v3&utm_medium=api_v3_business_lookup&utm_source=92p07_JjKyriZTQxAXRiKQ", "categories": [{"alias": "tours", "title": "Tours"}], "location": {"address3": null, "zip_code": "2617", "address1": "", "address2": null, "city": "Kaleen", "state": "ACT", "country": "AU"}, "is_closed": false, "phone": "", "image_url": "", "name": "Mtns To Coast Motorcycle Tours & Rentals Australia"}