{"id": "chomolungma-nepali-cuisine-griffith", "rating": 4.0, "coordinates": {"longitude": 149.13216, "latitude": -35.32024}, "is_claimed": false, "hours": [{"is_open_now": false, "open": [{"is_overnight": false, "day": 0, "start": "1100", "end": "1400"}, {"is_overnight": false, "day": 0, "start": "1700", "end": "2130"}, {"is_overnight": false, "day": 1, "start": "1100", "end": "1400"}, {"is_overnight": false, "day": 1, "start": "1700", "end": "2130"}, {"is_overnight": false, "day": 2, "start": "1100", "end": "1400"}, {"is_overnight": false, "day": 2, "start": "1700", "end": "2130"}, {"is_overnight": false, "day": 3, "start": "1100", "end": "1400"}, {"is_overnight": false, "day": 3, "start": "1700", "end": "2130"}, {"is_overnight": false, "day": 4, "start": "1100", "end": "1400"}, {"is_overnight": false, "day": 4, "start": "1700", "end": "2130"}, {"is_overnight": false, "day": 5, "start": "1700", "end": "2130"}, {"is_overnight": false, "day": 6, "start": "1700", "end": "2130"}], "hours_type": "REGULAR"}], "photos": ["https://s3-media4.fl.yelpcdn.com/bphoto/yaDqXkYKQ1mDdM-G7QaDbg/o.jpg", "https://s3-media3.fl.yelpcdn.com/bphoto/mKEGBQnXirMU5qxqCo5jkg/o.jpg", "https://s3-media3.fl.yelpcdn.com/bphoto/TSQwJAK_Nm4ak9Fiykxaaw/o.jpg"], "review_count": 1, "term": "restaurants", "url": "https://www.yelp.com/biz/chomolungma-nepali-cuisine-griffith?adjust_creative=92p07_JjKyriZTQxAXRiKQ&utm_campaign=yelp_api_v3&utm_medium=api_v3_business_lookup&utm_source=92p07_JjKyriZTQxAXRiKQ", "categories": [{"alias": "himalayan", "title": "Himalayan/Nepalese"}], "location": {"address3": "", "zip_code": "2603", "address1": "38 Palmerston Lane", "address2": "Manuka", "city": "Griffith", "state": "ACT", "country": "AU"}, "is_closed": false, "phone": "+61450317346", "image_url": "https://s3-media1.fl.yelpcdn.com/bphoto/yaDqXkYKQ1mDdM-G7QaDbg/o.jpg", "name": "Chomolungma Nepali Cuisine"}