{"id": "griffith-vietnamese-restaurant-griffith", "rating": 3.5, "coordinates": {"longitude": 149.142746, "latitude": -35.3282394}, "is_claimed": false, "photos": ["https://s3-media4.fl.yelpcdn.com/bphoto/lcOsuJjtgnv4RYHIpl28cw/o.jpg", "https://s3-media2.fl.yelpcdn.com/bphoto/uqgiQat2CNLIHBdctG4EiA/o.jpg", "https://s3-media3.fl.yelpcdn.com/bphoto/Ry_XOUM5Xgo_gmNz0OwlQw/o.jpg"], "review_count": 4, "price": "$$", "term": "restaurants", "url": "https://www.yelp.com/biz/griffith-vietnamese-restaurant-griffith?adjust_creative=92p07_JjKyriZTQxAXRiKQ&utm_campaign=yelp_api_v3&utm_medium=api_v3_business_lookup&utm_source=92p07_JjKyriZTQxAXRiKQ", "categories": [{"title": "Restaurants", "alias": "restaurants"}], "location": {"address3": null, "zip_code": "2603", "address1": "6 Barker St", "address2": null, "city": "Griffith", "state": "ACT", "country": "AU"}, "is_closed": false, "phone": "+61262956505", "image_url": "https://s3-media2.fl.yelpcdn.com/bphoto/lcOsuJjtgnv4RYHIpl28cw/o.jpg", "name": "Griffith Vietnamese Restaurant"}