{"price": "$$", "rating": 3.5, "coordinates": {"longitude": 149.13249, "latitude": -35.31985}, "is_claimed": false, "hours": [{"is_open_now": true, "open": [{"is_overnight": false, "day": 0, "start": "1100", "end": "2130"}, {"is_overnight": false, "day": 1, "start": "1100", "end": "2130"}, {"is_overnight": false, "day": 2, "start": "1100", "end": "2130"}, {"is_overnight": false, "day": 3, "start": "1100", "end": "2200"}, {"is_overnight": false, "day": 4, "start": "1100", "end": "2200"}, {"is_overnight": false, "day": 5, "start": "1100", "end": "2200"}, {"is_overnight": false, "day": 6, "start": "1100", "end": "2200"}], "hours_type": "REGULAR"}], "photos": ["https://s3-media2.fl.yelpcdn.com/bphoto/GVV3ka2Qik7rQa-KvJBILw/o.jpg", "https://s3-media2.fl.yelpcdn.com/bphoto/qYtoUiy0lXs4GoDrBReQWg/o.jpg", "https://s3-media4.fl.yelpcdn.com/bphoto/mICJRWehgeQdaKo_0fvXNA/o.jpg"], "review_count": 3, "id": "grilld-healthy-burgers-griffith", "term": "restaurants", "url": "https://www.yelp.com/biz/grilld-healthy-burgers-griffith?adjust_creative=92p07_JjKyriZTQxAXRiKQ&utm_campaign=yelp_api_v3&utm_medium=api_v3_business_lookup&utm_source=92p07_JjKyriZTQxAXRiKQ", "categories": [{"alias": "burgers", "title": "Burgers"}], "location": {"address3": null, "zip_code": "2603", "address1": "40 Franklin St", "state": "ACT", "city": "Griffith", "address2": null, "country": "AU"}, "is_closed": false, "phone": "+61262396111", "image_url": "https://s3-media3.fl.yelpcdn.com/bphoto/GVV3ka2Qik7rQa-KvJBILw/o.jpg", "name": "Grill'd Healthy Burgers"}