{"price": "$$", "rating": 4.5, "coordinates": {"longitude": 149.137, "latitude": -35.31955}, "is_claimed": false, "hours": [{"is_open_now": true, "open": [{"is_overnight": false, "day": 0, "start": "1200", "end": "0000"}, {"is_overnight": false, "day": 1, "start": "1200", "end": "0000"}, {"is_overnight": false, "day": 2, "start": "1200", "end": "0000"}, {"is_overnight": false, "day": 3, "start": "1200", "end": "0000"}, {"is_overnight": false, "day": 4, "start": "1200", "end": "0000"}, {"is_overnight": false, "day": 5, "start": "1200", "end": "0000"}, {"is_overnight": false, "day": 6, "start": "1200", "end": "0000"}], "hours_type": "REGULAR"}], "photos": ["https://s3-media3.fl.yelpcdn.com/bphoto/5LW69MQ6pyf5eLaftrcAPg/o.jpg", "https://s3-media3.fl.yelpcdn.com/bphoto/smYLgoGa80Bw8MWOeLTZKw/o.jpg", "https://s3-media3.fl.yelpcdn.com/bphoto/6HDIAuDp_hpCc4-u0aVWPA/o.jpg"], "review_count": 2, "id": "joes-bar-griffith", "term": "restaurants", "url": "https://www.yelp.com/biz/joes-bar-griffith?adjust_creative=92p07_JjKyriZTQxAXRiKQ&utm_campaign=yelp_api_v3&utm_medium=api_v3_business_lookup&utm_source=92p07_JjKyriZTQxAXRiKQ", "categories": [{"alias": "italian", "title": "Italian"}], "location": {"address3": "", "zip_code": "2603", "address1": "69 Canberra Ave", "address2": "", "city": "Griffith", "state": "ACT", "country": "AU"}, "is_closed": false, "phone": "+61261780050", "image_url": "https://s3-media1.fl.yelpcdn.com/bphoto/5LW69MQ6pyf5eLaftrcAPg/o.jpg", "name": "Joe's Bar"}