{"price": "$$", "rating": 4.5, "coordinates": {"longitude": 149.1379242, "latitude": -35.3197899}, "is_claimed": false, "hours": [{"is_open_now": false, "open": [{"is_overnight": false, "end": "1500", "start": "1200", "day": 0}, {"is_overnight": false, "end": "2100", "start": "1800", "day": 0}, {"is_overnight": false, "end": "1500", "start": "1200", "day": 1}, {"is_overnight": false, "end": "2100", "start": "1800", "day": 1}, {"is_overnight": false, "end": "1500", "start": "1200", "day": 2}, {"is_overnight": false, "end": "2100", "start": "1800", "day": 2}, {"is_overnight": false, "end": "1500", "start": "1200", "day": 3}, {"is_overnight": false, "end": "2100", "start": "1800", "day": 3}, {"is_overnight": false, "end": "1500", "start": "1200", "day": 4}, {"is_overnight": false, "end": "2100", "start": "1800", "day": 4}, {"is_overnight": false, "end": "2100", "start": "1200", "day": 5}, {"is_overnight": false, "end": "1500", "start": "1200", "day": 6}, {"is_overnight": false, "end": "2100", "start": "1800", "day": 6}], "hours_type": "REGULAR"}], "photos": ["https://s3-media3.fl.yelpcdn.com/bphoto/-silJSsPXBVTvJPny1ONDw/o.jpg", "https://s3-media4.fl.yelpcdn.com/bphoto/IVoml_E9vcczP9eNoKUu6Q/o.jpg", "https://s3-media4.fl.yelpcdn.com/bphoto/rKBevabVoo7r4xOAn7kR2Q/o.jpg"], "review_count": 2, "id": "kingston-hotel-bistro-griffith", "term": "restaurants", "url": "https://www.yelp.com/biz/kingston-hotel-bistro-griffith?adjust_creative=92p07_JjKyriZTQxAXRiKQ&utm_campaign=yelp_api_v3&utm_medium=api_v3_business_lookup&utm_source=92p07_JjKyriZTQxAXRiKQ", "categories": [{"title": "Bistros", "alias": "bistros"}], "image_url": "https://s3-media2.fl.yelpcdn.com/bphoto/-silJSsPXBVTvJPny1ONDw/o.jpg", "is_closed": false, "phone": "+61262950123", "location": {"address3": null, "zip_code": "2603", "address1": "73 Canberra Ave", "address2": null, "city": "Griffith", "state": "ACT", "country": "AU"}, "name": "Kingston Hotel Bistro"}