{"id": "muse-griffith", "rating": 4.5, "coordinates": {"longitude": 149.137239647725, "latitude": -35.3196052541531}, "is_claimed": false, "hours": [{"is_open_now": true, "open": [{"is_overnight": false, "day": 0, "start": "0630", "end": "2230"}, {"is_overnight": false, "day": 1, "start": "0630", "end": "2230"}, {"is_overnight": false, "day": 2, "start": "0630", "end": "2230"}, {"is_overnight": false, "day": 3, "start": "0630", "end": "2230"}, {"is_overnight": false, "day": 4, "start": "0630", "end": "0000"}, {"is_overnight": false, "day": 5, "start": "0700", "end": "0000"}, {"is_overnight": false, "day": 6, "start": "0700", "end": "1800"}], "hours_type": "REGULAR"}], "photos": ["https://s3-media1.fl.yelpcdn.com/bphoto/c8sQ7AooAzEgk5h32SLkUA/o.jpg", "https://s3-media3.fl.yelpcdn.com/bphoto/xECb-CTf56ORlLaesvXLwA/o.jpg", "https://s3-media3.fl.yelpcdn.com/bphoto/uttSDhmLn6YZqNTSsM4wxQ/o.jpg"], "review_count": 2, "price": "$$", "term": "restaurants", "url": "https://www.yelp.com/biz/muse-griffith?adjust_creative=92p07_JjKyriZTQxAXRiKQ&utm_campaign=yelp_api_v3&utm_medium=api_v3_business_lookup&utm_source=92p07_JjKyriZTQxAXRiKQ", "categories": [{"alias": "cafes", "title": "Cafes"}, {"alias": "breakfast_brunch", "title": "Breakfast & Brunch"}, {"alias": "modern_australian", "title": "Modern Australian"}], "location": {"address3": "", "zip_code": "2603", "address1": "69 Canberra Ave", "address2": "East Hotel", "city": "Griffith", "state": "ACT", "country": "AU"}, "is_closed": false, "phone": "+61261780024", "image_url": "https://s3-media2.fl.yelpcdn.com/bphoto/c8sQ7AooAzEgk5h32SLkUA/o.jpg", "name": "Muse"}