{"id": "my-cafe-manuka-griffith", "rating": 3.5, "coordinates": {"longitude": 149.132854255584, "latitude": -35.3199830395748}, "is_claimed": false, "hours": [{"is_open_now": false, "open": [{"is_overnight": false, "day": 0, "start": "0730", "end": "2130"}, {"is_overnight": false, "day": 1, "start": "0730", "end": "2130"}, {"is_overnight": false, "day": 2, "start": "0730", "end": "2130"}, {"is_overnight": false, "day": 3, "start": "0730", "end": "2200"}, {"is_overnight": false, "day": 4, "start": "0730", "end": "2300"}, {"is_overnight": false, "day": 5, "start": "0730", "end": "2130"}], "hours_type": "REGULAR"}], "photos": ["https://s3-media3.fl.yelpcdn.com/bphoto/t7pP7QV607BrHI3kp9V8PA/o.jpg", "https://s3-media2.fl.yelpcdn.com/bphoto/LKu3HsgbXAHfkC0wo_fY3Q/o.jpg", "https://s3-media1.fl.yelpcdn.com/bphoto/wXxPF1pYgwq6hqUpjbzYTQ/o.jpg"], "review_count": 8, "term": "restaurants", "url": "https://www.yelp.com/biz/my-cafe-manuka-griffith?adjust_creative=92p07_JjKyriZTQxAXRiKQ&utm_campaign=yelp_api_v3&utm_medium=api_v3_business_lookup&utm_source=92p07_JjKyriZTQxAXRiKQ", "categories": [{"alias": "coffee", "title": "Coffee & Tea"}, {"alias": "breakfast_brunch", "title": "Breakfast & Brunch"}], "location": {"address3": "", "zip_code": "2603", "address1": "Manuka Arcade", "address2": "1/22-30 Franklin St", "city": "Griffith", "state": "ACT", "country": "AU"}, "is_closed": false, "phone": "+61262956632", "image_url": "https://s3-media2.fl.yelpcdn.com/bphoto/t7pP7QV607BrHI3kp9V8PA/o.jpg", "name": "My Cafe Manuka"}