{"price": "$$$", "rating": 4.0, "coordinates": {"longitude": 149.1369934, "latitude": -35.3195496}, "is_claimed": false, "photos": ["https://s3-media4.fl.yelpcdn.com/bphoto/06P7fI3HrmtcZxp94EBFrg/o.jpg"], "review_count": 6, "id": "ox-eatery-bar-and-deli-east-hotel-griffith", "term": "restaurants", "url": "https://www.yelp.com/biz/ox-eatery-bar-and-deli-east-hotel-griffith?adjust_creative=92p07_JjKyriZTQxAXRiKQ&utm_campaign=yelp_api_v3&utm_medium=api_v3_business_lookup&utm_source=92p07_JjKyriZTQxAXRiKQ", "categories": [{"alias": "australian", "title": "Australian"}], "location": {"address3": "", "zip_code": "2603", "address1": "69 Canberra Ave", "state": "ACT", "city": "Griffith", "address2": "", "country": "AU"}, "is_closed": false, "phone": "+61261780041", "image_url": "https://s3-media3.fl.yelpcdn.com/bphoto/06P7fI3HrmtcZxp94EBFrg/o.jpg", "name": "Ox Eatery, Bar & Deli @ East Hotel"}