{"id": "rubicon-restaurant-griffith", "rating": 4.0, "coordinates": {"longitude": 149.142746, "latitude": -35.3282394}, "is_claimed": false, "photos": ["https://s3-media1.fl.yelpcdn.com/bphoto/1S-qlxl8B01HubYwEwY-_A/o.jpg"], "review_count": 1, "term": "restaurants", "url": "https://www.yelp.com/biz/rubicon-restaurant-griffith?adjust_creative=92p07_JjKyriZTQxAXRiKQ&utm_campaign=yelp_api_v3&utm_medium=api_v3_business_lookup&utm_source=92p07_JjKyriZTQxAXRiKQ", "categories": [{"alias": "restaurants", "title": "Restaurants"}], "location": {"address3": null, "zip_code": "2603", "address1": "6A Barker St", "address2": null, "city": "Griffith", "state": "ACT", "country": "AU"}, "is_closed": false, "phone": "+61262959919", "image_url": "https://s3-media3.fl.yelpcdn.com/bphoto/1S-qlxl8B01HubYwEwY-_A/o.jpg", "name": "Rubicon Restaurant"}