{"id": "soi-8-thai-on-griffith-griffith", "rating": 0.0, "coordinates": {"longitude": 149.14289, "latitude": -35.32842}, "is_claimed": false, "hours": [{"is_open_now": false, "open": [{"is_overnight": false, "day": 0, "start": "1730", "end": "2230"}, {"is_overnight": false, "day": 1, "start": "1200", "end": "1430"}, {"is_overnight": false, "day": 1, "start": "1730", "end": "2230"}, {"is_overnight": false, "day": 2, "start": "1200", "end": "1430"}, {"is_overnight": false, "day": 2, "start": "1730", "end": "2230"}, {"is_overnight": false, "day": 3, "start": "1200", "end": "1430"}, {"is_overnight": false, "day": 3, "start": "1730", "end": "2230"}, {"is_overnight": false, "day": 4, "start": "1200", "end": "1430"}, {"is_overnight": false, "day": 4, "start": "1730", "end": "2230"}, {"is_overnight": false, "day": 5, "start": "1730", "end": "2230"}], "hours_type": "REGULAR"}], "photos": ["https://s3-media4.fl.yelpcdn.com/bphoto/7PK0A43l3CwnLzqaoOPs-A/o.jpg"], "review_count": 0, "term": "restaurants", "url": "https://www.yelp.com/biz/soi-8-thai-on-griffith-griffith?adjust_creative=92p07_JjKyriZTQxAXRiKQ&utm_campaign=yelp_api_v3&utm_medium=api_v3_business_lookup&utm_source=92p07_JjKyriZTQxAXRiKQ", "categories": [{"alias": "asianfusion", "title": "Asian Fusion"}, {"alias": "thai", "title": "Thai"}], "location": {"address3": null, "zip_code": "2603", "address1": "8 Barker St", "state": "ACT", "city": "Griffith", "address2": null, "country": "AU"}, "is_closed": false, "phone": "+61262397999", "image_url": "https://s3-media1.fl.yelpcdn.com/bphoto/7PK0A43l3CwnLzqaoOPs-A/o.jpg", "name": "Soi-8 Thai On Griffith"}