{"id": "burgmann-college-accomodation-acton", "rating": 0.0, "coordinates": {"longitude": 149.11934, "latitude": -35.27325}, "is_claimed": false, "photos": [], "review_count": 0, "term": "hotels", "url": "https://www.yelp.com/biz/burgmann-college-accomodation-acton?adjust_creative=92p07_JjKyriZTQxAXRiKQ&utm_campaign=yelp_api_v3&utm_medium=api_v3_business_lookup&utm_source=92p07_JjKyriZTQxAXRiKQ", "categories": [{"alias": "hostels", "title": "Hostels"}], "location": {"address3": null, "zip_code": "2601", "address1": "Building 52", "state": "ACT", "city": "Acton", "address2": "Daley Rd", "country": "AU"}, "is_closed": false, "phone": "+61261256100", "image_url": "", "name": "Burgmann College Accomodation"}