{"id": "telstra-tower-acton", "rating": 2.5, "coordinates": {"longitude": 149.1101227, "latitude": -35.28022}, "is_claimed": false, "photos": ["https://s3-media1.fl.yelpcdn.com/bphoto/3-v8Alkn1fxAvcg3uFM_Vw/o.jpg", "https://s3-media1.fl.yelpcdn.com/bphoto/ft7EXk8UPk-4EfhZtT_7Nw/o.jpg", "https://s3-media2.fl.yelpcdn.com/bphoto/hSrIylCCB6CDCBDI6bYeKw/o.jpg"], "review_count": 3, "term": "hotels", "url": "https://www.yelp.com/biz/telstra-tower-acton?adjust_creative=92p07_JjKyriZTQxAXRiKQ&utm_campaign=yelp_api_v3&utm_medium=api_v3_business_lookup&utm_source=92p07_JjKyriZTQxAXRiKQ", "categories": [{"alias": "travelservices", "title": "Travel Services"}], "location": {"address3": null, "zip_code": "2601", "address1": "Black Mountain Drv", "state": "ACT", "city": "Acton", "address2": null, "country": "AU"}, "is_closed": false, "phone": "+61262481911", "image_url": "https://s3-media4.fl.yelpcdn.com/bphoto/3-v8Alkn1fxAvcg3uFM_Vw/o.jpg", "name": "Telstra Tower"}