{"id": "canberra-lyneham-motor-inn-lyneham", "rating": 0.0, "coordinates": {"longitude": 149.1292572, "latitude": -35.247921}, "is_claimed": false, "photos": [], "review_count": 0, "term": "hotels", "url": "https://www.yelp.com/biz/canberra-lyneham-motor-inn-lyneham?adjust_creative=92p07_JjKyriZTQxAXRiKQ&utm_campaign=yelp_api_v3&utm_medium=api_v3_business_lookup&utm_source=92p07_JjKyriZTQxAXRiKQ", "categories": [{"alias": "hotels", "title": "Hotels"}], "location": {"address3": null, "zip_code": "2602", "address1": "39 Mouat St", "state": "ACT", "city": "Lyneham", "address2": null, "country": "AU"}, "is_closed": false, "phone": "+61262496855", "image_url": "", "name": "Canberra Lyneham Motor Inn"}