{"id": "gorman-transport-lyneham", "rating": 0.0, "coordinates": {"longitude": 149.125946, "latitude": -35.239399}, "is_claimed": false, "photos": [], "review_count": 0, "term": "hotels", "url": "https://www.yelp.com/biz/gorman-transport-lyneham?adjust_creative=92p07_JjKyriZTQxAXRiKQ&utm_campaign=yelp_api_v3&utm_medium=api_v3_business_lookup&utm_source=92p07_JjKyriZTQxAXRiKQ", "categories": [{"alias": "transport", "title": "Transportation"}], "location": {"address3": null, "zip_code": "2602", "address1": "50 Ellenborough St", "state": "ACT", "city": "Lyneham", "address2": null, "country": "AU"}, "is_closed": false, "phone": "+61421207777", "image_url": "", "name": "Gorman Transport"}