{"id": "morshead-home-aged-care-accommodation-lyneham", "rating": 0.0, "coordinates": {"longitude": 149.1244965, "latitude": -35.2448997}, "is_claimed": false, "photos": [], "review_count": 0, "term": "hotels", "url": "https://www.yelp.com/biz/morshead-home-aged-care-accommodation-lyneham?adjust_creative=92p07_JjKyriZTQxAXRiKQ&utm_campaign=yelp_api_v3&utm_medium=api_v3_business_lookup&utm_source=92p07_JjKyriZTQxAXRiKQ", "categories": [{"alias": "hostels", "title": "Hostels"}], "location": {"address3": null, "zip_code": "2602", "address1": "26 Archibald St", "state": "ACT", "city": "Lyneham", "address2": null, "country": "AU"}, "is_closed": false, "phone": "+61262639500", "image_url": "", "name": "Morshead Home Aged Care Accommodation"}