{"id": "jdd-partners-belconnen", "rating": 0.0, "coordinates": {"longitude": 149.0590973, "latitude": -35.2403183}, "is_claimed": false, "photos": [], "review_count": 0, "term": "hotels", "url": "https://www.yelp.com/biz/jdd-partners-belconnen?adjust_creative=92p07_JjKyriZTQxAXRiKQ&utm_campaign=yelp_api_v3&utm_medium=api_v3_business_lookup&utm_source=92p07_JjKyriZTQxAXRiKQ", "categories": [{"alias": "hotels", "title": "Hotels"}], "location": {"address3": null, "zip_code": "2616", "address1": "2 Cohen St", "address2": null, "city": "Belconnen", "state": "ACT", "country": "AU"}, "is_closed": false, "phone": "+61261560945", "image_url": "", "name": "JDD Partners"}