{"id": "sta-travel-belconnen", "rating": 0.0, "coordinates": {"longitude": 149.063446, "latitude": -35.2394485}, "is_claimed": false, "photos": [], "review_count": 0, "term": "hotels", "url": "https://www.yelp.com/biz/sta-travel-belconnen?adjust_creative=92p07_JjKyriZTQxAXRiKQ&utm_campaign=yelp_api_v3&utm_medium=api_v3_business_lookup&utm_source=92p07_JjKyriZTQxAXRiKQ", "categories": [{"alias": "travelagents", "title": "Travel Agents"}], "location": {"address3": null, "zip_code": "2616", "address1": "Westfield Shopping Mall", "state": "ACT", "city": "Belconnen", "address2": null, "country": "AU"}, "is_closed": false, "phone": "+61262514688", "image_url": "", "name": "Sta Travel"}