{"id": "australian-international-hotel-school-barton", "rating": 0.0, "coordinates": {"longitude": 149.1345062, "latitude": -35.3067207}, "is_claimed": false, "photos": [], "review_count": 0, "term": "hotels", "url": "https://www.yelp.com/biz/australian-international-hotel-school-barton?adjust_creative=92p07_JjKyriZTQxAXRiKQ&utm_campaign=yelp_api_v3&utm_medium=api_v3_business_lookup&utm_source=92p07_JjKyriZTQxAXRiKQ", "categories": [], "location": {"address3": null, "zip_code": "2600", "address1": "Bligh St", "address2": null, "city": "Barton", "state": "ACT", "country": "AU"}, "is_closed": false, "phone": "+61262344400", "image_url": "", "name": "Australian International Hotel School"}