{"id": "hotel-kurrajong-barton", "rating": 0.0, "coordinates": {"longitude": 149.1334381, "latitude": -35.3089485}, "is_claimed": false, "photos": ["https://s3-media3.fl.yelpcdn.com/bphoto/YXfAv1qjxTxyNt0x9OcO5w/o.jpg", "https://s3-media3.fl.yelpcdn.com/bphoto/3---Txdz9N7RAQWEJquRVw/o.jpg", "https://s3-media3.fl.yelpcdn.com/bphoto/7LSdOkvcBzBhuq9hTnFN0w/o.jpg"], "review_count": 0, "term": "hotels", "url": "https://www.yelp.com/biz/hotel-kurrajong-barton?adjust_creative=92p07_JjKyriZTQxAXRiKQ&utm_campaign=yelp_api_v3&utm_medium=api_v3_business_lookup&utm_source=92p07_JjKyriZTQxAXRiKQ", "categories": [{"alias": "venues", "title": "Venues & Event Spaces"}], "location": {"address3": null, "zip_code": "2600", "address1": "National Cct", "state": "ACT", "city": "Barton", "address2": null, "country": "AU"}, "is_closed": false, "phone": "+61262344444", "image_url": "https://s3-media4.fl.yelpcdn.com/bphoto/YXfAv1qjxTxyNt0x9OcO5w/o.jpg", "name": "Hotel Kurrajong"}