{"id": "smartraveller-barton", "rating": 0.0, "coordinates": {"longitude": 149.1312714, "latitude": -35.3104897}, "is_claimed": false, "photos": [], "review_count": 0, "term": "hotels", "url": "https://www.yelp.com/biz/smartraveller-barton?adjust_creative=92p07_JjKyriZTQxAXRiKQ&utm_campaign=yelp_api_v3&utm_medium=api_v3_business_lookup&utm_source=92p07_JjKyriZTQxAXRiKQ", "categories": [{"alias": "travelservices", "title": "Travel Services"}], "location": {"address3": null, "zip_code": "2600", "address1": "John McEwen Crs", "address2": null, "city": "Barton", "state": "ACT", "country": "AU"}, "is_closed": false, "phone": "+61262611111", "image_url": "", "name": "Smartraveller"}