{"id": "lanterne-rooms-campbell", "rating": 5.0, "coordinates": {"longitude": 149.153774752267, "latitude": -35.2894888975059}, "is_claimed": false, "photos": ["https://s3-media2.fl.yelpcdn.com/bphoto/U7xyVGQz6uLsypoYilad-A/o.jpg", "https://s3-media2.fl.yelpcdn.com/bphoto/J59iAJSg9HLVf9YZlHs3VQ/o.jpg", "https://s3-media1.fl.yelpcdn.com/bphoto/to6dF564kmNZI5B5mIoWQw/o.jpg"], "review_count": 1, "price": "$$$", "term": "restaurants", "url": "https://www.yelp.com/biz/lanterne-rooms-campbell?adjust_creative=92p07_JjKyriZTQxAXRiKQ&utm_campaign=yelp_api_v3&utm_medium=api_v3_business_lookup&utm_source=92p07_JjKyriZTQxAXRiKQ", "categories": [{"title": "Australian", "alias": "australian"}], "image_url": "https://s3-media1.fl.yelpcdn.com/bphoto/U7xyVGQz6uLsypoYilad-A/o.jpg", "is_closed": false, "phone": "+61262496889", "location": {"address3": null, "zip_code": "2612", "address1": "3 Blamey Pl", "state": "ACT", "city": "Campbell", "address2": null, "country": "AU"}, "name": "Lanterne Rooms"}