{"id": "leong-kitchen-campbell", "rating": 2.0, "coordinates": {"longitude": 149.1538696, "latitude": -35.2895699}, "is_claimed": false, "photos": ["https://s3-media3.fl.yelpcdn.com/bphoto/cViU--Fr5oWtxcc6T6hfLg/o.jpg", "https://s3-media1.fl.yelpcdn.com/bphoto/EqYNrMs3nywmUTtijtS7yw/o.jpg", "https://s3-media4.fl.yelpcdn.com/bphoto/vFOAuI0Y7nHcLzYyiFR9VQ/o.jpg"], "review_count": 1, "term": "restaurants", "url": "https://www.yelp.com/biz/leong-kitchen-campbell?adjust_creative=92p07_JjKyriZTQxAXRiKQ&utm_campaign=yelp_api_v3&utm_medium=api_v3_business_lookup&utm_source=92p07_JjKyriZTQxAXRiKQ", "categories": [{"alias": "hotdogs", "title": "Fast Food"}], "location": {"address3": null, "zip_code": "2612", "address1": "7 Blamey Pl", "state": "ACT", "city": "Campbell", "address2": null, "country": "AU"}, "is_closed": false, "phone": "+61262575553", "image_url": "https://s3-media4.fl.yelpcdn.com/bphoto/cViU--Fr5oWtxcc6T6hfLg/o.jpg", "name": "Leong Kitchen"}