{"id": "big-splash-waterpark-macquarie", "rating": 5.0, "coordinates": {"longitude": 149.0692749, "latitude": -35.2515984}, "is_claimed": false, "photos": ["https://s3-media2.fl.yelpcdn.com/bphoto/gdPqNFC1Hh0C6CxOwnZHVA/o.jpg"], "review_count": 1, "term": "hotels", "url": "https://www.yelp.com/biz/big-splash-waterpark-macquarie?adjust_creative=92p07_JjKyriZTQxAXRiKQ&utm_campaign=yelp_api_v3&utm_medium=api_v3_business_lookup&utm_source=92p07_JjKyriZTQxAXRiKQ", "categories": [{"alias": "travelservices", "title": "Travel Services"}, {"alias": "swimmingpools", "title": "Swimming Pools"}], "location": {"address3": null, "zip_code": "2614", "address1": "1 Catchpole St", "state": "ACT", "city": "Macquarie", "address2": null, "country": "AU"}, "is_closed": false, "phone": "+61262511144", "image_url": "https://s3-media2.fl.yelpcdn.com/bphoto/gdPqNFC1Hh0C6CxOwnZHVA/o.jpg", "name": "Big Splash Waterpark"}