{"id": "himalayan-affair-international-macquarie", "rating": 0.0, "coordinates": {"longitude": 149.0677643, "latitude": -35.2548599}, "is_claimed": false, "photos": [], "review_count": 0, "term": "hotels", "url": "https://www.yelp.com/biz/himalayan-affair-international-macquarie?adjust_creative=92p07_JjKyriZTQxAXRiKQ&utm_campaign=yelp_api_v3&utm_medium=api_v3_business_lookup&utm_source=92p07_JjKyriZTQxAXRiKQ", "categories": [{"alias": "travelservices", "title": "Travel Services"}], "location": {"address3": null, "zip_code": "2614", "address1": "6 Collits Pl", "state": "ACT", "city": "Macquarie", "address2": null, "country": "AU"}, "is_closed": false, "phone": "+61262510757", "image_url": "", "name": "Himalayan Affair International"}