{"id": "kokoro-gungahlin", "rating": 4.0, "coordinates": {"longitude": 149.135291129351, "latitude": -35.1850562296654}, "is_claimed": false, "photos": [], "review_count": 4, "term": "restaurants", "url": "https://www.yelp.com/biz/kokoro-gungahlin?adjust_creative=92p07_JjKyriZTQxAXRiKQ&utm_campaign=yelp_api_v3&utm_medium=api_v3_business_lookup&utm_source=92p07_JjKyriZTQxAXRiKQ", "categories": [{"alias": "japanese", "title": "Japanese"}], "location": {"address3": "", "zip_code": "2912", "address1": "40 Hibberson St", "state": "ACT", "city": "Gungahlin", "address2": "", "country": "AU"}, "is_closed": false, "phone": "+61262417450", "image_url": "", "name": "Kokoro"}