{"id": "saffron-room-gungahlin", "rating": 5.0, "coordinates": {"longitude": 149.1351166, "latitude": -35.1769485}, "is_claimed": false, "hours": [{"is_open_now": true, "open": [{"is_overnight": false, "end": "2130", "day": 1, "start": "0900"}, {"is_overnight": false, "end": "2130", "day": 2, "start": "0900"}, {"is_overnight": false, "end": "2130", "day": 3, "start": "0900"}, {"is_overnight": false, "end": "2200", "day": 4, "start": "0900"}, {"is_overnight": false, "end": "2200", "day": 5, "start": "0900"}, {"is_overnight": false, "end": "2130", "day": 6, "start": "0900"}], "hours_type": "REGULAR"}], "photos": ["https://s3-media2.fl.yelpcdn.com/bphoto/Gk935OM992jioj-LEpohJA/o.jpg", "https://s3-media2.fl.yelpcdn.com/bphoto/8P9X5ZrlT1tF7zPf2O3QfQ/o.jpg", "https://s3-media3.fl.yelpcdn.com/bphoto/Xgay1rrrxPH455jKKi0hoQ/o.jpg"], "review_count": 2, "term": "restaurants", "url": "https://www.yelp.com/biz/saffron-room-gungahlin?adjust_creative=92p07_JjKyriZTQxAXRiKQ&utm_campaign=yelp_api_v3&utm_medium=api_v3_business_lookup&utm_source=92p07_JjKyriZTQxAXRiKQ", "categories": [{"title": "Cafes", "alias": "cafes"}, {"title": "Persian/Iranian", "alias": "persian"}], "location": {"address3": "", "zip_code": "2912", "address1": "57A Nellie Hamilton Ave", "address2": "", "city": "Gungahlin", "state": "ACT", "country": "AU"}, "is_closed": false, "phone": "+61262622997", "image_url": "https://s3-media4.fl.yelpcdn.com/bphoto/Gk935OM992jioj-LEpohJA/o.jpg", "name": "Saffron Room"}