{"id": "bellucis-italian-manuka", "rating": 2.5, "coordinates": {"longitude": 149.132396915699, "latitude": -35.3195370225526}, "is_claimed": false, "hours": [{"is_open_now": false, "open": [{"is_overnight": false, "day": 0, "start": "1200", "end": "1430"}, {"is_overnight": false, "day": 1, "start": "1200", "end": "1430"}, {"is_overnight": false, "day": 2, "start": "1200", "end": "1430"}, {"is_overnight": false, "day": 3, "start": "1200", "end": "1430"}, {"is_overnight": false, "day": 4, "start": "1200", "end": "1430"}, {"is_overnight": false, "day": 5, "start": "1200", "end": "1430"}, {"is_overnight": false, "day": 6, "start": "1200", "end": "1430"}], "hours_type": "REGULAR"}], "photos": ["https://s3-media1.fl.yelpcdn.com/bphoto/GdsXyBKgzcKKOlUwjVHDsw/o.jpg"], "review_count": 3, "price": "$$", "term": "restaurants", "url": "https://www.yelp.com/biz/bellucis-italian-manuka?adjust_creative=92p07_JjKyriZTQxAXRiKQ&utm_campaign=yelp_api_v3&utm_medium=api_v3_business_lookup&utm_source=92p07_JjKyriZTQxAXRiKQ", "categories": [{"alias": "italian", "title": "Italian"}], "location": {"address3": "", "zip_code": "2603", "address1": "Cnr Franklin & Furneaux", "address2": "", "city": "Manuka", "state": "ACT", "country": "AU"}, "is_closed": false, "phone": "+61262397424", "image_url": "https://s3-media4.fl.yelpcdn.com/bphoto/GdsXyBKgzcKKOlUwjVHDsw/o.jpg", "name": "Belluci's Italian"}