{"price": "$$", "rating": 3.5, "coordinates": {"longitude": 149.13262594944, "latitude": -35.319977286607}, "is_claimed": false, "photos": ["https://s3-media3.fl.yelpcdn.com/bphoto/ApQvM0_bUdH41AQ_-MR-2g/o.jpg", "https://s3-media2.fl.yelpcdn.com/bphoto/leQue4n7knrcbiqH0Dl3Tw/o.jpg", "https://s3-media2.fl.yelpcdn.com/bphoto/ztl8kT3ZzYYYbFPBb4Emqg/o.jpg"], "review_count": 6, "id": "caphs-restaurant-and-cafe-bar-manuka", "term": "restaurants", "url": "https://www.yelp.com/biz/caphs-restaurant-and-cafe-bar-manuka?adjust_creative=92p07_JjKyriZTQxAXRiKQ&utm_campaign=yelp_api_v3&utm_medium=api_v3_business_lookup&utm_source=92p07_JjKyriZTQxAXRiKQ", "categories": [{"alias": "australian", "title": "Australian"}], "location": {"address3": null, "zip_code": "2603", "address1": "12 Franklin St", "address2": null, "city": "Manuka", "state": "ACT", "country": "AU"}, "is_closed": false, "phone": "+61262959783", "image_url": "https://s3-media4.fl.yelpcdn.com/bphoto/ApQvM0_bUdH41AQ_-MR-2g/o.jpg", "name": "Caph's Restaurant & Cafe Bar"}