{"id": "choices-vietnamese-restaurant-manuka", "rating": 3.5, "coordinates": {"longitude": 149.13259, "latitude": -35.32039}, "is_claimed": false, "hours": [{"is_open_now": false, "open": [{"is_overnight": false, "day": 0, "start": "1130", "end": "1500"}, {"is_overnight": false, "day": 0, "start": "1700", "end": "2200"}, {"is_overnight": false, "day": 1, "start": "1130", "end": "1500"}, {"is_overnight": false, "day": 1, "start": "1700", "end": "2200"}, {"is_overnight": false, "day": 2, "start": "1130", "end": "1500"}, {"is_overnight": false, "day": 2, "start": "1700", "end": "2200"}, {"is_overnight": false, "day": 3, "start": "1130", "end": "1500"}, {"is_overnight": false, "day": 3, "start": "1700", "end": "2200"}, {"is_overnight": false, "day": 4, "start": "1130", "end": "1500"}, {"is_overnight": false, "day": 4, "start": "1700", "end": "2200"}, {"is_overnight": false, "day": 5, "start": "1700", "end": "2200"}, {"is_overnight": false, "day": 6, "start": "1130", "end": "1500"}, {"is_overnight": false, "day": 6, "start": "1700", "end": "2200"}], "hours_type": "REGULAR"}], "photos": ["https://s3-media1.fl.yelpcdn.com/bphoto/9D8c6AH4gMia14-HuqObCA/o.jpg", "https://s3-media4.fl.yelpcdn.com/bphoto/ZnuUpTetCsxP1OPc77eJLw/o.jpg", "https://s3-media2.fl.yelpcdn.com/bphoto/f5guDDzKTZ9rpPITPRDPAg/o.jpg"], "review_count": 3, "term": "restaurants", "url": "https://www.yelp.com/biz/choices-vietnamese-restaurant-manuka?adjust_creative=92p07_JjKyriZTQxAXRiKQ&utm_campaign=yelp_api_v3&utm_medium=api_v3_business_lookup&utm_source=92p07_JjKyriZTQxAXRiKQ", "categories": [{"alias": "gluten_free", "title": "Gluten-Free"}, {"alias": "hotdogs", "title": "Fast Food"}, {"alias": "vietnamese", "title": "Vietnamese"}], "location": {"address3": null, "zip_code": "2603", "address1": "Palmerston Lnway", "state": "ACT", "city": "Manuka", "address2": null, "country": "AU"}, "is_closed": false, "phone": "+61262394168", "image_url": "https://s3-media3.fl.yelpcdn.com/bphoto/9D8c6AH4gMia14-HuqObCA/o.jpg", "name": "Choices Vietnamese Restaurant"}