{"id": "ginseng-restaurant-manuka", "rating": 1.0, "coordinates": {"longitude": 149.1334076, "latitude": -35.3206406}, "is_claimed": false, "photos": ["https://s3-media2.fl.yelpcdn.com/bphoto/enzWcyW9gUKYQz2rzuRj6Q/o.jpg"], "review_count": 1, "term": "restaurants", "url": "https://www.yelp.com/biz/ginseng-restaurant-manuka?adjust_creative=92p07_JjKyriZTQxAXRiKQ&utm_campaign=yelp_api_v3&utm_medium=api_v3_business_lookup&utm_source=92p07_JjKyriZTQxAXRiKQ", "categories": [{"alias": "restaurants", "title": "Restaurants"}], "location": {"address3": null, "zip_code": "2603", "address1": "15 Flinders Way", "state": "ACT", "city": "Manuka", "address2": null, "country": "AU"}, "is_closed": false, "phone": "+61262608346", "image_url": "https://s3-media2.fl.yelpcdn.com/bphoto/enzWcyW9gUKYQz2rzuRj6Q/o.jpg", "name": "Ginseng Restaurant"}