{"id": "jewel-of-india-manuka", "rating": 3.5, "coordinates": {"longitude": 149.1302948, "latitude": -35.3188286}, "is_claimed": false, "photos": [], "review_count": 2, "term": "restaurants", "url": "https://www.yelp.com/biz/jewel-of-india-manuka?adjust_creative=92p07_JjKyriZTQxAXRiKQ&utm_campaign=yelp_api_v3&utm_medium=api_v3_business_lookup&utm_source=92p07_JjKyriZTQxAXRiKQ", "categories": [{"title": "Restaurants", "alias": "restaurants"}], "location": {"address3": null, "zip_code": "2603", "address1": "Bougainville St", "address2": null, "city": "Manuka", "state": "ACT", "country": "AU"}, "is_closed": false, "phone": "+61262957037", "image_url": "", "name": "Jewel Of India"}