{"price": "$$", "rating": 3.5, "coordinates": {"longitude": 149.132554067397, "latitude": -35.3209349782961}, "is_claimed": true, "hours": [{"is_open_now": false, "open": [{"is_overnight": false, "day": 0, "start": "1000", "end": "2130"}, {"is_overnight": false, "day": 1, "start": "1000", "end": "2130"}, {"is_overnight": false, "day": 2, "start": "1000", "end": "2130"}, {"is_overnight": false, "day": 3, "start": "1000", "end": "2130"}, {"is_overnight": false, "day": 4, "start": "1000", "end": "2200"}, {"is_overnight": false, "day": 5, "start": "1000", "end": "2200"}], "hours_type": "REGULAR"}], "photos": ["https://s3-media3.fl.yelpcdn.com/bphoto/M7vKAQKbawEay54v21LoVA/o.jpg", "https://s3-media2.fl.yelpcdn.com/bphoto/brg-KxmYTq8pZAAyDdulwQ/o.jpg", "https://s3-media3.fl.yelpcdn.com/bphoto/ofVVTp95KTPGWtre6j3Wpw/o.jpg"], "review_count": 3, "id": "le-rendezvous-manuka", "term": "restaurants", "url": "https://www.yelp.com/biz/le-rendezvous-manuka?adjust_creative=92p07_JjKyriZTQxAXRiKQ&utm_campaign=yelp_api_v3&utm_medium=api_v3_business_lookup&utm_source=92p07_JjKyriZTQxAXRiKQ", "categories": [{"alias": "italian", "title": "Italian"}, {"alias": "pizza", "title": "Pizza"}], "location": {"address3": null, "zip_code": "2603", "address1": "11 Bouganville St", "state": "ACT", "city": "Manuka", "address2": null, "country": "AU"}, "is_closed": false, "phone": "+61262959763", "image_url": "https://s3-media4.fl.yelpcdn.com/bphoto/M7vKAQKbawEay54v21LoVA/o.jpg", "name": "Le Rendezvous"}