{"id": "legends-spanish-restaurant-manuka-2", "rating": 4.0, "coordinates": {"longitude": 149.1337433, "latitude": -35.3166695}, "is_claimed": false, "hours": [{"is_open_now": false, "open": [{"is_overnight": false, "end": "2300", "start": "1130", "day": 0}, {"is_overnight": false, "end": "2300", "start": "1130", "day": 1}, {"is_overnight": false, "end": "2300", "start": "1130", "day": 2}, {"is_overnight": false, "end": "2300", "start": "1130", "day": 3}, {"is_overnight": false, "end": "2300", "start": "1130", "day": 4}, {"is_overnight": false, "end": "2300", "start": "1700", "day": 5}], "hours_type": "REGULAR"}], "photos": ["https://s3-media2.fl.yelpcdn.com/bphoto/8mnLmWnvvf9KYC5Av5i0Sw/o.jpg"], "review_count": 1, "term": "restaurants", "url": "https://www.yelp.com/biz/legends-spanish-restaurant-manuka-2?adjust_creative=92p07_JjKyriZTQxAXRiKQ&utm_campaign=yelp_api_v3&utm_medium=api_v3_business_lookup&utm_source=92p07_JjKyriZTQxAXRiKQ", "categories": [{"title": "Spanish", "alias": "spanish"}, {"title": "Tapas/Small Plates", "alias": "tapasmallplates"}], "image_url": "https://s3-media4.fl.yelpcdn.com/bphoto/8mnLmWnvvf9KYC5Av5i0Sw/o.jpg", "is_closed": false, "phone": "+61262953966", "location": {"address3": null, "zip_code": "2603", "address1": "First Fl", "address2": "Capitol Theatre Centre, 17 Franklin St", "city": "Manuka", "state": "ACT", "country": "AU"}, "name": "Legends Spanish Restaurant"}