{"id": "mecca-bah-manuka", "rating": 3.0, "coordinates": {"longitude": 149.134051333875, "latitude": -35.3208114827362}, "is_claimed": false, "photos": ["https://s3-media4.fl.yelpcdn.com/bphoto/TgPRMZKPkw9noqdRL0MrVQ/o.jpg"], "review_count": 1, "term": "restaurants", "url": "https://www.yelp.com/biz/mecca-bah-manuka?adjust_creative=92p07_JjKyriZTQxAXRiKQ&utm_campaign=yelp_api_v3&utm_medium=api_v3_business_lookup&utm_source=92p07_JjKyriZTQxAXRiKQ", "categories": [{"alias": "mideastern", "title": "Middle Eastern"}, {"alias": "moroccan", "title": "Moroccan"}, {"alias": "mediterranean", "title": "Mediterranean"}], "location": {"address3": null, "zip_code": "2603", "address1": "25-29 Flinders Way", "state": "ACT", "city": "Manuka", "address2": null, "country": "AU"}, "is_closed": false, "phone": "+61262606700", "image_url": "https://s3-media1.fl.yelpcdn.com/bphoto/TgPRMZKPkw9noqdRL0MrVQ/o.jpg", "name": "Mecca Bah"}