{"id": "punjabi-hut-indian-restaurant-manuka", "rating": 3.0, "coordinates": {"longitude": 149.131729046383, "latitude": -35.3191477504188}, "is_claimed": false, "hours": [{"is_open_now": false, "open": [{"is_overnight": false, "end": "2230", "start": "1200", "day": 0}, {"is_overnight": false, "end": "2230", "start": "1200", "day": 1}, {"is_overnight": false, "end": "2230", "start": "1200", "day": 2}, {"is_overnight": false, "end": "2230", "start": "1200", "day": 3}, {"is_overnight": false, "end": "2230", "start": "1200", "day": 4}, {"is_overnight": false, "end": "2230", "start": "1730", "day": 5}, {"is_overnight": false, "end": "2230", "start": "1730", "day": 6}], "hours_type": "REGULAR"}], "photos": ["https://s3-media3.fl.yelpcdn.com/bphoto/7QLqWVI3x-9ezMfCbyjTlA/o.jpg"], "review_count": 1, "term": "restaurants", "url": "https://www.yelp.com/biz/punjabi-hut-indian-restaurant-manuka?adjust_creative=92p07_JjKyriZTQxAXRiKQ&utm_campaign=yelp_api_v3&utm_medium=api_v3_business_lookup&utm_source=92p07_JjKyriZTQxAXRiKQ", "categories": [{"alias": "indpak", "title": "Indian"}], "location": {"address3": "", "zip_code": "2603", "address1": "13 Franklin St", "state": "ACT", "city": "Manuka", "address2": "", "country": "AU"}, "is_closed": false, "phone": "+61262957122", "image_url": "https://s3-media4.fl.yelpcdn.com/bphoto/7QLqWVI3x-9ezMfCbyjTlA/o.jpg", "name": "Punjabi Hut Indian Restaurant"}