{"id": "thai-cornar-manuka", "rating": 5.0, "coordinates": {"longitude": 149.1320953, "latitude": -35.3198509}, "is_claimed": false, "hours": [{"is_open_now": true, "open": [{"is_overnight": false, "day": 0, "start": "1130", "end": "2200"}, {"is_overnight": false, "day": 1, "start": "1130", "end": "2200"}, {"is_overnight": false, "day": 2, "start": "1130", "end": "2200"}, {"is_overnight": false, "day": 3, "start": "1130", "end": "2200"}, {"is_overnight": false, "day": 4, "start": "1130", "end": "2200"}, {"is_overnight": false, "day": 5, "start": "1200", "end": "2200"}, {"is_overnight": false, "day": 6, "start": "1200", "end": "2200"}], "hours_type": "REGULAR"}], "photos": ["https://s3-media1.fl.yelpcdn.com/bphoto/TwCZSxiCx4ZQk181uj4v4A/o.jpg"], "review_count": 1, "price": "$$", "term": "restaurants", "url": "https://www.yelp.com/biz/thai-cornar-manuka?adjust_creative=92p07_JjKyriZTQxAXRiKQ&utm_campaign=yelp_api_v3&utm_medium=api_v3_business_lookup&utm_source=92p07_JjKyriZTQxAXRiKQ", "categories": [{"alias": "thai", "title": "Thai"}], "location": {"address3": "", "zip_code": "2603", "address1": "16 Furneaux St", "address2": "", "city": "Manuka", "state": "ACT", "country": "AU"}, "is_closed": false, "phone": "+61295448887", "image_url": "https://s3-media2.fl.yelpcdn.com/bphoto/TwCZSxiCx4ZQk181uj4v4A/o.jpg", "name": "Thai Cornar"}