{"price": "$$", "rating": 5.0, "coordinates": {"longitude": 149.122125606918, "latitude": -35.2643402293422}, "is_claimed": false, "photos": ["https://s3-media3.fl.yelpcdn.com/bphoto/ttjg6-pIA3SNizkB2e_AKw/o.jpg", "https://s3-media2.fl.yelpcdn.com/bphoto/FvTo0Bc0CCoUJLoC-xBQkA/o.jpg", "https://s3-media2.fl.yelpcdn.com/bphoto/B47f5mwfP_l2tb_b1L_jHw/o.jpg"], "review_count": 1, "id": "the-duxton-o-connor", "term": "restaurants", "url": "https://www.yelp.com/biz/the-duxton-o-connor?adjust_creative=92p07_JjKyriZTQxAXRiKQ&utm_campaign=yelp_api_v3&utm_medium=api_v3_business_lookup&utm_source=92p07_JjKyriZTQxAXRiKQ", "categories": [{"title": "Pubs", "alias": "pubs"}, {"title": "Pub Food", "alias": "pubfood"}, {"title": "Gastropubs", "alias": "gastropubs"}], "image_url": "https://s3-media4.fl.yelpcdn.com/bphoto/ttjg6-pIA3SNizkB2e_AKw/o.jpg", "is_closed": false, "phone": "+6161620799", "location": {"address3": "", "zip_code": "2602", "address1": "Mcpherson St", "address2": "", "city": "O'Connor", "state": "ACT", "country": "AU"}, "name": "The Duxton"}