{"id": "barrio-collective-coffee-braddon", "rating": 3.0, "coordinates": {"longitude": 149.133255, "latitude": -35.2717285}, "is_claimed": false, "hours": [{"is_open_now": false, "open": [{"is_overnight": false, "end": "1400", "start": "0700", "day": 0}, {"is_overnight": false, "end": "1400", "start": "0700", "day": 1}, {"is_overnight": false, "end": "1400", "start": "0700", "day": 2}, {"is_overnight": false, "end": "1700", "start": "0700", "day": 3}, {"is_overnight": false, "end": "1700", "start": "0700", "day": 4}, {"is_overnight": false, "end": "1700", "start": "0700", "day": 5}, {"is_overnight": false, "end": "1400", "start": "0700", "day": 6}], "hours_type": "REGULAR"}], "photos": ["https://s3-media1.fl.yelpcdn.com/bphoto/U5A0mNe_1lhAVQbtnrcY3w/o.jpg", "https://s3-media4.fl.yelpcdn.com/bphoto/M6yBez9P4SruQxCVMjozRw/o.jpg"], "review_count": 1, "term": "restaurants", "url": "https://www.yelp.com/biz/barrio-collective-coffee-braddon?adjust_creative=92p07_JjKyriZTQxAXRiKQ&utm_campaign=yelp_api_v3&utm_medium=api_v3_business_lookup&utm_source=92p07_JjKyriZTQxAXRiKQ", "categories": [{"title": "Cafes", "alias": "cafes"}], "image_url": "https://s3-media4.fl.yelpcdn.com/bphoto/U5A0mNe_1lhAVQbtnrcY3w/o.jpg", "is_closed": false, "phone": "", "location": {"address3": "", "zip_code": "2612", "address1": "59/30 Lonsdale St", "address2": "", "city": "Braddon", "state": "ACT", "country": "AU"}, "name": "Barrio Collective Coffee"}