{"id": "blackfire-braddon", "rating": 3.5, "coordinates": {"longitude": 149.131650108765, "latitude": -35.2728535799944}, "is_claimed": true, "hours": [{"is_open_now": true, "open": [{"is_overnight": false, "day": 0, "start": "0800", "end": "2300"}, {"is_overnight": false, "day": 1, "start": "0800", "end": "2300"}, {"is_overnight": false, "day": 2, "start": "0800", "end": "2300"}, {"is_overnight": false, "day": 3, "start": "0800", "end": "2300"}, {"is_overnight": false, "day": 4, "start": "0800", "end": "2300"}, {"is_overnight": false, "day": 5, "start": "0800", "end": "2300"}, {"is_overnight": false, "day": 6, "start": "0800", "end": "2300"}], "hours_type": "REGULAR"}], "photos": ["https://s3-media2.fl.yelpcdn.com/bphoto/NFaYaf20wqF8IkZ3gKeKvw/o.jpg", "https://s3-media4.fl.yelpcdn.com/bphoto/aIBgFEvH41RuXLv03rLpZQ/o.jpg"], "review_count": 7, "price": "$$$", "term": "restaurants", "url": "https://www.yelp.com/biz/blackfire-braddon?adjust_creative=92p07_JjKyriZTQxAXRiKQ&utm_campaign=yelp_api_v3&utm_medium=api_v3_business_lookup&utm_source=92p07_JjKyriZTQxAXRiKQ", "categories": [{"title": "Spanish", "alias": "spanish"}], "image_url": "https://s3-media2.fl.yelpcdn.com/bphoto/NFaYaf20wqF8IkZ3gKeKvw/o.jpg", "is_closed": false, "phone": "+61262305921", "location": {"address3": "", "zip_code": "2612", "address1": "Unit 45", "state": "ACT", "city": "Braddon", "address2": "45/38 Mort St", "country": "AU"}, "name": "Blackfire"}