{"id": "bollywood-dimensions-indian-cuisine-braddon", "rating": 4.5, "coordinates": {"longitude": 149.1309967, "latitude": -35.2738495}, "is_claimed": false, "hours": [{"is_open_now": false, "open": [{"is_overnight": false, "end": "2130", "day": 0, "start": "1730"}, {"is_overnight": false, "end": "2130", "day": 1, "start": "1730"}, {"is_overnight": false, "end": "2130", "day": 2, "start": "1730"}, {"is_overnight": false, "end": "2130", "day": 3, "start": "1730"}, {"is_overnight": false, "end": "2130", "day": 4, "start": "1730"}, {"is_overnight": false, "end": "2130", "day": 5, "start": "1730"}, {"is_overnight": false, "end": "2130", "day": 6, "start": "1730"}], "hours_type": "REGULAR"}], "photos": ["https://s3-media1.fl.yelpcdn.com/bphoto/_AX4CujS9G6CZzgyIz8Bvw/o.jpg", "https://s3-media1.fl.yelpcdn.com/bphoto/OJ8n3qN-RsCKqgJIQVnPjQ/o.jpg", "https://s3-media2.fl.yelpcdn.com/bphoto/DTQ6IJb__71fcxZhclViow/o.jpg"], "review_count": 2, "term": "restaurants", "url": "https://www.yelp.com/biz/bollywood-dimensions-indian-cuisine-braddon?adjust_creative=92p07_JjKyriZTQxAXRiKQ&utm_campaign=yelp_api_v3&utm_medium=api_v3_business_lookup&utm_source=92p07_JjKyriZTQxAXRiKQ", "categories": [{"title": "Indian", "alias": "indpak"}], "location": {"address3": null, "zip_code": "2612", "address1": "33 Mort St", "address2": null, "city": "Braddon", "state": "ACT", "country": "AU"}, "is_closed": false, "phone": "+61262577773", "image_url": "https://s3-media1.fl.yelpcdn.com/bphoto/_AX4CujS9G6CZzgyIz8Bvw/o.jpg", "name": "Bollywood Dimensions Indian Cuisine"}