{"id": "burger-hero-braddon", "rating": 0.0, "coordinates": {"longitude": 149.131177844718, "latitude": -35.2742797790667}, "is_claimed": false, "hours": [{"is_open_now": false, "open": [{"is_overnight": false, "end": "1500", "start": "1100", "day": 0}, {"is_overnight": false, "end": "2100", "start": "1700", "day": 0}, {"is_overnight": false, "end": "1500", "start": "1100", "day": 1}, {"is_overnight": false, "end": "2100", "start": "1700", "day": 1}, {"is_overnight": false, "end": "1500", "start": "1100", "day": 2}, {"is_overnight": false, "end": "2100", "start": "1700", "day": 2}, {"is_overnight": false, "end": "1500", "start": "1100", "day": 3}, {"is_overnight": false, "end": "2100", "start": "1700", "day": 3}, {"is_overnight": false, "end": "1500", "start": "1100", "day": 4}, {"is_overnight": false, "end": "2100", "start": "1700", "day": 4}, {"is_overnight": false, "end": "1500", "start": "1100", "day": 5}, {"is_overnight": false, "end": "2100", "start": "1700", "day": 5}], "hours_type": "REGULAR"}], "photos": ["https://s3-media3.fl.yelpcdn.com/bphoto/ZfkAvMmLF08LNuD-de251g/o.jpg"], "review_count": 0, "term": "restaurants", "url": "https://www.yelp.com/biz/burger-hero-braddon?adjust_creative=92p07_JjKyriZTQxAXRiKQ&utm_campaign=yelp_api_v3&utm_medium=api_v3_business_lookup&utm_source=92p07_JjKyriZTQxAXRiKQ", "categories": [{"alias": "burgers", "title": "Burgers"}], "location": {"address3": "", "zip_code": "2612", "address1": "31 Mort St", "state": "ACT", "city": "Braddon", "address2": "", "country": "AU"}, "is_closed": false, "phone": "+61262575015", "image_url": "https://s3-media3.fl.yelpcdn.com/bphoto/ZfkAvMmLF08LNuD-de251g/o.jpg", "name": "Burger Hero"}