{"id": "cafe-on-28-braddon", "rating": 5.0, "coordinates": {"longitude": 149.131294124679, "latitude": -35.2745814171724}, "is_claimed": false, "hours": [{"is_open_now": false, "open": [{"is_overnight": false, "end": "1400", "start": "0700", "day": 0}, {"is_overnight": false, "end": "1400", "start": "0700", "day": 1}, {"is_overnight": false, "end": "1400", "start": "0700", "day": 2}, {"is_overnight": false, "end": "1400", "start": "0700", "day": 3}, {"is_overnight": false, "end": "1400", "start": "0700", "day": 4}], "hours_type": "REGULAR"}], "photos": ["https://s3-media4.fl.yelpcdn.com/bphoto/Q-pRMZNRVy-wwMLqCmOODw/o.jpg"], "review_count": 1, "term": "restaurants", "url": "https://www.yelp.com/biz/cafe-on-28-braddon?adjust_creative=92p07_JjKyriZTQxAXRiKQ&utm_campaign=yelp_api_v3&utm_medium=api_v3_business_lookup&utm_source=92p07_JjKyriZTQxAXRiKQ", "categories": [{"alias": "cafes", "title": "Cafes"}], "location": {"address3": "", "zip_code": "2612", "address1": "28 Mort St", "state": "ACT", "city": "Braddon", "address2": "", "country": "AU"}, "is_closed": false, "phone": "", "image_url": "https://s3-media1.fl.yelpcdn.com/bphoto/Q-pRMZNRVy-wwMLqCmOODw/o.jpg", "name": "Cafe On 28"}