{"id": "chez-frederic-braddon", "rating": 3.5, "coordinates": {"longitude": 149.1323547, "latitude": -35.276001}, "is_claimed": false, "photos": ["https://s3-media4.fl.yelpcdn.com/bphoto/gjKeKkILlGRkuMNcETscQw/o.jpg", "https://s3-media2.fl.yelpcdn.com/bphoto/UxpXSwpa9t6CCku_rWSq3w/o.jpg", "https://s3-media4.fl.yelpcdn.com/bphoto/xe_XWaLNU8C5Hlxfyaf8qw/o.jpg"], "review_count": 4, "term": "restaurants", "url": "https://www.yelp.com/biz/chez-frederic-braddon?adjust_creative=92p07_JjKyriZTQxAXRiKQ&utm_campaign=yelp_api_v3&utm_medium=api_v3_business_lookup&utm_source=92p07_JjKyriZTQxAXRiKQ", "categories": [{"alias": "italian", "title": "Italian"}], "location": {"address3": "", "zip_code": "2612", "address1": "4U/14 lonsdale St", "state": "ACT", "city": "Braddon", "address2": "", "country": "AU"}, "is_closed": false, "phone": "+61262480044", "image_url": "https://s3-media3.fl.yelpcdn.com/bphoto/gjKeKkILlGRkuMNcETscQw/o.jpg", "name": "Chez Frederic"}