{"price": "$$", "rating": 3.0, "coordinates": {"longitude": 149.133245944977, "latitude": -35.2720675188566}, "is_claimed": false, "photos": ["https://s3-media2.fl.yelpcdn.com/bphoto/v-_mu-UFXD-CNaqN3B9w2A/o.jpg"], "review_count": 4, "id": "debacle-braddon", "term": "restaurants", "url": "https://www.yelp.com/biz/debacle-braddon?adjust_creative=92p07_JjKyriZTQxAXRiKQ&utm_campaign=yelp_api_v3&utm_medium=api_v3_business_lookup&utm_source=92p07_JjKyriZTQxAXRiKQ", "categories": [{"alias": "pizza", "title": "Pizza"}], "location": {"address3": "", "zip_code": "2612", "address1": "30 Lonsdale St", "state": "ACT", "city": "Braddon", "address2": "", "country": "AU"}, "is_closed": false, "phone": "+61262471314", "image_url": "https://s3-media3.fl.yelpcdn.com/bphoto/v-_mu-UFXD-CNaqN3B9w2A/o.jpg", "name": "Debacle"}