{"id": "delissio-brasserie-braddon", "rating": 1.0, "coordinates": {"longitude": 149.1359558, "latitude": -35.2737503}, "is_claimed": false, "photos": ["https://s3-media2.fl.yelpcdn.com/bphoto/h-LC189KFwKNVgbDd1T29Q/o.jpg"], "review_count": 1, "term": "restaurants", "url": "https://www.yelp.com/biz/delissio-brasserie-braddon?adjust_creative=92p07_JjKyriZTQxAXRiKQ&utm_campaign=yelp_api_v3&utm_medium=api_v3_business_lookup&utm_source=92p07_JjKyriZTQxAXRiKQ", "categories": [{"alias": "australian", "title": "Australian"}], "location": {"address3": null, "zip_code": "2612", "address1": "Elouera St", "state": "ACT", "city": "Braddon", "address2": null, "country": "AU"}, "is_closed": false, "phone": "+61262575733", "image_url": "https://s3-media4.fl.yelpcdn.com/bphoto/h-LC189KFwKNVgbDd1T29Q/o.jpg", "name": "Delissio Brasserie"}