{"id": "eighty-six-restaurant-braddon", "rating": 4.5, "coordinates": {"longitude": 149.1330414, "latitude": -35.2728386}, "is_claimed": false, "photos": ["https://s3-media3.fl.yelpcdn.com/bphoto/a5cTgt8ev4srI7ZMyUobAg/o.jpg", "https://s3-media4.fl.yelpcdn.com/bphoto/ZJGmzcpOI434oHZJUpGlmA/o.jpg", "https://s3-media1.fl.yelpcdn.com/bphoto/is2nzOjA6vayc9s9p-TC-Q/o.jpg"], "review_count": 11, "price": "$$$", "term": "restaurants", "url": "https://www.yelp.com/biz/eighty-six-restaurant-braddon?adjust_creative=92p07_JjKyriZTQxAXRiKQ&utm_campaign=yelp_api_v3&utm_medium=api_v3_business_lookup&utm_source=92p07_JjKyriZTQxAXRiKQ", "categories": [{"alias": "australian", "title": "Australian"}], "location": {"address3": "", "zip_code": "2612", "address1": "Unit 147", "address2": "22 Lonsdale St", "city": "Braddon", "state": "ACT", "country": "AU"}, "is_closed": false, "phone": "+61261618686", "image_url": "https://s3-media3.fl.yelpcdn.com/bphoto/a5cTgt8ev4srI7ZMyUobAg/o.jpg", "name": "Eighty-Six Restaurant"}