{"price": "$$", "rating": 4.5, "coordinates": {"longitude": 149.132975377142, "latitude": -35.2735322127434}, "is_claimed": false, "hours": [{"is_open_now": false, "open": [{"is_overnight": false, "day": 0, "end": "1600", "start": "0600"}, {"is_overnight": false, "day": 1, "end": "1600", "start": "0600"}, {"is_overnight": false, "day": 2, "end": "1600", "start": "0600"}, {"is_overnight": false, "day": 3, "end": "1600", "start": "0600"}, {"is_overnight": false, "day": 4, "end": "1600", "start": "0600"}, {"is_overnight": false, "day": 5, "end": "1600", "start": "0600"}, {"is_overnight": false, "day": 6, "end": "1600", "start": "0700"}], "hours_type": "REGULAR"}], "photos": ["https://s3-media3.fl.yelpcdn.com/bphoto/XpcGpQ2_JzbV3pmpBF69_Q/o.jpg", "https://s3-media1.fl.yelpcdn.com/bphoto/hMittXRw-LasriCiFnBrGw/o.jpg", "https://s3-media1.fl.yelpcdn.com/bphoto/264P5n6ao42hoGBsxnvOcw/o.jpg"], "review_count": 3, "id": "eighty-twenty-food-braddon", "term": "restaurants", "url": "https://www.yelp.com/biz/eighty-twenty-food-braddon?adjust_creative=92p07_JjKyriZTQxAXRiKQ&utm_campaign=yelp_api_v3&utm_medium=api_v3_business_lookup&utm_source=92p07_JjKyriZTQxAXRiKQ", "categories": [{"alias": "coffee", "title": "Coffee & Tea"}, {"alias": "juicebars", "title": "Juice Bars & Smoothies"}, {"alias": "breakfast_brunch", "title": "Breakfast & Brunch"}], "location": {"address3": "", "zip_code": "2612", "address1": "18 Lonsdale St", "state": "ACT", "city": "Braddon", "address2": "", "country": "AU"}, "is_closed": false, "phone": "+6162472866", "image_url": "https://s3-media4.fl.yelpcdn.com/bphoto/XpcGpQ2_JzbV3pmpBF69_Q/o.jpg", "name": "Eighty/twenty Food"}