{"id": "elemental-cafe-braddon", "rating": 5.0, "coordinates": {"longitude": 149.133197551451, "latitude": -35.2713965995554}, "is_claimed": false, "photos": ["https://s3-media2.fl.yelpcdn.com/bphoto/LFdbE-rfc_JZhnf-5QrnPg/o.jpg"], "review_count": 1, "term": "restaurants", "url": "https://www.yelp.com/biz/elemental-cafe-braddon?adjust_creative=92p07_JjKyriZTQxAXRiKQ&utm_campaign=yelp_api_v3&utm_medium=api_v3_business_lookup&utm_source=92p07_JjKyriZTQxAXRiKQ", "categories": [{"title": "Cafes", "alias": "cafes"}], "location": {"address3": "", "zip_code": "2612", "address1": "54/30 Lonsdale St", "address2": "", "city": "Braddon", "state": "ACT", "country": "AU"}, "is_closed": false, "phone": "+61262487502", "image_url": "https://s3-media3.fl.yelpcdn.com/bphoto/LFdbE-rfc_JZhnf-5QrnPg/o.jpg", "name": "Elemental Cafe"}