{"id": "elk-and-pea-braddon", "rating": 4.0, "coordinates": {"longitude": 149.132608224563, "latitude": -35.2728058054908}, "is_claimed": true, "hours": [{"is_open_now": false, "open": [{"is_overnight": false, "day": 0, "start": "0800", "end": "1500"}, {"is_overnight": false, "day": 1, "start": "0800", "end": "2200"}, {"is_overnight": false, "day": 2, "start": "0800", "end": "2200"}, {"is_overnight": false, "day": 3, "start": "0800", "end": "1400"}, {"is_overnight": false, "day": 3, "start": "1800", "end": "2300"}, {"is_overnight": false, "day": 4, "start": "0800", "end": "1400"}, {"is_overnight": false, "day": 4, "start": "1800", "end": "2300"}, {"is_overnight": false, "day": 5, "start": "0800", "end": "1400"}, {"is_overnight": false, "day": 5, "start": "1800", "end": "2300"}, {"is_overnight": false, "day": 6, "start": "0800", "end": "1430"}], "hours_type": "REGULAR"}], "photos": ["https://s3-media4.fl.yelpcdn.com/bphoto/cRU81Hsb_Ia_ZHCPb8u5Kw/o.jpg", "https://s3-media2.fl.yelpcdn.com/bphoto/vNF7_tYguMaRIMLRKk1acQ/o.jpg", "https://s3-media1.fl.yelpcdn.com/bphoto/iUpYi3L-rVb3JGdSUwWUSw/o.jpg"], "review_count": 16, "price": "$$", "term": "restaurants", "url": "https://www.yelp.com/biz/elk-and-pea-braddon?adjust_creative=92p07_JjKyriZTQxAXRiKQ&utm_campaign=yelp_api_v3&utm_medium=api_v3_business_lookup&utm_source=92p07_JjKyriZTQxAXRiKQ", "categories": [{"title": "Australian", "alias": "australian"}], "image_url": "https://s3-media4.fl.yelpcdn.com/bphoto/cRU81Hsb_Ia_ZHCPb8u5Kw/o.jpg", "is_closed": false, "phone": "+61261620222", "location": {"address3": "", "zip_code": "2612", "address1": "21 Lonsdale St", "state": "ACT", "city": "Braddon", "address2": "", "country": "AU"}, "name": "Elk & Pea"}