{"id": "farmers-daughter-braddon", "rating": 4.0, "coordinates": {"longitude": 149.097486, "latitude": -35.307665}, "is_claimed": false, "hours": [{"is_open_now": false, "open": [{"is_overnight": false, "day": 0, "start": "0700", "end": "1500"}, {"is_overnight": false, "day": 1, "start": "0700", "end": "1500"}, {"is_overnight": false, "day": 2, "start": "0700", "end": "1500"}, {"is_overnight": false, "day": 3, "start": "0700", "end": "1500"}, {"is_overnight": false, "day": 4, "start": "0700", "end": "1500"}, {"is_overnight": false, "day": 5, "start": "0800", "end": "1400"}, {"is_overnight": false, "day": 6, "start": "0800", "end": "1400"}], "hours_type": "REGULAR"}], "photos": [], "review_count": 1, "term": "restaurants", "url": "https://www.yelp.com/biz/farmers-daughter-braddon?adjust_creative=92p07_JjKyriZTQxAXRiKQ&utm_campaign=yelp_api_v3&utm_medium=api_v3_business_lookup&utm_source=92p07_JjKyriZTQxAXRiKQ", "categories": [{"alias": "cafes", "title": "Cafes"}], "location": {"address3": "", "zip_code": "2612", "address1": "27 Bentham St", "address2": "", "city": "Braddon", "state": "ACT", "country": "AU"}, "is_closed": false, "phone": "+61262812233", "image_url": "", "name": "Farmers Daughter"}