{"price": "$$", "rating": 4.0, "coordinates": {"longitude": 149.1326, "latitude": -35.27302}, "is_claimed": false, "photos": ["https://s3-media2.fl.yelpcdn.com/bphoto/2VLmdNcX7_kw-a004jf6_A/o.jpg", "https://s3-media3.fl.yelpcdn.com/bphoto/QlR318uXnjigbluwETVGuQ/o.jpg", "https://s3-media4.fl.yelpcdn.com/bphoto/X3uE60zfc_q5zvb-l6HzzA/o.jpg"], "review_count": 11, "id": "grease-monkey-braddon", "term": "restaurants", "url": "https://www.yelp.com/biz/grease-monkey-braddon?adjust_creative=92p07_JjKyriZTQxAXRiKQ&utm_campaign=yelp_api_v3&utm_medium=api_v3_business_lookup&utm_source=92p07_JjKyriZTQxAXRiKQ", "categories": [{"alias": "burgers", "title": "Burgers"}, {"alias": "beergardens", "title": "Beer Gardens"}, {"alias": "bars", "title": "Bars"}], "location": {"address3": "", "zip_code": "2612", "address1": "19 Lonsdale St", "state": "ACT", "city": "Braddon", "address2": "", "country": "AU"}, "is_closed": false, "phone": "+61261741401", "image_url": "https://s3-media3.fl.yelpcdn.com/bphoto/2VLmdNcX7_kw-a004jf6_A/o.jpg", "name": "Grease Monkey"}