{"id": "haig-restaurant-braddon", "rating": 0.0, "coordinates": {"longitude": 149.130947595503, "latitude": -35.2706498123583}, "is_claimed": false, "photos": [], "review_count": 0, "term": "restaurants", "url": "https://www.yelp.com/biz/haig-restaurant-braddon?adjust_creative=92p07_JjKyriZTQxAXRiKQ&utm_campaign=yelp_api_v3&utm_medium=api_v3_business_lookup&utm_source=92p07_JjKyriZTQxAXRiKQ", "categories": [{"title": "Restaurants", "alias": "restaurants"}], "image_url": "", "is_closed": false, "phone": "+61262438333", "location": {"address3": null, "zip_code": "2612", "address1": "Girrahween St", "state": "ACT", "city": "Braddon", "address2": null, "country": "AU"}, "name": "Haig Restaurant"}