{"price": "$$", "rating": 4.0, "coordinates": {"longitude": 149.1322327, "latitude": -35.275219}, "is_claimed": false, "photos": ["https://s3-media1.fl.yelpcdn.com/bphoto/KM5F2p0hzDYbI-XNDGOoIw/o.jpg", "https://s3-media1.fl.yelpcdn.com/bphoto/czv4KPNfOod3ZEymcm15_Q/o.jpg", "https://s3-media2.fl.yelpcdn.com/bphoto/EMCVlF0eHpiLpUOwQTZCNw/o.jpg"], "review_count": 5, "id": "hopscotch-braddon", "term": "restaurants", "url": "https://www.yelp.com/biz/hopscotch-braddon?adjust_creative=92p07_JjKyriZTQxAXRiKQ&utm_campaign=yelp_api_v3&utm_medium=api_v3_business_lookup&utm_source=92p07_JjKyriZTQxAXRiKQ", "categories": [{"alias": "argentine", "title": "Argentine"}, {"alias": "steak", "title": "Steakhouses"}], "location": {"address3": "", "zip_code": "2612", "address1": "5 Lonsdale St", "state": "ACT", "city": "Braddon", "address2": "", "country": "AU"}, "is_closed": false, "phone": "", "image_url": "https://s3-media4.fl.yelpcdn.com/bphoto/KM5F2p0hzDYbI-XNDGOoIw/o.jpg", "name": "Hopscotch"}