{"price": "$", "rating": 4.0, "coordinates": {"longitude": 149.1322021, "latitude": -35.2754898}, "is_claimed": true, "hours": [{"is_open_now": false, "open": [{"is_overnight": false, "end": "1700", "start": "0600", "day": 0}, {"is_overnight": false, "end": "1700", "start": "0600", "day": 1}, {"is_overnight": false, "end": "1700", "start": "0600", "day": 2}, {"is_overnight": false, "end": "1700", "start": "0600", "day": 3}, {"is_overnight": false, "end": "1700", "start": "0600", "day": 4}, {"is_overnight": false, "end": "1500", "start": "0630", "day": 5}], "hours_type": "REGULAR"}], "photos": ["https://s3-media3.fl.yelpcdn.com/bphoto/-5J5QOdy1xNvwPdvXmJLxw/o.jpg", "https://s3-media3.fl.yelpcdn.com/bphoto/Tp8RF_Lt6j1iTlL36Dv7yw/o.jpg", "https://s3-media3.fl.yelpcdn.com/bphoto/tNREZ1KLY5EvUOcig8H6Mg/o.jpg"], "review_count": 16, "id": "lonsdale-street-roasters-braddon", "term": "restaurants", "url": "https://www.yelp.com/biz/lonsdale-street-roasters-braddon?adjust_creative=92p07_JjKyriZTQxAXRiKQ&utm_campaign=yelp_api_v3&utm_medium=api_v3_business_lookup&utm_source=92p07_JjKyriZTQxAXRiKQ", "categories": [{"title": "Cafes", "alias": "cafes"}, {"title": "Coffee & Tea", "alias": "coffee"}], "image_url": "https://s3-media3.fl.yelpcdn.com/bphoto/-5J5QOdy1xNvwPdvXmJLxw/o.jpg", "is_closed": false, "phone": "+61261560975", "location": {"address3": null, "zip_code": "2612", "address1": "3/7 Lonsdale St", "address2": null, "city": "Braddon", "state": "ACT", "country": "AU"}, "name": "Lonsdale Street Roasters"}