{"price": "$$", "rating": 3.5, "coordinates": {"longitude": 149.1326752, "latitude": -35.2724991}, "is_claimed": false, "hours": [{"is_open_now": false, "open": [{"is_overnight": false, "day": 0, "end": "1500", "start": "0700"}, {"is_overnight": false, "day": 1, "end": "1500", "start": "0700"}, {"is_overnight": false, "day": 2, "end": "1500", "start": "0700"}, {"is_overnight": false, "day": 3, "end": "1500", "start": "0700"}, {"is_overnight": false, "day": 4, "end": "1500", "start": "0700"}, {"is_overnight": false, "day": 5, "end": "1600", "start": "0800"}, {"is_overnight": false, "day": 6, "end": "1600", "start": "0800"}], "hours_type": "REGULAR"}], "photos": ["https://s3-media3.fl.yelpcdn.com/bphoto/pC8loBfjd6f1nP041iFXmw/o.jpg", "https://s3-media1.fl.yelpcdn.com/bphoto/2lVmg6iHa85EURExqCZaYg/o.jpg", "https://s3-media1.fl.yelpcdn.com/bphoto/PqkCqYbF8cZynnuxq6Mb5g/o.jpg"], "review_count": 7, "id": "lonsdale-street-roasters-eatery-braddon", "term": "restaurants", "url": "https://www.yelp.com/biz/lonsdale-street-roasters-eatery-braddon?adjust_creative=92p07_JjKyriZTQxAXRiKQ&utm_campaign=yelp_api_v3&utm_medium=api_v3_business_lookup&utm_source=92p07_JjKyriZTQxAXRiKQ", "categories": [{"alias": "coffee", "title": "Coffee & Tea"}, {"alias": "breakfast_brunch", "title": "Breakfast & Brunch"}], "location": {"address3": "", "zip_code": "2612", "address1": "23 Lonsdale Street", "state": "ACT", "city": "Braddon", "address2": "", "country": "AU"}, "is_closed": false, "phone": "", "image_url": "https://s3-media4.fl.yelpcdn.com/bphoto/pC8loBfjd6f1nP041iFXmw/o.jpg", "name": "Lonsdale Street Roasters Eatery"}