{"price": "$$", "rating": 3.0, "coordinates": {"longitude": 149.132958909037, "latitude": -35.2727267389713}, "is_claimed": false, "photos": ["https://s3-media2.fl.yelpcdn.com/bphoto/Fsdr1mGTuhQdfAZYChFQWw/o.jpg", "https://s3-media3.fl.yelpcdn.com/bphoto/voqRpxlYnRinePa2-G03zg/o.jpg", "https://s3-media3.fl.yelpcdn.com/bphoto/T4B2CZO2Eo_SEroawAmv-w/o.jpg"], "review_count": 5, "id": "mood-food-and-co-braddon", "term": "restaurants", "url": "https://www.yelp.com/biz/mood-food-and-co-braddon?adjust_creative=92p07_JjKyriZTQxAXRiKQ&utm_campaign=yelp_api_v3&utm_medium=api_v3_business_lookup&utm_source=92p07_JjKyriZTQxAXRiKQ", "categories": [{"alias": "australian", "title": "Australian"}], "location": {"address3": "", "zip_code": "2612", "address1": "Unit 132", "state": "ACT", "city": "Braddon", "address2": "132 Lonsdale St", "country": "AU"}, "is_closed": false, "phone": "+61262578990", "image_url": "https://s3-media1.fl.yelpcdn.com/bphoto/Fsdr1mGTuhQdfAZYChFQWw/o.jpg", "name": "Mood Food & Co"}