{"id": "pita-pit-braddon-braddon", "rating": 4.0, "coordinates": {"longitude": 149.1317139, "latitude": -35.2729492}, "is_claimed": true, "hours": [{"is_open_now": false, "open": [{"is_overnight": false, "day": 0, "start": "0830", "end": "2100"}, {"is_overnight": false, "day": 1, "start": "0830", "end": "2100"}, {"is_overnight": false, "day": 2, "start": "0830", "end": "2100"}, {"is_overnight": false, "day": 3, "start": "0830", "end": "2100"}, {"is_overnight": false, "day": 4, "start": "0830", "end": "2100"}, {"is_overnight": false, "day": 5, "start": "0900", "end": "2000"}, {"is_overnight": false, "day": 6, "start": "1100", "end": "1600"}], "hours_type": "REGULAR"}], "photos": ["https://s3-media2.fl.yelpcdn.com/bphoto/k2WNspTH6Mazkz4dxeIf4g/o.jpg", "https://s3-media1.fl.yelpcdn.com/bphoto/JDvTt2BtlRj2HBD_r_tgAg/o.jpg", "https://s3-media1.fl.yelpcdn.com/bphoto/35CNoG0gBjDr2EscN9QEKg/o.jpg"], "review_count": 1, "term": "restaurants", "url": "https://www.yelp.com/biz/pita-pit-braddon-braddon?adjust_creative=92p07_JjKyriZTQxAXRiKQ&utm_campaign=yelp_api_v3&utm_medium=api_v3_business_lookup&utm_source=92p07_JjKyriZTQxAXRiKQ", "categories": [{"title": "Cafes", "alias": "cafes"}, {"title": "Sandwiches", "alias": "sandwiches"}], "image_url": "https://s3-media4.fl.yelpcdn.com/bphoto/k2WNspTH6Mazkz4dxeIf4g/o.jpg", "is_closed": false, "phone": "+61262472629", "location": {"address3": "", "zip_code": "2612", "address1": "Shop 4", "state": "ACT", "city": "Braddon", "address2": "38 Mort St", "country": "AU"}, "name": "Pita Pit Braddon"}