{"price": "$$", "rating": 4.0, "coordinates": {"longitude": 149.1326752, "latitude": -35.2724991}, "is_claimed": false, "hours": [{"is_open_now": false, "open": [{"is_overnight": false, "day": 1, "end": "2100", "start": "1730"}, {"is_overnight": false, "day": 2, "end": "2100", "start": "1730"}, {"is_overnight": false, "day": 3, "end": "2100", "start": "1730"}, {"is_overnight": false, "day": 4, "end": "2100", "start": "1730"}, {"is_overnight": false, "day": 5, "end": "2100", "start": "1730"}, {"is_overnight": false, "day": 6, "end": "2100", "start": "1730"}], "hours_type": "REGULAR"}], "photos": ["https://s3-media4.fl.yelpcdn.com/bphoto/GQiRA_gNDhDZa6dfQdlYoA/o.jpg", "https://s3-media3.fl.yelpcdn.com/bphoto/7hlYrEomd61B5Te9FxPZ-g/o.jpg", "https://s3-media1.fl.yelpcdn.com/bphoto/plVa6HVIFWUbv7XXFSMa8A/o.jpg"], "review_count": 3, "id": "pizza-gusto-braddon", "term": "restaurants", "url": "https://www.yelp.com/biz/pizza-gusto-braddon?adjust_creative=92p07_JjKyriZTQxAXRiKQ&utm_campaign=yelp_api_v3&utm_medium=api_v3_business_lookup&utm_source=92p07_JjKyriZTQxAXRiKQ", "categories": [{"alias": "pizza", "title": "Pizza"}], "location": {"address3": "", "zip_code": "2612", "address1": "23 Lonsdale St", "state": "ACT", "city": "Braddon", "address2": "", "country": "AU"}, "is_closed": false, "phone": "+61262577508", "image_url": "https://s3-media2.fl.yelpcdn.com/bphoto/GQiRA_gNDhDZa6dfQdlYoA/o.jpg", "name": "Pizza Gusto"}