{"id": "rye-cafe-and-bar-braddon", "rating": 0.0, "coordinates": {"longitude": 149.132334329188, "latitude": -35.2746760843915}, "is_claimed": false, "hours": [{"is_open_now": false, "open": [{"is_overnight": false, "day": 0, "start": "0630", "end": "1600"}, {"is_overnight": false, "day": 1, "start": "0630", "end": "1600"}, {"is_overnight": false, "day": 2, "start": "0630", "end": "0000"}, {"is_overnight": false, "day": 3, "start": "0630", "end": "0000"}, {"is_overnight": false, "day": 4, "start": "0630", "end": "0000"}, {"is_overnight": false, "day": 5, "start": "0630", "end": "0000"}, {"is_overnight": false, "day": 6, "start": "0630", "end": "1600"}], "hours_type": "REGULAR"}], "photos": ["https://s3-media1.fl.yelpcdn.com/bphoto/GirJtH1SVEl6nHpe2Cic3g/o.jpg"], "review_count": 0, "term": "restaurants", "url": "https://www.yelp.com/biz/rye-cafe-and-bar-braddon?adjust_creative=92p07_JjKyriZTQxAXRiKQ&utm_campaign=yelp_api_v3&utm_medium=api_v3_business_lookup&utm_source=92p07_JjKyriZTQxAXRiKQ", "categories": [{"alias": "bars", "title": "Bars"}, {"alias": "cafes", "title": "Cafes"}], "location": {"address3": null, "zip_code": "2612", "address1": "9 Lonsdale St", "address2": "", "city": "Braddon", "state": "ACT", "country": "AU"}, "is_closed": false, "phone": "+61437437842", "image_url": "https://s3-media4.fl.yelpcdn.com/bphoto/GirJtH1SVEl6nHpe2Cic3g/o.jpg", "name": "RYE Cafe and Bar"}