{"id": "sage-restaurant-and-mint-garden-braddon", "rating": 4.0, "coordinates": {"longitude": 149.1403558, "latitude": -35.2762733}, "is_claimed": false, "photos": ["https://s3-media2.fl.yelpcdn.com/bphoto/rCSEhbDJkwY4gSzYfK-yuw/o.jpg", "https://s3-media1.fl.yelpcdn.com/bphoto/9LI8xQPfuDjKrVFLFApsmA/o.jpg", "https://s3-media2.fl.yelpcdn.com/bphoto/s15j_F4v8tcxSQ61tdhFBw/o.jpg"], "review_count": 4, "term": "restaurants", "url": "https://www.yelp.com/biz/sage-restaurant-and-mint-garden-braddon?adjust_creative=92p07_JjKyriZTQxAXRiKQ&utm_campaign=yelp_api_v3&utm_medium=api_v3_business_lookup&utm_source=92p07_JjKyriZTQxAXRiKQ", "categories": [{"alias": "australian", "title": "Australian"}, {"alias": "bars", "title": "Bars"}], "location": {"address3": "", "zip_code": "2612", "address1": "Gorman House Arts Centre", "address2": "Batman Street", "city": "Braddon", "state": "ACT", "country": "AU"}, "is_closed": false, "phone": "+61262496050", "image_url": "https://s3-media1.fl.yelpcdn.com/bphoto/rCSEhbDJkwY4gSzYfK-yuw/o.jpg", "name": "Sage Restaurant and Mint Garden"}