{"price": "$$", "rating": 4.5, "coordinates": {"longitude": 149.13317903165, "latitude": -35.2733279324708}, "is_claimed": false, "hours": [{"is_open_now": false, "open": [{"is_overnight": false, "end": "1600", "start": "0730", "day": 0}, {"is_overnight": false, "end": "1600", "start": "0730", "day": 1}, {"is_overnight": false, "end": "1600", "start": "0730", "day": 2}, {"is_overnight": false, "end": "1600", "start": "0730", "day": 3}, {"is_overnight": false, "end": "1600", "start": "0730", "day": 4}, {"is_overnight": false, "end": "1600", "start": "0730", "day": 5}, {"is_overnight": false, "end": "1500", "start": "0830", "day": 6}], "hours_type": "REGULAR"}], "photos": ["https://s3-media4.fl.yelpcdn.com/bphoto/njpOCdcaxJDiuzhQ-oa_EQ/o.jpg", "https://s3-media3.fl.yelpcdn.com/bphoto/ukckgU51CDUPcrxVoFgk7g/o.jpg", "https://s3-media1.fl.yelpcdn.com/bphoto/UnCuDgqW89Vn5flP_hBrJg/o.jpg"], "review_count": 5, "id": "sweet-bones-bakery-cafe-braddon-2", "term": "restaurants", "url": "https://www.yelp.com/biz/sweet-bones-bakery-cafe-braddon-2?adjust_creative=92p07_JjKyriZTQxAXRiKQ&utm_campaign=yelp_api_v3&utm_medium=api_v3_business_lookup&utm_source=92p07_JjKyriZTQxAXRiKQ", "categories": [{"alias": "vegan", "title": "Vegan"}, {"alias": "bakeries", "title": "Bakeries"}], "location": {"address3": "", "zip_code": "2612", "address1": "Shop 8", "state": "ACT", "city": "Braddon", "address2": "18 Lonsdale St", "country": "AU"}, "is_closed": false, "phone": "+61413067890", "image_url": "https://s3-media4.fl.yelpcdn.com/bphoto/njpOCdcaxJDiuzhQ-oa_EQ/o.jpg", "name": "Sweet Bones Bakery Cafe"}