{"id": "golden-chain-forrest-hotel-and-apartments-forrest", "rating": 0.0, "coordinates": {"longitude": 149.1279297, "latitude": -35.3153801}, "is_claimed": false, "photos": [], "review_count": 0, "term": "hotels", "url": "https://www.yelp.com/biz/golden-chain-forrest-hotel-and-apartments-forrest?adjust_creative=92p07_JjKyriZTQxAXRiKQ&utm_campaign=yelp_api_v3&utm_medium=api_v3_business_lookup&utm_source=92p07_JjKyriZTQxAXRiKQ", "categories": [{"alias": "hotels", "title": "Hotels"}], "location": {"address3": null, "zip_code": "2603", "address1": "30 National Cct", "state": "ACT", "city": "Forrest", "address2": null, "country": "AU"}, "is_closed": false, "phone": "+61262034300", "image_url": "", "name": "Golden Chain Forrest Hotel & Apartments"}