{"id": "no-frills-car-rentals-forrest", "rating": 0.0, "coordinates": {"longitude": 149.1298676, "latitude": -35.31427}, "is_claimed": false, "photos": [], "review_count": 0, "term": "hotels", "url": "https://www.yelp.com/biz/no-frills-car-rentals-forrest?adjust_creative=92p07_JjKyriZTQxAXRiKQ&utm_campaign=yelp_api_v3&utm_medium=api_v3_business_lookup&utm_source=92p07_JjKyriZTQxAXRiKQ", "categories": [{"alias": "carrental", "title": "Car Rental"}], "location": {"address3": null, "zip_code": "2603", "address1": "Rydges Capital Hill Hotel, Canberra Ave & National Circuit", "address2": null, "city": "Forrest", "state": "ACT", "country": "AU"}, "is_closed": false, "phone": "+61262956110", "image_url": "", "name": "No Frills Car Rentals"}