{"id": "flight-centre-gungahlin-gungahlin", "rating": 0.0, "coordinates": {"longitude": 149.1360931, "latitude": -35.1859016}, "is_claimed": false, "photos": [], "review_count": 0, "term": "hotels", "url": "https://www.yelp.com/biz/flight-centre-gungahlin-gungahlin?adjust_creative=92p07_JjKyriZTQxAXRiKQ&utm_campaign=yelp_api_v3&utm_medium=api_v3_business_lookup&utm_source=92p07_JjKyriZTQxAXRiKQ", "categories": [{"title": "Travel Services", "alias": "travelservices"}], "location": {"address3": null, "zip_code": "2912", "address1": "Shop 9, The G Shopping Centre 46-48 Hibberson St", "address2": null, "city": "Gungahlin", "state": "ACT", "country": "AU"}, "is_closed": false, "phone": "+1300755332", "image_url": "", "name": "Flight Centre Gungahlin"}