{"id": "flight-centre-gungahlin-2", "rating": 0.0, "coordinates": {"longitude": 149.1360931, "latitude": -35.1859016}, "is_claimed": false, "photos": [], "review_count": 0, "term": "hotels", "url": "https://www.yelp.com/biz/flight-centre-gungahlin-2?adjust_creative=92p07_JjKyriZTQxAXRiKQ&utm_campaign=yelp_api_v3&utm_medium=api_v3_business_lookup&utm_source=92p07_JjKyriZTQxAXRiKQ", "categories": [{"alias": "travelservices", "title": "Travel Services"}], "location": {"address3": null, "zip_code": "2912", "address1": "Shop 9, The G Shopping Centre, 46 - 48 Hibberson Street", "state": "ACT", "city": "Gungahlin", "address2": null, "country": "AU"}, "is_closed": false, "phone": "+61262194533", "image_url": "", "name": "Flight Centre"}