{"id": "jamison-travel-gungahlin-gungahlin", "rating": 0.0, "coordinates": {"longitude": 149.1341248, "latitude": -35.1852493}, "is_claimed": false, "photos": [], "review_count": 0, "term": "hotels", "url": "https://www.yelp.com/biz/jamison-travel-gungahlin-gungahlin?adjust_creative=92p07_JjKyriZTQxAXRiKQ&utm_campaign=yelp_api_v3&utm_medium=api_v3_business_lookup&utm_source=92p07_JjKyriZTQxAXRiKQ", "categories": [{"alias": "travelservices", "title": "Travel Services"}], "location": {"address3": null, "zip_code": "2912", "address1": "33 Hibberson St", "address2": null, "city": "Gungahlin", "state": "ACT", "country": "AU"}, "is_closed": false, "phone": "+61262416949", "image_url": "", "name": "Jamison Travel Gungahlin"}