{"id": "cockington-green-gardens-nicholls", "rating": 5.0, "coordinates": {"longitude": 149.087265, "latitude": -35.192009}, "is_claimed": false, "photos": ["https://s3-media3.fl.yelpcdn.com/bphoto/axSIOf5Km3i74p0EJVo1hw/o.jpg", "https://s3-media2.fl.yelpcdn.com/bphoto/EVGwT2RETJ_EQLMuKcLq5w/o.jpg", "https://s3-media1.fl.yelpcdn.com/bphoto/AT9uRl8XQuRU22bJqHwBFg/o.jpg"], "review_count": 1, "term": "hotels", "url": "https://www.yelp.com/biz/cockington-green-gardens-nicholls?adjust_creative=92p07_JjKyriZTQxAXRiKQ&utm_campaign=yelp_api_v3&utm_medium=api_v3_business_lookup&utm_source=92p07_JjKyriZTQxAXRiKQ", "categories": [{"alias": "travelservices", "title": "Travel Services"}], "location": {"address3": null, "zip_code": "2913", "address1": "11 Gold Creek Rd", "address2": null, "city": "Nicholls", "state": "ACT", "country": "AU"}, "is_closed": false, "phone": "+61262570291", "image_url": "https://s3-media3.fl.yelpcdn.com/bphoto/axSIOf5Km3i74p0EJVo1hw/o.jpg", "name": "Cockington Green Gardens"}