{"id": "gold-creek-tourist-resort-nicholls", "rating": 0.0, "coordinates": {"longitude": 149.0841522, "latitude": -35.1909294}, "is_claimed": false, "photos": [], "review_count": 0, "term": "hotels", "url": "https://www.yelp.com/biz/gold-creek-tourist-resort-nicholls?adjust_creative=92p07_JjKyriZTQxAXRiKQ&utm_campaign=yelp_api_v3&utm_medium=api_v3_business_lookup&utm_source=92p07_JjKyriZTQxAXRiKQ", "categories": [{"title": "Hotels", "alias": "hotels"}], "image_url": "", "is_closed": false, "phone": "+61262413000", "location": {"address3": null, "zip_code": "2913", "address1": "O'Hanlon Pl", "address2": null, "city": "Nicholls", "state": "ACT", "country": "AU"}, "name": "Gold Creek Tourist Resort"}