{"id": "national-dinosaur-museum-nicholls", "rating": 3.0, "coordinates": {"longitude": 149.0783997, "latitude": -35.1880112}, "is_claimed": false, "photos": ["https://s3-media1.fl.yelpcdn.com/bphoto/fT8LttXsdo3514s7KMHXjQ/o.jpg", "https://s3-media2.fl.yelpcdn.com/bphoto/CnfqFHljW5sMYOssvo4eaw/o.jpg", "https://s3-media3.fl.yelpcdn.com/bphoto/19XrUtv48YyAsTcbfTw1mQ/o.jpg"], "review_count": 1, "term": "hotels", "url": "https://www.yelp.com/biz/national-dinosaur-museum-nicholls?adjust_creative=92p07_JjKyriZTQxAXRiKQ&utm_campaign=yelp_api_v3&utm_medium=api_v3_business_lookup&utm_source=92p07_JjKyriZTQxAXRiKQ", "categories": [{"title": "Travel Services", "alias": "travelservices"}], "image_url": "https://s3-media3.fl.yelpcdn.com/bphoto/fT8LttXsdo3514s7KMHXjQ/o.jpg", "is_closed": false, "phone": "+61262302655", "location": {"address3": null, "zip_code": "2913", "address1": "Barton Hwy", "address2": null, "city": "Nicholls", "state": "ACT", "country": "AU"}, "name": "National Dinosaur Museum"}