{"id": "the-abbey-nicholls", "rating": 5.0, "coordinates": {"longitude": 149.0836945, "latitude": -35.1903305}, "is_claimed": false, "photos": [], "review_count": 2, "term": "hotels", "url": "https://www.yelp.com/biz/the-abbey-nicholls?adjust_creative=92p07_JjKyriZTQxAXRiKQ&utm_campaign=yelp_api_v3&utm_medium=api_v3_business_lookup&utm_source=92p07_JjKyriZTQxAXRiKQ", "categories": [{"title": "Venues & Event Spaces", "alias": "venues"}], "location": {"address3": "", "zip_code": "2913", "address1": "26 O'hanlon Pl", "address2": "", "city": "Nicholls", "state": "ACT", "country": "AU"}, "is_closed": false, "phone": "+61262302905", "image_url": "", "name": "The Abbey"}