{"id": "bella-vista-restaurant-belconnen", "rating": 5.0, "coordinates": {"longitude": 149.0716705, "latitude": -35.2376595}, "is_claimed": false, "hours": [{"is_open_now": false, "open": [{"is_overnight": false, "day": 0, "start": "1200", "end": "1400"}, {"is_overnight": false, "day": 0, "start": "1730", "end": "2100"}, {"is_overnight": false, "day": 1, "start": "1200", "end": "1400"}, {"is_overnight": false, "day": 1, "start": "1730", "end": "2100"}, {"is_overnight": false, "day": 2, "start": "1200", "end": "1400"}, {"is_overnight": false, "day": 2, "start": "1730", "end": "2100"}, {"is_overnight": false, "day": 3, "start": "1200", "end": "1400"}, {"is_overnight": false, "day": 3, "start": "1730", "end": "2100"}, {"is_overnight": false, "day": 4, "start": "1200", "end": "1400"}, {"is_overnight": false, "day": 4, "start": "1730", "end": "2100"}, {"is_overnight": false, "day": 5, "start": "1730", "end": "2100"}], "hours_type": "REGULAR"}], "photos": ["https://s3-media2.fl.yelpcdn.com/bphoto/xo4WEhplzLOitKF6RahwBw/o.jpg"], "review_count": 1, "term": "restaurants", "url": "https://www.yelp.com/biz/bella-vista-restaurant-belconnen?adjust_creative=92p07_JjKyriZTQxAXRiKQ&utm_campaign=yelp_api_v3&utm_medium=api_v3_business_lookup&utm_source=92p07_JjKyriZTQxAXRiKQ", "categories": [{"alias": "italian", "title": "Italian"}], "location": {"address3": null, "zip_code": "2617", "address1": "84 Emu Bank", "address2": null, "city": "Belconnen", "state": "ACT", "country": "AU"}, "is_closed": false, "phone": "+61262532266", "image_url": "https://s3-media4.fl.yelpcdn.com/bphoto/xo4WEhplzLOitKF6RahwBw/o.jpg", "name": "Bella Vista Restaurant"}