{"price": "$", "rating": 2.5, "coordinates": {"longitude": 149.0654297, "latitude": -35.23563}, "is_claimed": false, "photos": ["https://s3-media4.fl.yelpcdn.com/bphoto/H27mzrJTG8hL2TT_GoTx_Q/o.jpg", "https://s3-media2.fl.yelpcdn.com/bphoto/-Vv5GdfccHESK29FOWgWWA/o.jpg"], "review_count": 3, "id": "black-pepper-cafe-and-bar-belconnen", "term": "restaurants", "url": "https://www.yelp.com/biz/black-pepper-cafe-and-bar-belconnen?adjust_creative=92p07_JjKyriZTQxAXRiKQ&utm_campaign=yelp_api_v3&utm_medium=api_v3_business_lookup&utm_source=92p07_JjKyriZTQxAXRiKQ", "categories": [{"alias": "cafes", "title": "Cafes"}], "location": {"address3": null, "zip_code": "2617", "address1": "1 Beissel St", "state": "ACT", "city": "Belconnen", "address2": null, "country": "AU"}, "is_closed": false, "phone": "+61262510922", "image_url": "https://s3-media3.fl.yelpcdn.com/bphoto/H27mzrJTG8hL2TT_GoTx_Q/o.jpg", "name": "Black Pepper Cafe & Bar"}