{"id": "can-tho-vietmanese-and-chinese-restaurant-belconnen", "rating": 2.0, "coordinates": {"longitude": 149.0630646, "latitude": -35.2418098}, "is_claimed": false, "photos": ["https://s3-media1.fl.yelpcdn.com/bphoto/w-er-ZCnbS9MaWKPHiGzPQ/o.jpg", "https://s3-media1.fl.yelpcdn.com/bphoto/YlZfNTTqSw0kVLAJmWeP9g/o.jpg"], "review_count": 1, "term": "restaurants", "url": "https://www.yelp.com/biz/can-tho-vietmanese-and-chinese-restaurant-belconnen?adjust_creative=92p07_JjKyriZTQxAXRiKQ&utm_campaign=yelp_api_v3&utm_medium=api_v3_business_lookup&utm_source=92p07_JjKyriZTQxAXRiKQ", "categories": [{"alias": "restaurants", "title": "Restaurants"}], "location": {"address3": null, "zip_code": "2617", "address1": "38 Weedon Cl", "state": "ACT", "city": "Belconnen", "address2": null, "country": "AU"}, "is_closed": false, "phone": "+61262513682", "image_url": "https://s3-media1.fl.yelpcdn.com/bphoto/w-er-ZCnbS9MaWKPHiGzPQ/o.jpg", "name": "Can Tho Vietmanese & Chinese Restaurant"}