{"id": "chatterbox-espresso-bar-belconnen", "rating": 5.0, "coordinates": {"longitude": 149.070861896757, "latitude": -35.2413544487629}, "is_claimed": false, "hours": [{"is_open_now": false, "open": [{"is_overnight": false, "day": 0, "start": "0630", "end": "1600"}, {"is_overnight": false, "day": 1, "start": "0630", "end": "1600"}, {"is_overnight": false, "day": 2, "start": "0630", "end": "1600"}, {"is_overnight": false, "day": 3, "start": "0630", "end": "1600"}, {"is_overnight": false, "day": 4, "start": "0630", "end": "1600"}, {"is_overnight": false, "day": 5, "start": "0800", "end": "1330"}, {"is_overnight": false, "day": 6, "start": "0800", "end": "1330"}], "hours_type": "REGULAR"}], "photos": [], "review_count": 1, "term": "restaurants", "url": "https://www.yelp.com/biz/chatterbox-espresso-bar-belconnen?adjust_creative=92p07_JjKyriZTQxAXRiKQ&utm_campaign=yelp_api_v3&utm_medium=api_v3_business_lookup&utm_source=92p07_JjKyriZTQxAXRiKQ", "categories": [{"title": "Coffee & Tea", "alias": "coffee"}, {"title": "Breakfast & Brunch", "alias": "breakfast_brunch"}], "image_url": "", "is_closed": false, "phone": "+61262517453", "location": {"address3": "", "zip_code": "2617", "address1": "40 Cameron Ave", "state": "ACT", "city": "Belconnen", "address2": "", "country": "AU"}, "name": "Chatterbox Espresso Bar"}