{"id": "crust-pizza-belconnen", "rating": 0.0, "coordinates": {"longitude": 149.071506, "latitude": -35.238299}, "is_claimed": true, "hours": [{"is_open_now": true, "open": [{"is_overnight": false, "end": "2130", "day": 0, "start": "1600"}, {"is_overnight": false, "end": "2130", "day": 1, "start": "1600"}, {"is_overnight": false, "end": "2130", "day": 2, "start": "1600"}, {"is_overnight": false, "end": "2200", "day": 3, "start": "1600"}, {"is_overnight": false, "end": "2200", "day": 4, "start": "1600"}, {"is_overnight": false, "end": "2200", "day": 5, "start": "1600"}, {"is_overnight": false, "end": "2200", "day": 6, "start": "1600"}], "hours_type": "REGULAR"}], "photos": ["https://s3-media4.fl.yelpcdn.com/bphoto/nCUUzgCjd48HwFxuPZpGpQ/o.jpg", "https://s3-media2.fl.yelpcdn.com/bphoto/CXb3Id9KNbzkZdOo0-xuLA/o.jpg"], "review_count": 0, "price": "$$", "term": "restaurants", "url": "https://www.yelp.com/biz/crust-pizza-belconnen?adjust_creative=92p07_JjKyriZTQxAXRiKQ&utm_campaign=yelp_api_v3&utm_medium=api_v3_business_lookup&utm_source=92p07_JjKyriZTQxAXRiKQ", "categories": [{"title": "Pizza", "alias": "pizza"}], "location": {"address3": "", "zip_code": "2617", "address1": "68-70 Emu Bank", "address2": "", "city": "Belconnen", "state": "ACT", "country": "AU"}, "is_closed": false, "phone": "+61262512111", "image_url": "https://s3-media2.fl.yelpcdn.com/bphoto/nCUUzgCjd48HwFxuPZpGpQ/o.jpg", "name": "Crust Pizza"}