{"id": "mad-mex-belconnen", "rating": 4.0, "coordinates": {"longitude": 149.064890251113, "latitude": -35.2378148194433}, "is_claimed": false, "photos": [], "review_count": 1, "price": "$", "term": "restaurants", "url": "https://www.yelp.com/biz/mad-mex-belconnen?adjust_creative=92p07_JjKyriZTQxAXRiKQ&utm_campaign=yelp_api_v3&utm_medium=api_v3_business_lookup&utm_source=92p07_JjKyriZTQxAXRiKQ", "categories": [{"alias": "mexican", "title": "Mexican"}], "location": {"address3": "", "zip_code": "2617", "address1": "Level 3", "address2": "18 Benjamin Way,  Westfield Belconnen", "city": "Belconnen", "state": "ACT", "country": "AU"}, "is_closed": false, "phone": "+61262519850", "image_url": "", "name": "Mad Mex"}