{"id": "malaysian-chapter-belconnen", "rating": 5.0, "coordinates": {"longitude": 149.062700084471, "latitude": -35.2411370359122}, "is_claimed": false, "hours": [{"is_open_now": false, "open": [{"is_overnight": false, "day": 0, "start": "1730", "end": "2100"}, {"is_overnight": false, "day": 1, "start": "1200", "end": "1400"}, {"is_overnight": false, "day": 1, "start": "1730", "end": "2100"}, {"is_overnight": false, "day": 2, "start": "1200", "end": "1400"}, {"is_overnight": false, "day": 2, "start": "1730", "end": "2100"}, {"is_overnight": false, "day": 3, "start": "1200", "end": "1400"}, {"is_overnight": false, "day": 3, "start": "1730", "end": "2100"}, {"is_overnight": false, "day": 4, "start": "1200", "end": "1400"}, {"is_overnight": false, "day": 4, "start": "1730", "end": "2100"}, {"is_overnight": false, "day": 5, "start": "1200", "end": "1400"}, {"is_overnight": false, "day": 5, "start": "1730", "end": "2100"}], "hours_type": "REGULAR"}], "photos": ["https://s3-media4.fl.yelpcdn.com/bphoto/MnyiKwF_w-PHm-hKVhO2Rg/o.jpg", "https://s3-media4.fl.yelpcdn.com/bphoto/aTz2SJo2wJmat8JeifwfuQ/o.jpg", "https://s3-media2.fl.yelpcdn.com/bphoto/-6rGgQqZfzX2cntRd39Fvg/o.jpg"], "review_count": 1, "term": "restaurants", "url": "https://www.yelp.com/biz/malaysian-chapter-belconnen?adjust_creative=92p07_JjKyriZTQxAXRiKQ&utm_campaign=yelp_api_v3&utm_medium=api_v3_business_lookup&utm_source=92p07_JjKyriZTQxAXRiKQ", "categories": [{"title": "Malaysian", "alias": "malaysian"}, {"title": "Vegan", "alias": "vegan"}], "image_url": "https://s3-media2.fl.yelpcdn.com/bphoto/MnyiKwF_w-PHm-hKVhO2Rg/o.jpg", "is_closed": false, "phone": "+612625151670", "location": {"address3": "", "zip_code": "2617", "address1": "8 Weedon Cl", "state": "ACT", "city": "Belconnen", "address2": "", "country": "AU"}, "name": "Malaysian Chapter"}