{"id": "nandos-belconnen", "rating": 2.0, "coordinates": {"longitude": 149.063221986211, "latitude": -35.2379442950003}, "is_claimed": false, "photos": ["https://s3-media3.fl.yelpcdn.com/bphoto/PNIK5rwDo9xL1WOSax9B-Q/o.jpg"], "review_count": 2, "term": "restaurants", "url": "https://www.yelp.com/biz/nandos-belconnen?adjust_creative=92p07_JjKyriZTQxAXRiKQ&utm_campaign=yelp_api_v3&utm_medium=api_v3_business_lookup&utm_source=92p07_JjKyriZTQxAXRiKQ", "categories": [{"title": "Chicken Shop", "alias": "chickenshop"}, {"title": "Burgers", "alias": "burgers"}], "image_url": "https://s3-media1.fl.yelpcdn.com/bphoto/PNIK5rwDo9xL1WOSax9B-Q/o.jpg", "is_closed": false, "phone": "+61262512788", "location": {"address3": "", "zip_code": "2617", "address1": "Shop 326, Westfield Shopping Centre", "state": "ACT", "city": "Belconnen", "address2": "Benjamin Way", "country": "AU"}, "name": "Nando's"}