{"id": "outback-jacks-belconnen", "rating": 2.0, "coordinates": {"longitude": 149.068178076365, "latitude": -35.2379396639703}, "is_claimed": false, "hours": [{"is_open_now": true, "open": [{"is_overnight": false, "day": 0, "start": "1100", "end": "2300"}, {"is_overnight": false, "day": 1, "start": "1100", "end": "2300"}, {"is_overnight": false, "day": 2, "start": "1100", "end": "2300"}, {"is_overnight": false, "day": 3, "start": "1100", "end": "2300"}, {"is_overnight": false, "day": 4, "start": "1100", "end": "2300"}, {"is_overnight": false, "day": 5, "start": "1100", "end": "2300"}, {"is_overnight": false, "day": 6, "start": "1100", "end": "2300"}], "hours_type": "REGULAR"}], "photos": ["https://s3-media2.fl.yelpcdn.com/bphoto/-VCgULi-jgXcCBIW3v9LIw/o.jpg", "https://s3-media1.fl.yelpcdn.com/bphoto/joObaEmLu01CEz0t7xt2qw/o.jpg", "https://s3-media3.fl.yelpcdn.com/bphoto/62AIMJEUMVbmbJyzMq7QEw/o.jpg"], "review_count": 5, "price": "$$$", "term": "restaurants", "url": "https://www.yelp.com/biz/outback-jacks-belconnen?adjust_creative=92p07_JjKyriZTQxAXRiKQ&utm_campaign=yelp_api_v3&utm_medium=api_v3_business_lookup&utm_source=92p07_JjKyriZTQxAXRiKQ", "categories": [{"alias": "steak", "title": "Steakhouses"}, {"alias": "australian", "title": "Australian"}], "location": {"address3": "", "zip_code": "2617", "address1": "Shop 332 Level 3, Westfield", "address2": "Benjamin Way", "city": "Belconnen", "state": "ACT", "country": "AU"}, "is_closed": false, "phone": "+61262518381", "image_url": "https://s3-media4.fl.yelpcdn.com/bphoto/-VCgULi-jgXcCBIW3v9LIw/o.jpg", "name": "Outback Jack's"}