{"id": "pho-hub-belconnen", "rating": 4.0, "coordinates": {"longitude": 149.06781, "latitude": -35.23951}, "is_claimed": false, "hours": [{"is_open_now": false, "open": [{"is_overnight": false, "end": "1500", "day": 2, "start": "1000"}, {"is_overnight": false, "end": "2200", "day": 2, "start": "1700"}, {"is_overnight": false, "end": "1530", "day": 3, "start": "1000"}, {"is_overnight": false, "end": "2230", "day": 3, "start": "1700"}, {"is_overnight": false, "end": "1530", "day": 5, "start": "1000"}, {"is_overnight": false, "end": "2230", "day": 5, "start": "1700"}, {"is_overnight": false, "end": "1500", "day": 6, "start": "1000"}, {"is_overnight": false, "end": "2200", "day": 6, "start": "1700"}], "hours_type": "REGULAR"}], "photos": [], "review_count": 1, "term": "restaurants", "url": "https://www.yelp.com/biz/pho-hub-belconnen?adjust_creative=92p07_JjKyriZTQxAXRiKQ&utm_campaign=yelp_api_v3&utm_medium=api_v3_business_lookup&utm_source=92p07_JjKyriZTQxAXRiKQ", "categories": [{"title": "Vietnamese", "alias": "vietnamese"}], "location": {"address3": "", "zip_code": "2617", "address1": "39 Benjamin Way", "address2": "", "city": "Belconnen", "state": "ACT", "country": "AU"}, "is_closed": false, "phone": "+61262510367", "image_url": "", "name": "Pho Hub"}