{"id": "prince-palace-chinese-restaurant-belconnen", "rating": 5.0, "coordinates": {"longitude": 149.0699485, "latitude": -35.2360486}, "is_claimed": false, "hours": [{"is_open_now": false, "open": [{"is_overnight": false, "end": "1430", "start": "1130", "day": 0}, {"is_overnight": false, "end": "2230", "start": "1730", "day": 0}, {"is_overnight": false, "end": "1430", "start": "1130", "day": 1}, {"is_overnight": false, "end": "2230", "start": "1730", "day": 1}, {"is_overnight": false, "end": "1430", "start": "1130", "day": 2}, {"is_overnight": false, "end": "2230", "start": "1730", "day": 2}, {"is_overnight": false, "end": "1430", "start": "1130", "day": 3}, {"is_overnight": false, "end": "2230", "start": "1730", "day": 3}, {"is_overnight": false, "end": "1430", "start": "1130", "day": 4}, {"is_overnight": false, "end": "0000", "start": "1730", "day": 4}, {"is_overnight": false, "end": "1430", "start": "1130", "day": 5}, {"is_overnight": false, "end": "0000", "start": "1730", "day": 5}, {"is_overnight": false, "end": "1430", "start": "1130", "day": 6}, {"is_overnight": false, "end": "2230", "start": "1730", "day": 6}], "hours_type": "REGULAR"}], "photos": ["https://s3-media1.fl.yelpcdn.com/bphoto/RiqnrgqO1Asle_Rv7UtLjg/o.jpg", "https://s3-media2.fl.yelpcdn.com/bphoto/5zjq4k0fh7BwnxF0Lvgn7g/o.jpg", "https://s3-media4.fl.yelpcdn.com/bphoto/MP5uY_tIkRsyhAMnjBoueA/o.jpg"], "review_count": 2, "term": "restaurants", "url": "https://www.yelp.com/biz/prince-palace-chinese-restaurant-belconnen?adjust_creative=92p07_JjKyriZTQxAXRiKQ&utm_campaign=yelp_api_v3&utm_medium=api_v3_business_lookup&utm_source=92p07_JjKyriZTQxAXRiKQ", "categories": [{"title": "Chinese", "alias": "chinese"}], "image_url": "https://s3-media2.fl.yelpcdn.com/bphoto/RiqnrgqO1Asle_Rv7UtLjg/o.jpg", "is_closed": false, "phone": "+61262513838", "location": {"address3": null, "zip_code": "2617", "address1": "114 Emu Bank", "address2": "", "city": "Belconnen", "state": "ACT", "country": "AU"}, "name": "Prince Palace Chinese Restaurant"}