{"id": "punjabi-junction-belconnen", "rating": 2.0, "coordinates": {"longitude": 149.0679941, "latitude": -35.2422663}, "is_claimed": false, "hours": [{"is_open_now": false, "open": [{"is_overnight": false, "day": 0, "start": "1130", "end": "1430"}, {"is_overnight": false, "day": 0, "start": "1700", "end": "2230"}, {"is_overnight": false, "day": 1, "start": "1130", "end": "1430"}, {"is_overnight": false, "day": 1, "start": "1700", "end": "2230"}, {"is_overnight": false, "day": 2, "start": "1130", "end": "1430"}, {"is_overnight": false, "day": 2, "start": "1700", "end": "2230"}, {"is_overnight": false, "day": 3, "start": "1130", "end": "1430"}, {"is_overnight": false, "day": 3, "start": "1700", "end": "2230"}, {"is_overnight": false, "day": 4, "start": "1130", "end": "1430"}, {"is_overnight": false, "day": 4, "start": "1700", "end": "2230"}, {"is_overnight": false, "day": 5, "start": "1700", "end": "2230"}, {"is_overnight": false, "day": 6, "start": "1700", "end": "2230"}], "hours_type": "REGULAR"}], "photos": ["https://s3-media4.fl.yelpcdn.com/bphoto/oqngr0EhemgXw7u0dPBl0A/o.jpg", "https://s3-media3.fl.yelpcdn.com/bphoto/dpo5Uck8Grs-huV1jfyPYg/o.jpg", "https://s3-media2.fl.yelpcdn.com/bphoto/rZydmQiTCcE1T-rwKi8HbA/o.jpg"], "review_count": 1, "term": "restaurants", "url": "https://www.yelp.com/biz/punjabi-junction-belconnen?adjust_creative=92p07_JjKyriZTQxAXRiKQ&utm_campaign=yelp_api_v3&utm_medium=api_v3_business_lookup&utm_source=92p07_JjKyriZTQxAXRiKQ", "categories": [{"alias": "indpak", "title": "Indian"}], "location": {"address3": "", "zip_code": "2617", "address1": "Shop 1", "address2": "57 Benjamin Way", "city": "Belconnen", "state": "ACT", "country": "AU"}, "is_closed": false, "phone": "+61261813311", "image_url": "https://s3-media4.fl.yelpcdn.com/bphoto/oqngr0EhemgXw7u0dPBl0A/o.jpg", "name": "Punjabi Junction"}