{"id": "taj-agra-belconnen", "rating": 4.0, "coordinates": {"longitude": 149.0597229, "latitude": -35.2363815}, "is_claimed": false, "hours": [{"is_open_now": false, "open": [{"is_overnight": false, "day": 0, "start": "1730", "end": "2200"}, {"is_overnight": false, "day": 1, "start": "1200", "end": "1400"}, {"is_overnight": false, "day": 1, "start": "1730", "end": "2200"}, {"is_overnight": false, "day": 2, "start": "1200", "end": "1400"}, {"is_overnight": false, "day": 2, "start": "1730", "end": "2200"}, {"is_overnight": false, "day": 3, "start": "1200", "end": "1400"}, {"is_overnight": false, "day": 3, "start": "1730", "end": "2200"}, {"is_overnight": false, "day": 4, "start": "1200", "end": "1400"}, {"is_overnight": false, "day": 4, "start": "1730", "end": "2200"}, {"is_overnight": false, "day": 5, "start": "1730", "end": "2200"}, {"is_overnight": false, "day": 6, "start": "1730", "end": "2200"}], "hours_type": "REGULAR"}], "photos": [], "review_count": 1, "term": "restaurants", "url": "https://www.yelp.com/biz/taj-agra-belconnen?adjust_creative=92p07_JjKyriZTQxAXRiKQ&utm_campaign=yelp_api_v3&utm_medium=api_v3_business_lookup&utm_source=92p07_JjKyriZTQxAXRiKQ", "categories": [{"title": "Indian", "alias": "indpak"}], "image_url": "", "is_closed": false, "phone": "+61262517747", "location": {"address3": "", "zip_code": "2617", "address1": "Suite 6", "state": "ACT", "city": "Belconnen", "address2": "8 Luxton St", "country": "AU"}, "name": "Taj Agra"}