{"id": "salotto-canberra", "rating": 5.0, "coordinates": {"longitude": 149.141027, "latitude": -35.3165701}, "is_claimed": false, "hours": [{"is_open_now": false, "open": [{"is_overnight": false, "day": 1, "start": "0900", "end": "0000"}, {"is_overnight": false, "day": 2, "start": "0900", "end": "0000"}, {"is_overnight": false, "day": 3, "start": "0900", "end": "0000"}, {"is_overnight": false, "day": 4, "start": "0900", "end": "0000"}, {"is_overnight": false, "day": 5, "start": "0900", "end": "0000"}], "hours_type": "REGULAR"}], "photos": ["https://s3-media4.fl.yelpcdn.com/bphoto/ieMxt4Chax_009u9TTvv0g/o.jpg", "https://s3-media3.fl.yelpcdn.com/bphoto/2f5gpSq8qB1U_YlaYBw3fA/o.jpg", "https://s3-media1.fl.yelpcdn.com/bphoto/UyqFKhTugt9ATNedwlywhQ/o.jpg"], "review_count": 1, "term": "restaurants", "url": "https://www.yelp.com/biz/salotto-canberra?adjust_creative=92p07_JjKyriZTQxAXRiKQ&utm_campaign=yelp_api_v3&utm_medium=api_v3_business_lookup&utm_source=92p07_JjKyriZTQxAXRiKQ", "categories": [{"alias": "bars", "title": "Bars"}, {"alias": "australian", "title": "Australian"}], "location": {"address3": "", "zip_code": "2604", "address1": "25 Kennedy St", "address2": null, "city": "Canberra", "state": "ACT", "country": "AU"}, "is_closed": false, "phone": "+61262951813", "image_url": "https://s3-media1.fl.yelpcdn.com/bphoto/ieMxt4Chax_009u9TTvv0g/o.jpg", "name": "Salotto"}