{"id": "budget-car-and-truck-rental-canberra", "rating": 0.0, "coordinates": {"longitude": 149.1320038, "latitude": -35.2822304}, "is_claimed": false, "photos": ["https://s3-media1.fl.yelpcdn.com/bphoto/sYN3Ho4Vn_O-8FfQ_SmAbw/o.jpg"], "review_count": 0, "term": "hotels", "url": "https://www.yelp.com/biz/budget-car-and-truck-rental-canberra?adjust_creative=92p07_JjKyriZTQxAXRiKQ&utm_campaign=yelp_api_v3&utm_medium=api_v3_business_lookup&utm_source=92p07_JjKyriZTQxAXRiKQ", "categories": [{"title": "Car Rental", "alias": "carrental"}], "location": {"address3": null, "zip_code": "2600", "address1": "Rydges Lakeside Hotel, London Circuit", "address2": null, "city": "Canberra", "state": "ACT", "country": "AU"}, "is_closed": false, "phone": "+61262572200", "image_url": "https://s3-media2.fl.yelpcdn.com/bphoto/sYN3Ho4Vn_O-8FfQ_SmAbw/o.jpg", "name": "Budget Car & Truck Rental"}