{"id": "canberra-space-canberra", "rating": 0.0, "coordinates": {"longitude": 149.1356964, "latitude": -35.3409691}, "is_claimed": false, "photos": [], "review_count": 0, "term": "hotels", "url": "https://www.yelp.com/biz/canberra-space-canberra?adjust_creative=92p07_JjKyriZTQxAXRiKQ&utm_campaign=yelp_api_v3&utm_medium=api_v3_business_lookup&utm_source=92p07_JjKyriZTQxAXRiKQ", "categories": [{"alias": "travelservices", "title": "Travel Services"}], "location": {"address3": null, "zip_code": "2600", "address1": "5 Discovery Drv", "address2": null, "city": "Canberra", "state": "ACT", "country": "AU"}, "is_closed": false, "phone": "+61262017838", "image_url": "", "name": "Canberra Space"}