{"id": "escape-travel-garema-place-canberra", "rating": 0.0, "coordinates": {"longitude": 149.1321411, "latitude": -35.2784386}, "is_claimed": false, "photos": [], "review_count": 0, "term": "hotels", "url": "https://www.yelp.com/biz/escape-travel-garema-place-canberra?adjust_creative=92p07_JjKyriZTQxAXRiKQ&utm_campaign=yelp_api_v3&utm_medium=api_v3_business_lookup&utm_source=92p07_JjKyriZTQxAXRiKQ", "categories": [{"title": "Travel Services", "alias": "travelservices"}], "image_url": "", "is_closed": false, "phone": "+1300845701", "location": {"address3": null, "zip_code": "2600", "address1": "Shop 25 Garema Pl", "address2": null, "city": "Canberra", "state": "ACT", "country": "AU"}, "name": "Escape Travel Garema Place"}