{"id": "flight-centre-canberra-canberra", "rating": 0.0, "coordinates": {"longitude": 149.1326447, "latitude": -35.2810211}, "is_claimed": false, "photos": [], "review_count": 0, "term": "hotels", "url": "https://www.yelp.com/biz/flight-centre-canberra-canberra?adjust_creative=92p07_JjKyriZTQxAXRiKQ&utm_campaign=yelp_api_v3&utm_medium=api_v3_business_lookup&utm_source=92p07_JjKyriZTQxAXRiKQ", "categories": [{"title": "Travel Services", "alias": "travelservices"}], "image_url": "", "is_closed": false, "phone": "+1300755332", "location": {"address3": null, "zip_code": "2600", "address1": "Shop 5, Gio Building 240 City Walk", "state": "ACT", "city": "Canberra", "address2": null, "country": "AU"}, "name": "Flight Centre Canberra"}