{"id": "murrays-coaches-buses-and-limousines-canberra", "rating": 0.0, "coordinates": {"longitude": 149.12656, "latitude": -35.30655}, "is_claimed": false, "photos": ["https://s3-media2.fl.yelpcdn.com/bphoto/FZMS2HAZM-zD6badk7C6iQ/o.jpg", "https://s3-media3.fl.yelpcdn.com/bphoto/EOJ4_526yqJoOFoqy-x5PQ/o.jpg", "https://s3-media2.fl.yelpcdn.com/bphoto/WzXsi7MhvUjBKlDEvn15Sw/o.jpg"], "review_count": 0, "term": "hotels", "url": "https://www.yelp.com/biz/murrays-coaches-buses-and-limousines-canberra?adjust_creative=92p07_JjKyriZTQxAXRiKQ&utm_campaign=yelp_api_v3&utm_medium=api_v3_business_lookup&utm_source=92p07_JjKyriZTQxAXRiKQ", "categories": [{"title": "Bus Tours", "alias": "bustours"}], "image_url": "https://s3-media4.fl.yelpcdn.com/bphoto/FZMS2HAZM-zD6badk7C6iQ/o.jpg", "is_closed": false, "phone": "+61132259", "location": {"address3": null, "zip_code": "2600", "address1": "", "address2": null, "city": "Canberra", "state": "ACT", "country": "AU"}, "name": "Murrays Coaches, Buses & Limousines"}