{"id": "south-coast-mini-bus-tours-canberra", "rating": 0.0, "coordinates": {"longitude": 149.12656, "latitude": -35.30655}, "is_claimed": false, "photos": [], "review_count": 0, "term": "hotels", "url": "https://www.yelp.com/biz/south-coast-mini-bus-tours-canberra?adjust_creative=92p07_JjKyriZTQxAXRiKQ&utm_campaign=yelp_api_v3&utm_medium=api_v3_business_lookup&utm_source=92p07_JjKyriZTQxAXRiKQ", "categories": [{"title": "Bus Tours", "alias": "bustours"}], "image_url": "", "is_closed": false, "phone": "+61434450565", "location": {"address3": "", "zip_code": "2600", "address1": "", "state": "ACT", "city": "Canberra", "address2": "", "country": "AU"}, "name": "South Coast Mini Bus Tours"}