{"id": "avis-canberra", "rating": 0.0, "coordinates": {"longitude": 149.130188, "latitude": -35.3151093}, "is_claimed": false, "photos": [], "review_count": 0, "term": "hotels", "url": "https://www.yelp.com/biz/avis-canberra?adjust_creative=92p07_JjKyriZTQxAXRiKQ&utm_campaign=yelp_api_v3&utm_medium=api_v3_business_lookup&utm_source=92p07_JjKyriZTQxAXRiKQ", "categories": [{"alias": "carrental", "title": "Car Rental"}], "location": {"address3": null, "zip_code": "2601", "address1": "Canberra Airport", "state": "ACT", "city": "Canberra", "address2": null, "country": "AU"}, "is_closed": false, "phone": "+61262491601", "image_url": "", "name": "Avis"}