{"id": "canberra-city-yha-canberra", "rating": 3.0, "coordinates": {"longitude": 149.1325226, "latitude": -35.2815514}, "is_claimed": true, "hours": [{"is_open_now": true, "open": [{"is_overnight": false, "day": 0, "start": "0000", "end": "0000"}, {"is_overnight": false, "day": 1, "start": "0000", "end": "0000"}, {"is_overnight": false, "day": 2, "start": "0000", "end": "0000"}, {"is_overnight": false, "day": 3, "start": "0000", "end": "0000"}, {"is_overnight": false, "day": 4, "start": "0000", "end": "0000"}, {"is_overnight": false, "day": 5, "start": "0000", "end": "0000"}, {"is_overnight": false, "day": 6, "start": "0000", "end": "0000"}], "hours_type": "REGULAR"}], "photos": ["https://s3-media1.fl.yelpcdn.com/bphoto/_Hrdxq9cwUWokcFZ7U1-og/o.jpg", "https://s3-media3.fl.yelpcdn.com/bphoto/60IGukVGcmnTs6uA1dfWew/o.jpg", "https://s3-media1.fl.yelpcdn.com/bphoto/3i1RYbN_ZIzEfJpqw9Wv4g/o.jpg"], "review_count": 1, "term": "hotels", "url": "https://www.yelp.com/biz/canberra-city-yha-canberra?adjust_creative=92p07_JjKyriZTQxAXRiKQ&utm_campaign=yelp_api_v3&utm_medium=api_v3_business_lookup&utm_source=92p07_JjKyriZTQxAXRiKQ", "categories": [{"title": "Hostels", "alias": "hostels"}], "image_url": "https://s3-media3.fl.yelpcdn.com/bphoto/_Hrdxq9cwUWokcFZ7U1-og/o.jpg", "is_closed": false, "phone": "+61262489155", "location": {"address3": "", "zip_code": "2601", "address1": "7 Akuna St", "state": "ACT", "city": "Canberra", "address2": "", "country": "AU"}, "name": "Canberra City YHA"}