{"id": "canberra-and-region-visitors-canberra", "rating": 0.0, "coordinates": {"longitude": 149.1294556, "latitude": -35.2784615}, "is_claimed": false, "photos": [], "review_count": 0, "term": "hotels", "url": "https://www.yelp.com/biz/canberra-and-region-visitors-canberra?adjust_creative=92p07_JjKyriZTQxAXRiKQ&utm_campaign=yelp_api_v3&utm_medium=api_v3_business_lookup&utm_source=92p07_JjKyriZTQxAXRiKQ", "categories": [{"title": "Travel Services", "alias": "travelservices"}], "location": {"address3": null, "zip_code": "2601", "address1": "Northbourne Ave", "address2": null, "city": "Canberra", "state": "ACT", "country": "AU"}, "is_closed": false, "phone": "+611300554114", "image_url": "", "name": "Canberra & Region Visitors"}