{"id": "capital-chauffeured-limousines-canberra", "rating": 0.0, "coordinates": {"longitude": 149.12656, "latitude": -35.30655}, "is_claimed": false, "photos": [], "review_count": 0, "term": "hotels", "url": "https://www.yelp.com/biz/capital-chauffeured-limousines-canberra?adjust_creative=92p07_JjKyriZTQxAXRiKQ&utm_campaign=yelp_api_v3&utm_medium=api_v3_business_lookup&utm_source=92p07_JjKyriZTQxAXRiKQ", "categories": [{"alias": "limos", "title": "Limos"}], "location": {"address3": null, "zip_code": "2601", "address1": "", "address2": null, "city": "Canberra", "state": "ACT", "country": "AU"}, "is_closed": false, "phone": "+61410415161", "image_url": "", "name": "Capital Chauffeured Limousines"}