{"id": "cyclelifehq-canberra", "rating": 0.0, "coordinates": {"longitude": 149.12656, "latitude": -35.30655}, "is_claimed": true, "hours": [{"is_open_now": true, "open": [{"is_overnight": false, "end": "1900", "start": "0700", "day": 0}, {"is_overnight": false, "end": "1900", "start": "0700", "day": 1}, {"is_overnight": false, "end": "1900", "start": "0700", "day": 2}, {"is_overnight": false, "end": "1900", "start": "0700", "day": 3}, {"is_overnight": false, "end": "1900", "start": "0700", "day": 4}, {"is_overnight": false, "end": "1900", "start": "0700", "day": 5}, {"is_overnight": false, "end": "1900", "start": "0700", "day": 6}], "hours_type": "REGULAR"}], "photos": [], "review_count": 0, "term": "hotels", "url": "https://www.yelp.com/biz/cyclelifehq-canberra?adjust_creative=92p07_JjKyriZTQxAXRiKQ&utm_campaign=yelp_api_v3&utm_medium=api_v3_business_lookup&utm_source=92p07_JjKyriZTQxAXRiKQ", "categories": [{"title": "Travel Agents", "alias": "travelagents"}], "image_url": "", "is_closed": false, "phone": "+61261621149", "location": {"address3": "", "zip_code": "2601", "address1": "", "address2": null, "city": "Canberra", "state": "ACT", "country": "AU"}, "name": "CycleLifeHQ"}