{"id": "europcar-car-and-truck-rental-canberra", "rating": 0.0, "coordinates": {"longitude": 149.1101379, "latitude": -35.276741}, "is_claimed": false, "photos": [], "review_count": 0, "term": "hotels", "url": "https://www.yelp.com/biz/europcar-car-and-truck-rental-canberra?adjust_creative=92p07_JjKyriZTQxAXRiKQ&utm_campaign=yelp_api_v3&utm_medium=api_v3_business_lookup&utm_source=92p07_JjKyriZTQxAXRiKQ", "categories": [{"alias": "carrental", "title": "Car Rental"}], "location": {"address3": null, "zip_code": "2601", "address1": "Terminal Building, Canberra Airport,", "state": "ACT", "city": "Canberra", "address2": null, "country": "AU"}, "is_closed": false, "phone": "+611300131390", "image_url": "", "name": "Europcar Car & Truck Rental"}