{"id": "flight-centre-bunda-street-canberra", "rating": 0.0, "coordinates": {"longitude": 149.1323547, "latitude": -35.2780037}, "is_claimed": false, "photos": [], "review_count": 0, "term": "hotels", "url": "https://www.yelp.com/biz/flight-centre-bunda-street-canberra?adjust_creative=92p07_JjKyriZTQxAXRiKQ&utm_campaign=yelp_api_v3&utm_medium=api_v3_business_lookup&utm_source=92p07_JjKyriZTQxAXRiKQ", "categories": [{"alias": "travelservices", "title": "Travel Services"}], "location": {"address3": null, "zip_code": "2601", "address1": "Shop Ego7B - Section 84 Canberra Centre Bunda St", "state": "ACT", "city": "Canberra", "address2": null, "country": "AU"}, "is_closed": false, "phone": "+1300755332", "image_url": "", "name": "Flight Centre Bunda Street"}