{"id": "flight-centre-corporate-traveller-canberra-2", "rating": 0.0, "coordinates": {"longitude": 149.1281738, "latitude": -35.2773056}, "is_claimed": false, "photos": [], "review_count": 0, "term": "hotels", "url": "https://www.yelp.com/biz/flight-centre-corporate-traveller-canberra-2?adjust_creative=92p07_JjKyriZTQxAXRiKQ&utm_campaign=yelp_api_v3&utm_medium=api_v3_business_lookup&utm_source=92p07_JjKyriZTQxAXRiKQ", "categories": [{"alias": "travelservices", "title": "Travel Services"}], "location": {"address3": null, "zip_code": "2601", "address1": "Shop 3, Optus Building, 10 Moore St", "address2": null, "city": "Canberra", "state": "ACT", "country": "AU"}, "is_closed": false, "phone": "+61262488366", "image_url": "", "name": "Flight Centre Corporate Traveller"}