{"id": "flight-centre-capital-canberra", "rating": 0.0, "coordinates": {"longitude": 149.1324463, "latitude": -35.2802505}, "is_claimed": false, "photos": [], "review_count": 0, "term": "hotels", "url": "https://www.yelp.com/biz/flight-centre-capital-canberra?adjust_creative=92p07_JjKyriZTQxAXRiKQ&utm_campaign=yelp_api_v3&utm_medium=api_v3_business_lookup&utm_source=92p07_JjKyriZTQxAXRiKQ", "categories": [{"title": "Travel Services", "alias": "travelservices"}], "location": {"address3": null, "zip_code": "2601", "address1": "Shop Cl11, Canberra Centre City Walk", "address2": null, "city": "Canberra", "state": "ACT", "country": "AU"}, "is_closed": false, "phone": "+1300755332", "image_url": "", "name": "Flight Centre Capital"}