{"id": "greyhound-pioneer-canberra", "rating": 0.0, "coordinates": {"longitude": 149.1291046, "latitude": -35.2768784}, "is_claimed": false, "photos": [], "review_count": 0, "term": "hotels", "url": "https://www.yelp.com/biz/greyhound-pioneer-canberra?adjust_creative=92p07_JjKyriZTQxAXRiKQ&utm_campaign=yelp_api_v3&utm_medium=api_v3_business_lookup&utm_source=92p07_JjKyriZTQxAXRiKQ", "categories": [{"alias": "tours", "title": "Tours"}], "location": {"address3": null, "zip_code": "2601", "address1": "67 Northbourne Ave", "address2": null, "city": "Canberra", "state": "ACT", "country": "AU"}, "is_closed": false, "phone": "+611800801294", "image_url": "", "name": "Greyhound Pioneer"}