{"id": "indochina-journeys-canberra", "rating": 0.0, "coordinates": {"longitude": 149.1321411, "latitude": -35.2784386}, "is_claimed": false, "photos": [], "review_count": 0, "term": "hotels", "url": "https://www.yelp.com/biz/indochina-journeys-canberra?adjust_creative=92p07_JjKyriZTQxAXRiKQ&utm_campaign=yelp_api_v3&utm_medium=api_v3_business_lookup&utm_source=92p07_JjKyriZTQxAXRiKQ", "categories": [{"title": "Travel Services", "alias": "travelservices"}], "image_url": "", "is_closed": false, "phone": "+61262496122", "location": {"address3": null, "zip_code": "2601", "address1": "1st Floor Garema Cntr", "address2": null, "city": "Canberra", "state": "ACT", "country": "AU"}, "name": "IndoChina Journeys"}