{"id": "mulga-bicycle-tours-canberra", "rating": 0.0, "coordinates": {"longitude": 149.12568, "latitude": -35.27986}, "is_claimed": false, "hours": [{"is_open_now": false, "open": [{"is_overnight": true, "day": 0, "start": "1100", "end": "0600"}, {"is_overnight": true, "day": 1, "start": "1100", "end": "0600"}, {"is_overnight": true, "day": 2, "start": "1100", "end": "0600"}, {"is_overnight": true, "day": 3, "start": "1100", "end": "0600"}, {"is_overnight": true, "day": 4, "start": "1100", "end": "0600"}], "hours_type": "REGULAR"}], "photos": [], "review_count": 0, "term": "hotels", "url": "https://www.yelp.com/biz/mulga-bicycle-tours-canberra?adjust_creative=92p07_JjKyriZTQxAXRiKQ&utm_campaign=yelp_api_v3&utm_medium=api_v3_business_lookup&utm_source=92p07_JjKyriZTQxAXRiKQ", "categories": [{"alias": "tours", "title": "Tours"}], "location": {"address3": "", "zip_code": "2601", "address1": "Level 7", "state": "ACT", "city": "Canberra", "address2": "28 University Ave", "country": "AU"}, "is_closed": false, "phone": "+61262623957", "image_url": "", "name": "Mulga Bicycle Tours"}