{"id": "my-adventure-travel-canberra-canberra", "rating": 0.0, "coordinates": {"longitude": 149.13138, "latitude": -35.27893}, "is_claimed": false, "hours": [{"is_open_now": false, "open": [{"is_overnight": false, "day": 0, "start": "0900", "end": "1730"}, {"is_overnight": false, "day": 1, "start": "0900", "end": "1730"}, {"is_overnight": false, "day": 2, "start": "0900", "end": "1730"}, {"is_overnight": false, "day": 3, "start": "0900", "end": "1730"}, {"is_overnight": false, "day": 4, "start": "0900", "end": "1730"}, {"is_overnight": false, "day": 5, "start": "1000", "end": "1500"}], "hours_type": "REGULAR"}], "photos": ["https://s3-media2.fl.yelpcdn.com/bphoto/QYgpWzmgmlKb0E9C4W-kzQ/o.jpg"], "review_count": 0, "term": "hotels", "url": "https://www.yelp.com/biz/my-adventure-travel-canberra-canberra?adjust_creative=92p07_JjKyriZTQxAXRiKQ&utm_campaign=yelp_api_v3&utm_medium=api_v3_business_lookup&utm_source=92p07_JjKyriZTQxAXRiKQ", "categories": [{"title": "Travel Services", "alias": "travelservices"}], "image_url": "https://s3-media4.fl.yelpcdn.com/bphoto/QYgpWzmgmlKb0E9C4W-kzQ/o.jpg", "is_closed": false, "phone": "+611300308458", "location": {"address3": "", "zip_code": "2601", "address1": "1/140-180 City Walk", "state": "ACT", "city": "Canberra", "address2": null, "country": "AU"}, "name": "My Adventure Travel Canberra"}