{"id": "redspot-canberra", "rating": 0.0, "coordinates": {"longitude": 149.189965391257, "latitude": -35.3077200048712}, "is_claimed": true, "hours": [{"is_open_now": false, "open": [{"is_overnight": false, "day": 0, "start": "0800", "end": "1900"}, {"is_overnight": false, "day": 1, "start": "0800", "end": "1900"}, {"is_overnight": false, "day": 2, "start": "0800", "end": "1900"}, {"is_overnight": false, "day": 3, "start": "0800", "end": "1900"}, {"is_overnight": false, "day": 4, "start": "0800", "end": "1900"}, {"is_overnight": false, "day": 5, "start": "0800", "end": "1900"}, {"is_overnight": false, "day": 6, "start": "0800", "end": "1600"}], "hours_type": "REGULAR"}], "photos": ["https://s3-media3.fl.yelpcdn.com/bphoto/wsE6F41uN2_n2cnOG7XoUA/o.jpg", "https://s3-media4.fl.yelpcdn.com/bphoto/wPhAhlz3_f0LlENcCjqqhw/o.jpg"], "review_count": 0, "term": "hotels", "url": "https://www.yelp.com/biz/redspot-canberra?adjust_creative=92p07_JjKyriZTQxAXRiKQ&utm_campaign=yelp_api_v3&utm_medium=api_v3_business_lookup&utm_source=92p07_JjKyriZTQxAXRiKQ", "categories": [{"alias": "carrental", "title": "Car Rental"}], "location": {"address3": "", "zip_code": "2601", "address1": "James Schofield Dr", "address2": "", "city": "Canberra", "state": "ACT", "country": "AU"}, "is_closed": false, "phone": "+61262489966", "image_url": "https://s3-media4.fl.yelpcdn.com/bphoto/wsE6F41uN2_n2cnOG7XoUA/o.jpg", "name": "Redspot"}