{"id": "sixt-canberra", "rating": 0.0, "coordinates": {"longitude": 149.1874, "latitude": -35.30843}, "is_claimed": true, "photos": [], "review_count": 0, "term": "hotels", "url": "https://www.yelp.com/biz/sixt-canberra?adjust_creative=92p07_JjKyriZTQxAXRiKQ&utm_campaign=yelp_api_v3&utm_medium=api_v3_business_lookup&utm_source=92p07_JjKyriZTQxAXRiKQ", "categories": [{"alias": "carrental", "title": "Car Rental"}], "location": {"address3": null, "zip_code": "2601", "address1": "Canberra Airport", "address2": null, "city": "Canberra", "state": "ACT", "country": "AU"}, "is_closed": false, "phone": "+61262489623", "image_url": "", "name": "Sixt"}