{"id": "sta-travel-canberra", "rating": 0.0, "coordinates": {"longitude": 149.1101379, "latitude": -35.276741}, "is_claimed": false, "photos": [], "review_count": 0, "term": "hotels", "url": "https://www.yelp.com/biz/sta-travel-canberra?adjust_creative=92p07_JjKyriZTQxAXRiKQ&utm_campaign=yelp_api_v3&utm_medium=api_v3_business_lookup&utm_source=92p07_JjKyriZTQxAXRiKQ", "categories": [{"alias": "travelagents", "title": "Travel Agents"}], "location": {"address3": null, "zip_code": "2601", "address1": "Civic Mall", "address2": null, "city": "Canberra", "state": "ACT", "country": "AU"}, "is_closed": false, "phone": "+61262478633", "image_url": "", "name": "Sta Travel"}