{"id": "capital-taxi-service-mckellar", "rating": 0.0, "coordinates": {"longitude": 149.0714417, "latitude": -35.2216606}, "is_claimed": false, "photos": [], "review_count": 0, "term": "hotels", "url": "https://www.yelp.com/biz/capital-taxi-service-mckellar?adjust_creative=92p07_JjKyriZTQxAXRiKQ&utm_campaign=yelp_api_v3&utm_medium=api_v3_business_lookup&utm_source=92p07_JjKyriZTQxAXRiKQ", "categories": [{"title": "Taxis", "alias": "taxis"}], "image_url": "", "is_closed": false, "phone": "+61249426594", "location": {"address3": null, "zip_code": "2617", "address1": "75 Dumas St", "state": "ACT", "city": "Mckellar", "address2": null, "country": "AU"}, "name": "Capital Taxi Service"}