{"id": "ha-ha-bar-and-cafe-belconnen", "rating": 4.0, "coordinates": {"longitude": 149.0708771, "latitude": -35.2369995}, "is_claimed": false, "photos": ["https://s3-media3.fl.yelpcdn.com/bphoto/VaWx5RM_y1HRTLgxgTyZhw/o.jpg", "https://s3-media1.fl.yelpcdn.com/bphoto/9AZyu082ByQMIGhH4YXBWw/o.jpg"], "review_count": 2, "term": "restaurants", "url": "https://www.yelp.com/biz/ha-ha-bar-and-cafe-belconnen?adjust_creative=92p07_JjKyriZTQxAXRiKQ&utm_campaign=yelp_api_v3&utm_medium=api_v3_business_lookup&utm_source=92p07_JjKyriZTQxAXRiKQ", "categories": [{"title": "Cafes", "alias": "cafes"}], "image_url": "https://s3-media2.fl.yelpcdn.com/bphoto/VaWx5RM_y1HRTLgxgTyZhw/o.jpg", "is_closed": false, "phone": "+61262516110", "location": {"address3": null, "zip_code": "2616", "address1": "102 Emu Bnk", "state": "ACT", "city": "Belconnen", "address2": null, "country": "AU"}, "name": "Ha Ha Bar & Cafe"}