{"price": "$$", "rating": 4.0, "coordinates": {"longitude": 149.0708771, "latitude": -35.2369995}, "is_claimed": false, "photos": [], "review_count": 1, "id": "thai-chiang-rai-belconnen-belconnen", "term": "restaurants", "url": "https://www.yelp.com/biz/thai-chiang-rai-belconnen-belconnen?adjust_creative=92p07_JjKyriZTQxAXRiKQ&utm_campaign=yelp_api_v3&utm_medium=api_v3_business_lookup&utm_source=92p07_JjKyriZTQxAXRiKQ", "categories": [{"title": "Restaurants", "alias": "restaurants"}], "image_url": "", "is_closed": false, "phone": "+61262534999", "location": {"address3": null, "zip_code": "2616", "address1": "102 Emu Bnk", "address2": null, "city": "Belconnen", "state": "ACT", "country": "AU"}, "name": "Thai Chiang Rai Belconnen"}