{"id": "belconnen-way-motel-and-serviced-apartments-hawker-2", "rating": 3.0, "coordinates": {"longitude": 149.0455933, "latitude": -35.24263}, "is_claimed": false, "photos": ["https://s3-media3.fl.yelpcdn.com/bphoto/0jKR59LenG-vVBDHZ_PYhg/o.jpg", "https://s3-media1.fl.yelpcdn.com/bphoto/NEOhL3z8W5uW1ICxhVNGSQ/o.jpg", "https://s3-media3.fl.yelpcdn.com/bphoto/SBUMRttAUOwoB_9tK9ERNw/o.jpg"], "review_count": 1, "term": "hotels", "url": "https://www.yelp.com/biz/belconnen-way-motel-and-serviced-apartments-hawker-2?adjust_creative=92p07_JjKyriZTQxAXRiKQ&utm_campaign=yelp_api_v3&utm_medium=api_v3_business_lookup&utm_source=92p07_JjKyriZTQxAXRiKQ", "categories": [{"title": "Hotels", "alias": "hotels"}], "image_url": "https://s3-media4.fl.yelpcdn.com/bphoto/0jKR59LenG-vVBDHZ_PYhg/o.jpg", "is_closed": false, "phone": "+61262542222", "location": {"address3": null, "zip_code": "2614", "address1": "Cnr Belconnen Way & Springvale Drv", "address2": null, "city": "Hawker", "state": "ACT", "country": "AU"}, "name": "Belconnen Way Motel & Serviced Apartments"}