{"id": "beef-and-barley-kingston", "rating": 4.5, "coordinates": {"longitude": 149.147549135057, "latitude": -35.3139483302944}, "is_claimed": false, "hours": [{"is_open_now": true, "open": [{"is_overnight": false, "day": 0, "start": "0800", "end": "1430"}, {"is_overnight": false, "day": 1, "start": "0800", "end": "2030"}, {"is_overnight": false, "day": 2, "start": "0800", "end": "2030"}, {"is_overnight": false, "day": 3, "start": "0800", "end": "2030"}, {"is_overnight": false, "day": 4, "start": "0800", "end": "2130"}, {"is_overnight": false, "day": 5, "start": "0800", "end": "2130"}, {"is_overnight": false, "day": 6, "start": "0800", "end": "2030"}], "hours_type": "REGULAR"}], "photos": ["https://s3-media1.fl.yelpcdn.com/bphoto/PNzTMb6ubPSNXT5V4mUQnQ/o.jpg", "https://s3-media1.fl.yelpcdn.com/bphoto/LKGVdmhXNtyeMG-ClEGpzw/o.jpg", "https://s3-media2.fl.yelpcdn.com/bphoto/bT0iSJ8zQkQODWMrwlieTA/o.jpg"], "review_count": 2, "term": "restaurants", "url": "https://www.yelp.com/biz/beef-and-barley-kingston?adjust_creative=92p07_JjKyriZTQxAXRiKQ&utm_campaign=yelp_api_v3&utm_medium=api_v3_business_lookup&utm_source=92p07_JjKyriZTQxAXRiKQ", "categories": [{"alias": "burgers", "title": "Burgers"}, {"alias": "hotdog", "title": "Hot Dogs"}, {"alias": "beergardens", "title": "Beer Gardens"}], "location": {"address3": "", "zip_code": "2604", "address1": "Eyre St", "state": "ACT", "city": "Kingston", "address2": "", "country": "AU"}, "is_closed": false, "phone": "+61261993366", "image_url": "https://s3-media3.fl.yelpcdn.com/bphoto/PNzTMb6ubPSNXT5V4mUQnQ/o.jpg", "name": "Beef & Barley"}