{"price": "$$", "rating": 4.0, "coordinates": {"longitude": 149.1419067, "latitude": -35.315731}, "is_claimed": false, "hours": [{"is_open_now": false, "open": [{"is_overnight": false, "end": "1600", "start": "0730", "day": 0}, {"is_overnight": false, "end": "1600", "start": "0730", "day": 1}, {"is_overnight": false, "end": "1600", "start": "0730", "day": 2}, {"is_overnight": false, "end": "1600", "start": "0730", "day": 3}, {"is_overnight": false, "end": "1600", "start": "0730", "day": 4}, {"is_overnight": false, "end": "1600", "start": "0730", "day": 5}, {"is_overnight": false, "end": "1600", "start": "0730", "day": 6}], "hours_type": "REGULAR"}], "photos": ["https://s3-media2.fl.yelpcdn.com/bphoto/eDx74qFADtXuiL0Mftpf5w/o.jpg", "https://s3-media1.fl.yelpcdn.com/bphoto/wajKYqbOyMyKSypR9NKAcg/o.jpg", "https://s3-media3.fl.yelpcdn.com/bphoto/21FJxTnlVJGQ8e3px8Oleg/o.jpg"], "review_count": 4, "id": "bittersweet-kingston", "term": "restaurants", "url": "https://www.yelp.com/biz/bittersweet-kingston?adjust_creative=92p07_JjKyriZTQxAXRiKQ&utm_campaign=yelp_api_v3&utm_medium=api_v3_business_lookup&utm_source=92p07_JjKyriZTQxAXRiKQ", "categories": [{"title": "Cafes", "alias": "cafes"}, {"title": "Coffee & Tea", "alias": "coffee"}, {"title": "Gluten-Free", "alias": "gluten_free"}, {"title": "Breakfast & Brunch", "alias": "breakfast_brunch"}], "image_url": "https://s3-media4.fl.yelpcdn.com/bphoto/eDx74qFADtXuiL0Mftpf5w/o.jpg", "is_closed": false, "phone": "+61262607263", "location": {"address3": null, "zip_code": "2604", "address1": "Green Sq", "address2": "Jardine St", "city": "Kingston", "state": "ACT", "country": "AU"}, "name": "Bittersweet"}