{"price": "$$", "rating": 5.0, "coordinates": {"longitude": 149.1404266, "latitude": -35.3156242}, "is_claimed": false, "photos": ["https://s3-media4.fl.yelpcdn.com/bphoto/r3LgtGknNuiqQy-NbWMdOA/o.jpg", "https://s3-media1.fl.yelpcdn.com/bphoto/81f6x0LNWBIIy9jU6acQPA/o.jpg", "https://s3-media4.fl.yelpcdn.com/bphoto/-yXfOZlYRsas_kdhkPQm0g/o.jpg"], "review_count": 4, "id": "bollywood-masala-kingston", "term": "restaurants", "url": "https://www.yelp.com/biz/bollywood-masala-kingston?adjust_creative=92p07_JjKyriZTQxAXRiKQ&utm_campaign=yelp_api_v3&utm_medium=api_v3_business_lookup&utm_source=92p07_JjKyriZTQxAXRiKQ", "categories": [{"alias": "restaurants", "title": "Restaurants"}], "location": {"address3": null, "zip_code": "2604", "address1": "46 Giles St", "state": "ACT", "city": "Kingston", "address2": null, "country": "AU"}, "is_closed": false, "phone": "+61261621113", "image_url": "https://s3-media1.fl.yelpcdn.com/bphoto/r3LgtGknNuiqQy-NbWMdOA/o.jpg", "name": "Bollywood Masala"}