{"price": "$$$", "rating": 3.5, "coordinates": {"longitude": 149.145646751793, "latitude": -35.3109130802382}, "is_claimed": false, "photos": ["https://s3-media2.fl.yelpcdn.com/bphoto/lNtxmTwn-QHLrMt7X1RxyQ/o.jpg", "https://s3-media3.fl.yelpcdn.com/bphoto/XWTZGX4_qvO2-CM66ynZuA/o.jpg", "https://s3-media4.fl.yelpcdn.com/bphoto/auQNSt4tH6R-YzulVRWCdQ/o.jpg"], "review_count": 3, "id": "c-dine-kingston", "term": "restaurants", "url": "https://www.yelp.com/biz/c-dine-kingston?adjust_creative=92p07_JjKyriZTQxAXRiKQ&utm_campaign=yelp_api_v3&utm_medium=api_v3_business_lookup&utm_source=92p07_JjKyriZTQxAXRiKQ", "categories": [{"alias": "bars", "title": "Bars"}, {"alias": "seafood", "title": "Seafood"}, {"alias": "australian", "title": "Australian"}], "location": {"address3": "", "zip_code": "2604", "address1": "17/19 Eastlake Pde", "state": "ACT", "city": "Kingston", "address2": "", "country": "AU"}, "is_closed": false, "phone": "+61262395299", "image_url": "https://s3-media2.fl.yelpcdn.com/bphoto/lNtxmTwn-QHLrMt7X1RxyQ/o.jpg", "name": "C Dine"}