{"price": "$$", "rating": 3.5, "coordinates": {"longitude": 149.146271240196, "latitude": -35.3124127615456}, "is_claimed": true, "hours": [{"is_open_now": true, "open": [{"is_overnight": false, "end": "2200", "start": "1100", "day": 0}, {"is_overnight": false, "end": "2200", "start": "1100", "day": 1}, {"is_overnight": false, "end": "2200", "start": "1100", "day": 2}, {"is_overnight": false, "end": "2200", "start": "1100", "day": 3}, {"is_overnight": false, "end": "2200", "start": "1100", "day": 4}, {"is_overnight": false, "end": "2200", "start": "1100", "day": 5}, {"is_overnight": false, "end": "2200", "start": "1100", "day": 6}], "hours_type": "REGULAR"}], "photos": ["https://s3-media3.fl.yelpcdn.com/bphoto/eN5wGECevGV2Tfmr08cgsA/o.jpg", "https://s3-media2.fl.yelpcdn.com/bphoto/NMBMg5cmuDtPBKEJyrbE3w/o.jpg", "https://s3-media2.fl.yelpcdn.com/bphoto/pjGx4eNsx2jTDH_A1LordQ/o.jpg"], "review_count": 2, "id": "chong-co-thai-restaurant-and-bar-kingston", "term": "restaurants", "url": "https://www.yelp.com/biz/chong-co-thai-restaurant-and-bar-kingston?adjust_creative=92p07_JjKyriZTQxAXRiKQ&utm_campaign=yelp_api_v3&utm_medium=api_v3_business_lookup&utm_source=92p07_JjKyriZTQxAXRiKQ", "categories": [{"alias": "thai", "title": "Thai"}, {"alias": "bars", "title": "Bars"}], "location": {"address3": "", "zip_code": "2604", "address1": "31 Eastlake Pde", "state": "ACT", "city": "Kingston", "address2": "", "country": "AU"}, "is_closed": false, "phone": "+61261620200", "image_url": "https://s3-media4.fl.yelpcdn.com/bphoto/eN5wGECevGV2Tfmr08cgsA/o.jpg", "name": "Chong Co Thai Restaurant & Bar"}