{"id": "ciscos-restaurant-mexicano-kingston", "rating": 2.0, "coordinates": {"longitude": 149.14135, "latitude": -35.3167}, "is_claimed": false, "hours": [{"is_open_now": false, "open": [{"is_overnight": false, "end": "1430", "start": "1130", "day": 0}, {"is_overnight": false, "end": "1430", "start": "1130", "day": 1}, {"is_overnight": false, "end": "1430", "start": "1130", "day": 2}, {"is_overnight": false, "end": "1430", "start": "1130", "day": 3}, {"is_overnight": false, "end": "1430", "start": "1130", "day": 4}, {"is_overnight": false, "end": "1430", "start": "1130", "day": 5}, {"is_overnight": false, "end": "1430", "start": "1130", "day": 6}], "hours_type": "REGULAR"}], "photos": [], "review_count": 2, "term": "restaurants", "url": "https://www.yelp.com/biz/ciscos-restaurant-mexicano-kingston?adjust_creative=92p07_JjKyriZTQxAXRiKQ&utm_campaign=yelp_api_v3&utm_medium=api_v3_business_lookup&utm_source=92p07_JjKyriZTQxAXRiKQ", "categories": [{"alias": "mexican", "title": "Mexican"}], "location": {"address3": "", "zip_code": "2604", "address1": "35 Kennedy St", "state": "ACT", "city": "Kingston", "address2": "", "country": "AU"}, "is_closed": false, "phone": "+61261569771", "image_url": "", "name": "Cisco's Restaurant Mexicano"}