{"id": "coco-nine-kingston", "rating": 5.0, "coordinates": {"longitude": 149.14604, "latitude": -35.31201}, "is_claimed": false, "photos": ["https://s3-media1.fl.yelpcdn.com/bphoto/oguKwpi686GjLBvPfiCn6A/o.jpg", "https://s3-media3.fl.yelpcdn.com/bphoto/2lhqukLwyhcuXkNXWW5ZMQ/o.jpg", "https://s3-media3.fl.yelpcdn.com/bphoto/yb9XGdz-8UgWk5LBkucT0g/o.jpg"], "review_count": 1, "term": "restaurants", "url": "https://www.yelp.com/biz/coco-nine-kingston?adjust_creative=92p07_JjKyriZTQxAXRiKQ&utm_campaign=yelp_api_v3&utm_medium=api_v3_business_lookup&utm_source=92p07_JjKyriZTQxAXRiKQ", "categories": [{"alias": "chinese", "title": "Chinese"}, {"alias": "vegan", "title": "Vegan"}], "location": {"address3": "", "zip_code": "2604", "address1": "29 Eastlake Pde", "state": "ACT", "city": "Kingston", "address2": "", "country": "AU"}, "is_closed": false, "phone": "", "image_url": "https://s3-media3.fl.yelpcdn.com/bphoto/oguKwpi686GjLBvPfiCn6A/o.jpg", "name": "Coco Nine"}