{"price": "$$", "rating": 4.0, "coordinates": {"longitude": 149.140644, "latitude": -35.316305}, "is_claimed": true, "hours": [{"is_open_now": false, "open": [{"is_overnight": false, "end": "2100", "start": "1730", "day": 0}, {"is_overnight": false, "end": "2100", "start": "1730", "day": 1}, {"is_overnight": false, "end": "2100", "start": "1730", "day": 2}, {"is_overnight": false, "end": "2100", "start": "1730", "day": 3}, {"is_overnight": false, "end": "1400", "start": "1200", "day": 4}, {"is_overnight": false, "end": "2100", "start": "1730", "day": 4}, {"is_overnight": false, "end": "2100", "start": "1730", "day": 5}, {"is_overnight": false, "end": "2100", "start": "1730", "day": 6}], "hours_type": "REGULAR"}], "photos": ["https://s3-media3.fl.yelpcdn.com/bphoto/d-nylt7M7vzvcpFp4sv5vA/o.jpg", "https://s3-media2.fl.yelpcdn.com/bphoto/_DGTUwIOPgfaExliXtqEXQ/o.jpg", "https://s3-media3.fl.yelpcdn.com/bphoto/--Oz86QdvHCpkD4hz4eAWw/o.jpg"], "review_count": 2, "id": "figaro-restaurant-kingston", "term": "restaurants", "url": "https://www.yelp.com/biz/figaro-restaurant-kingston?adjust_creative=92p07_JjKyriZTQxAXRiKQ&utm_campaign=yelp_api_v3&utm_medium=api_v3_business_lookup&utm_source=92p07_JjKyriZTQxAXRiKQ", "categories": [{"title": "Salad", "alias": "salad"}, {"title": "Pizza", "alias": "pizza"}], "image_url": "https://s3-media4.fl.yelpcdn.com/bphoto/d-nylt7M7vzvcpFp4sv5vA/o.jpg", "is_closed": false, "phone": "+61262326922", "location": {"address3": null, "zip_code": "2604", "address1": "17 Kennedy St", "address2": null, "city": "Kingston", "state": "ACT", "country": "AU"}, "name": "Figaro Restaurant"}