{"price": "$$", "rating": 4.0, "coordinates": {"longitude": 149.13942, "latitude": -35.31583}, "is_claimed": false, "hours": [{"is_open_now": true, "open": [{"is_overnight": false, "day": 0, "start": "0700", "end": "0000"}, {"is_overnight": false, "day": 1, "start": "0700", "end": "0000"}, {"is_overnight": false, "day": 2, "start": "0700", "end": "0000"}, {"is_overnight": false, "day": 3, "start": "0700", "end": "0000"}, {"is_overnight": false, "day": 4, "start": "0700", "end": "0000"}, {"is_overnight": false, "day": 5, "start": "0700", "end": "0000"}, {"is_overnight": false, "day": 6, "start": "0700", "end": "0000"}], "hours_type": "REGULAR"}], "photos": [], "review_count": 2, "id": "hale-mary-kingston-kingston", "term": "restaurants", "url": "https://www.yelp.com/biz/hale-mary-kingston-kingston?adjust_creative=92p07_JjKyriZTQxAXRiKQ&utm_campaign=yelp_api_v3&utm_medium=api_v3_business_lookup&utm_source=92p07_JjKyriZTQxAXRiKQ", "categories": [{"alias": "sportsbars", "title": "Sports Bars"}, {"alias": "burgers", "title": "Burgers"}, {"alias": "hotdogs", "title": "Fast Food"}], "location": {"address3": null, "zip_code": "2604", "address1": "15 Tench St", "address2": "", "city": "Kingston", "state": "ACT", "country": "AU"}, "is_closed": false, "phone": "+61262394455", "image_url": "", "name": "Hale + Mary Kingston"}