{"price": "$$", "rating": 4.0, "coordinates": {"longitude": 149.140964001417, "latitude": -35.3152893385168}, "is_claimed": false, "hours": [{"is_open_now": false, "open": [{"is_overnight": false, "end": "1500", "start": "0700", "day": 0}, {"is_overnight": false, "end": "1500", "start": "0700", "day": 1}, {"is_overnight": false, "end": "1500", "start": "0700", "day": 2}, {"is_overnight": false, "end": "1500", "start": "0700", "day": 3}, {"is_overnight": false, "end": "1500", "start": "0700", "day": 4}, {"is_overnight": false, "end": "1500", "start": "0700", "day": 5}], "hours_type": "REGULAR"}], "photos": ["https://s3-media2.fl.yelpcdn.com/bphoto/IUWmcNiWlpCSgQDe18mwzQ/o.jpg", "https://s3-media2.fl.yelpcdn.com/bphoto/VeJL7DR-LyHkcFIaIxB2ew/o.jpg", "https://s3-media1.fl.yelpcdn.com/bphoto/iEZrplBy5l2JL5M2hClOQw/o.jpg"], "review_count": 5, "id": "idelic-kingston-2", "term": "restaurants", "url": "https://www.yelp.com/biz/idelic-kingston-2?adjust_creative=92p07_JjKyriZTQxAXRiKQ&utm_campaign=yelp_api_v3&utm_medium=api_v3_business_lookup&utm_source=92p07_JjKyriZTQxAXRiKQ", "categories": [{"title": "Breakfast & Brunch", "alias": "breakfast_brunch"}, {"title": "Coffee & Tea", "alias": "coffee"}], "image_url": "https://s3-media3.fl.yelpcdn.com/bphoto/IUWmcNiWlpCSgQDe18mwzQ/o.jpg", "is_closed": false, "phone": "+61262394142", "location": {"address3": "", "zip_code": "2604", "address1": "60 Giles St", "address2": "", "city": "Kingston", "state": "ACT", "country": "AU"}, "name": "Idelic"}