{"price": "$$", "rating": 3.5, "coordinates": {"longitude": 149.140208959579, "latitude": -35.3160137744252}, "is_claimed": false, "hours": [{"is_open_now": false, "open": [{"is_overnight": false, "day": 0, "start": "0730", "end": "0000"}, {"is_overnight": false, "day": 1, "start": "0730", "end": "0000"}, {"is_overnight": false, "day": 2, "start": "0730", "end": "0000"}, {"is_overnight": false, "day": 3, "start": "0730", "end": "0000"}, {"is_overnight": false, "day": 4, "start": "0730", "end": "0000"}, {"is_overnight": false, "day": 5, "start": "0800", "end": "0000"}, {"is_overnight": false, "day": 6, "start": "0800", "end": "1600"}], "hours_type": "REGULAR"}], "photos": ["https://s3-media1.fl.yelpcdn.com/bphoto/IsUn9YtrWk3B1xNlHzAKsA/o.jpg", "https://s3-media4.fl.yelpcdn.com/bphoto/gLG0SCdl7RY_SvPG_ZrfUA/o.jpg", "https://s3-media3.fl.yelpcdn.com/bphoto/QNZGQEL7-Z7v8rDx2-EPzw/o.jpg"], "review_count": 14, "id": "jones-and-co-kingston", "term": "restaurants", "url": "https://www.yelp.com/biz/jones-and-co-kingston?adjust_creative=92p07_JjKyriZTQxAXRiKQ&utm_campaign=yelp_api_v3&utm_medium=api_v3_business_lookup&utm_source=92p07_JjKyriZTQxAXRiKQ", "categories": [{"alias": "cafes", "title": "Cafes"}, {"alias": "bars", "title": "Bars"}], "location": {"address3": "", "zip_code": "2604", "address1": "26 Giles St", "address2": "", "city": "Kingston", "state": "ACT", "country": "AU"}, "is_closed": false, "phone": "+61261623355", "image_url": "https://s3-media4.fl.yelpcdn.com/bphoto/IsUn9YtrWk3B1xNlHzAKsA/o.jpg", "name": "Jones & Co"}