{"price": "$$$", "rating": 4.0, "coordinates": {"longitude": 149.140213, "latitude": -35.3158836}, "is_claimed": true, "photos": ["https://s3-media2.fl.yelpcdn.com/bphoto/UCVAbxEkHZdRONOYvfkATw/o.jpg"], "review_count": 5, "id": "la-capanna-kingston", "term": "restaurants", "url": "https://www.yelp.com/biz/la-capanna-kingston?adjust_creative=92p07_JjKyriZTQxAXRiKQ&utm_campaign=yelp_api_v3&utm_medium=api_v3_business_lookup&utm_source=92p07_JjKyriZTQxAXRiKQ", "categories": [{"title": "Italian", "alias": "italian"}], "image_url": "https://s3-media2.fl.yelpcdn.com/bphoto/UCVAbxEkHZdRONOYvfkATw/o.jpg", "is_closed": false, "phone": "+61262396712", "location": {"address3": "", "zip_code": "2604", "address1": "32 Giles St", "address2": "", "city": "Kingston", "state": "ACT", "country": "AU"}, "name": "La Capanna"}