{"id": "la-dolce-vita-restaurant-kingston", "rating": 4.0, "coordinates": {"longitude": 149.1404266, "latitude": -35.3157883}, "is_claimed": false, "photos": ["https://s3-media2.fl.yelpcdn.com/bphoto/Ep-JyzRdrNs6kMg0JSuc2A/o.jpg"], "review_count": 2, "term": "restaurants", "url": "https://www.yelp.com/biz/la-dolce-vita-restaurant-kingston?adjust_creative=92p07_JjKyriZTQxAXRiKQ&utm_campaign=yelp_api_v3&utm_medium=api_v3_business_lookup&utm_source=92p07_JjKyriZTQxAXRiKQ", "categories": [{"alias": "restaurants", "title": "Restaurants"}], "location": {"address3": null, "zip_code": "2604", "address1": "34 Giles St", "state": "ACT", "city": "Kingston", "address2": null, "country": "AU"}, "is_closed": false, "phone": "+61262957877", "image_url": "https://s3-media2.fl.yelpcdn.com/bphoto/Ep-JyzRdrNs6kMg0JSuc2A/o.jpg", "name": "La Dolce Vita Restaurant"}