{"price": "$$", "rating": 4.0, "coordinates": {"longitude": 149.1413574, "latitude": -35.3167}, "is_claimed": false, "photos": ["https://s3-media4.fl.yelpcdn.com/bphoto/LYyRRz5TyoXJQYZ3YZgqsA/o.jpg"], "review_count": 2, "id": "la-rustica-trattoria-pizzeria-kingston", "term": "restaurants", "url": "https://www.yelp.com/biz/la-rustica-trattoria-pizzeria-kingston?adjust_creative=92p07_JjKyriZTQxAXRiKQ&utm_campaign=yelp_api_v3&utm_medium=api_v3_business_lookup&utm_source=92p07_JjKyriZTQxAXRiKQ", "categories": [{"alias": "hotdogs", "title": "Fast Food"}], "location": {"address3": null, "zip_code": "2604", "address1": "35 Kennedy St", "state": "ACT", "city": "Kingston", "address2": null, "country": "AU"}, "is_closed": false, "phone": "+61262950152", "image_url": "https://s3-media2.fl.yelpcdn.com/bphoto/LYyRRz5TyoXJQYZ3YZgqsA/o.jpg", "name": "La Rustica Trattoria Pizzeria"}