{"id": "la-rustica-by-the-lake-kingston", "rating": 2.0, "coordinates": {"longitude": 149.145812526209, "latitude": -35.3111876620986}, "is_claimed": false, "photos": ["https://s3-media3.fl.yelpcdn.com/bphoto/BvkIJlMW_IuCYWAdEWoNvw/o.jpg", "https://s3-media4.fl.yelpcdn.com/bphoto/TIruVl3X3FGifmHHisXHDQ/o.jpg"], "review_count": 2, "price": "$$", "term": "restaurants", "url": "https://www.yelp.com/biz/la-rustica-by-the-lake-kingston?adjust_creative=92p07_JjKyriZTQxAXRiKQ&utm_campaign=yelp_api_v3&utm_medium=api_v3_business_lookup&utm_source=92p07_JjKyriZTQxAXRiKQ", "categories": [{"title": "Italian", "alias": "italian"}], "image_url": "https://s3-media2.fl.yelpcdn.com/bphoto/BvkIJlMW_IuCYWAdEWoNvw/o.jpg", "is_closed": false, "phone": "+61262950152", "location": {"address3": "", "zip_code": "2604", "address1": "17 East Lake Pde", "state": "ACT", "city": "Kingston", "address2": "", "country": "AU"}, "name": "La Rustica By The Lake"}