{"id": "little-brooklyn-kingston", "rating": 3.5, "coordinates": {"longitude": 149.141728636444, "latitude": -35.3157416810783}, "is_claimed": false, "photos": ["https://s3-media3.fl.yelpcdn.com/bphoto/oTg5zhgmlOVbQhPOsPiREA/o.jpg", "https://s3-media2.fl.yelpcdn.com/bphoto/AUaL8zZHe9E5yWT30Evv3g/o.jpg"], "review_count": 7, "price": "$$", "term": "restaurants", "url": "https://www.yelp.com/biz/little-brooklyn-kingston?adjust_creative=92p07_JjKyriZTQxAXRiKQ&utm_campaign=yelp_api_v3&utm_medium=api_v3_business_lookup&utm_source=92p07_JjKyriZTQxAXRiKQ", "categories": [{"title": "Gastropubs", "alias": "gastropubs"}], "image_url": "https://s3-media1.fl.yelpcdn.com/bphoto/oTg5zhgmlOVbQhPOsPiREA/o.jpg", "is_closed": false, "phone": "+61262608150", "location": {"address3": "", "zip_code": "2604", "address1": "Green Sq", "state": "ACT", "city": "Kingston", "address2": "44 Jardine St", "country": "AU"}, "name": "Little Brooklyn"}