{"price": "$$", "rating": 4.0, "coordinates": {"longitude": 149.146716503675, "latitude": -35.3125678270393}, "is_claimed": false, "hours": [{"is_open_now": false, "open": [{"is_overnight": false, "day": 0, "start": "0730", "end": "1530"}, {"is_overnight": false, "day": 1, "start": "0730", "end": "1530"}, {"is_overnight": false, "day": 2, "start": "0730", "end": "1530"}, {"is_overnight": false, "day": 3, "start": "0730", "end": "1530"}, {"is_overnight": false, "day": 4, "start": "0730", "end": "1530"}, {"is_overnight": false, "day": 5, "start": "0800", "end": "1600"}, {"is_overnight": false, "day": 6, "start": "0800", "end": "1600"}], "hours_type": "REGULAR"}], "photos": ["https://s3-media3.fl.yelpcdn.com/bphoto/PeKUjZIFjz-yNYZ9iXII2g/o.jpg", "https://s3-media1.fl.yelpcdn.com/bphoto/X99USrvnbwoSeI0H6c9FvA/o.jpg", "https://s3-media1.fl.yelpcdn.com/bphoto/JYr7uzzFcBqyftef07PFvA/o.jpg"], "review_count": 7, "id": "local-press-cafe-kingston", "term": "restaurants", "url": "https://www.yelp.com/biz/local-press-cafe-kingston?adjust_creative=92p07_JjKyriZTQxAXRiKQ&utm_campaign=yelp_api_v3&utm_medium=api_v3_business_lookup&utm_source=92p07_JjKyriZTQxAXRiKQ", "categories": [{"alias": "cafes", "title": "Cafes"}], "location": {"address3": "", "zip_code": "2604", "address1": "9/81 Eastlake Pde", "state": "ACT", "city": "Kingston", "address2": "", "country": "AU"}, "is_closed": false, "phone": "", "image_url": "https://s3-media1.fl.yelpcdn.com/bphoto/PeKUjZIFjz-yNYZ9iXII2g/o.jpg", "name": "Local Press Cafe"}