{"id": "mazorca-kingston", "rating": 0.0, "coordinates": {"longitude": 149.140980449073, "latitude": -35.3167324044422}, "is_claimed": false, "photos": [], "review_count": 0, "term": "restaurants", "url": "https://www.yelp.com/biz/mazorca-kingston?adjust_creative=92p07_JjKyriZTQxAXRiKQ&utm_campaign=yelp_api_v3&utm_medium=api_v3_business_lookup&utm_source=92p07_JjKyriZTQxAXRiKQ", "categories": [{"alias": "spanish", "title": "Spanish"}], "location": {"address3": "", "zip_code": "2604", "address1": "27 Kennedy St", "address2": "", "city": "Kingston", "state": "ACT", "country": "AU"}, "is_closed": false, "phone": "+6162959590", "image_url": "", "name": "Mazorca"}