{"id": "morks-contemporary-thai-kingston", "rating": 4.5, "coordinates": {"longitude": 149.145711727005, "latitude": -35.3110879404942}, "is_claimed": false, "hours": [{"is_open_now": false, "open": [{"is_overnight": false, "day": 1, "start": "1200", "end": "1400"}, {"is_overnight": false, "day": 1, "start": "1800", "end": "2130"}, {"is_overnight": false, "day": 2, "start": "1200", "end": "1400"}, {"is_overnight": false, "day": 2, "start": "1800", "end": "2130"}, {"is_overnight": false, "day": 3, "start": "1200", "end": "1400"}, {"is_overnight": false, "day": 3, "start": "1800", "end": "2130"}, {"is_overnight": false, "day": 4, "start": "1200", "end": "1400"}, {"is_overnight": false, "day": 4, "start": "1800", "end": "2200"}, {"is_overnight": false, "day": 5, "start": "1200", "end": "1400"}, {"is_overnight": false, "day": 5, "start": "1800", "end": "2200"}, {"is_overnight": false, "day": 6, "start": "1200", "end": "1400"}], "hours_type": "REGULAR"}], "photos": ["https://s3-media3.fl.yelpcdn.com/bphoto/gMRbykOByphjXjjkadAbBg/o.jpg", "https://s3-media2.fl.yelpcdn.com/bphoto/AE3EEVrELur2wad5dH6ihA/o.jpg", "https://s3-media3.fl.yelpcdn.com/bphoto/6aoe3Wh-huJX1-kwzUSsVQ/o.jpg"], "review_count": 4, "term": "restaurants", "url": "https://www.yelp.com/biz/morks-contemporary-thai-kingston?adjust_creative=92p07_JjKyriZTQxAXRiKQ&utm_campaign=yelp_api_v3&utm_medium=api_v3_business_lookup&utm_source=92p07_JjKyriZTQxAXRiKQ", "categories": [{"alias": "thai", "title": "Thai"}], "location": {"address3": "", "zip_code": "2604", "address1": "18/19 Eastlake Pde", "address2": "", "city": "Kingston", "state": "ACT", "country": "AU"}, "is_closed": false, "phone": "+61262950112", "image_url": "https://s3-media1.fl.yelpcdn.com/bphoto/gMRbykOByphjXjjkadAbBg/o.jpg", "name": "Morks Contemporary Thai"}