{"price": "$$", "rating": 4.5, "coordinates": {"longitude": 149.1406555, "latitude": -35.3162918}, "is_claimed": false, "hours": [{"is_open_now": false, "open": [{"is_overnight": false, "end": "1600", "start": "0700", "day": 0}, {"is_overnight": false, "end": "1600", "start": "0700", "day": 1}, {"is_overnight": false, "end": "1600", "start": "0700", "day": 2}, {"is_overnight": false, "end": "1600", "start": "0700", "day": 3}, {"is_overnight": false, "end": "1600", "start": "0700", "day": 4}, {"is_overnight": false, "end": "1600", "start": "0700", "day": 5}, {"is_overnight": false, "end": "1600", "start": "0700", "day": 6}], "hours_type": "REGULAR"}], "photos": ["https://s3-media2.fl.yelpcdn.com/bphoto/mh7vRv2wasvo68P_Z43Xfw/o.jpg", "https://s3-media2.fl.yelpcdn.com/bphoto/hcXdVd8_1fsd2FO6jq9nGw/o.jpg", "https://s3-media2.fl.yelpcdn.com/bphoto/6buh_IkzN5eexBe3IzkK8w/o.jpg"], "review_count": 12, "id": "penny-university-kingston", "term": "restaurants", "url": "https://www.yelp.com/biz/penny-university-kingston?adjust_creative=92p07_JjKyriZTQxAXRiKQ&utm_campaign=yelp_api_v3&utm_medium=api_v3_business_lookup&utm_source=92p07_JjKyriZTQxAXRiKQ", "categories": [{"title": "Cafes", "alias": "cafes"}, {"title": "Coffee & Tea", "alias": "coffee"}], "image_url": "https://s3-media4.fl.yelpcdn.com/bphoto/mh7vRv2wasvo68P_Z43Xfw/o.jpg", "is_closed": false, "phone": "+61262611500", "location": {"address3": "", "zip_code": "2604", "address1": "15 Kennedy St", "address2": "", "city": "Kingston", "state": "ACT", "country": "AU"}, "name": "Penny University"}