{"id": "pizza-arte-kingston", "rating": 5.0, "coordinates": {"longitude": 149.1406299, "latitude": -35.31763}, "is_claimed": false, "hours": [{"is_open_now": false, "open": [{"is_overnight": false, "end": "2100", "day": 2, "start": "1700"}, {"is_overnight": false, "end": "2100", "day": 3, "start": "1700"}, {"is_overnight": false, "end": "2100", "day": 4, "start": "1700"}, {"is_overnight": false, "end": "2100", "day": 5, "start": "1700"}, {"is_overnight": false, "end": "2100", "day": 6, "start": "1700"}], "hours_type": "REGULAR"}], "photos": ["https://s3-media2.fl.yelpcdn.com/bphoto/tuYywYqw7MGZ8FxkGRhq4A/o.jpg"], "review_count": 2, "price": "$$", "term": "restaurants", "url": "https://www.yelp.com/biz/pizza-arte-kingston?adjust_creative=92p07_JjKyriZTQxAXRiKQ&utm_campaign=yelp_api_v3&utm_medium=api_v3_business_lookup&utm_source=92p07_JjKyriZTQxAXRiKQ", "categories": [{"title": "Fast Food", "alias": "hotdogs"}, {"title": "Pizza", "alias": "pizza"}], "location": {"address3": null, "zip_code": "2604", "address1": "13 Leichhardt St", "address2": null, "city": "Kingston", "state": "ACT", "country": "AU"}, "is_closed": false, "phone": "+61262396777", "image_url": "https://s3-media1.fl.yelpcdn.com/bphoto/tuYywYqw7MGZ8FxkGRhq4A/o.jpg", "name": "Pizza Arte"}