{"id": "pomegranate-kingston", "rating": 5.0, "coordinates": {"longitude": 149.140513176117, "latitude": -35.3151495515312}, "is_claimed": false, "hours": [{"is_open_now": false, "open": [{"is_overnight": false, "day": 1, "start": "1200", "end": "1430"}, {"is_overnight": false, "day": 1, "start": "1800", "end": "2100"}, {"is_overnight": false, "day": 2, "start": "1200", "end": "1430"}, {"is_overnight": false, "day": 2, "start": "1800", "end": "2100"}, {"is_overnight": false, "day": 3, "start": "1200", "end": "1430"}, {"is_overnight": false, "day": 3, "start": "1800", "end": "2100"}, {"is_overnight": false, "day": 4, "start": "1200", "end": "1430"}, {"is_overnight": false, "day": 4, "start": "1800", "end": "2100"}, {"is_overnight": false, "day": 5, "start": "1200", "end": "1430"}, {"is_overnight": false, "day": 5, "start": "1800", "end": "2100"}, {"is_overnight": false, "day": 6, "start": "1200", "end": "1430"}, {"is_overnight": false, "day": 6, "start": "1800", "end": "2100"}], "hours_type": "REGULAR"}], "photos": ["https://s3-media2.fl.yelpcdn.com/bphoto/Q73c5ZYzE1G-QMkrIh2dxA/o.jpg", "https://s3-media1.fl.yelpcdn.com/bphoto/ylnzyw-LFwDjdl2wGWjJig/o.jpg"], "review_count": 1, "term": "restaurants", "url": "https://www.yelp.com/biz/pomegranate-kingston?adjust_creative=92p07_JjKyriZTQxAXRiKQ&utm_campaign=yelp_api_v3&utm_medium=api_v3_business_lookup&utm_source=92p07_JjKyriZTQxAXRiKQ", "categories": [{"alias": "modern_australian", "title": "Modern Australian"}], "location": {"address3": "", "zip_code": "2604", "address1": "31 Giles St", "state": "ACT", "city": "Kingston", "address2": "", "country": "AU"}, "is_closed": false, "phone": "+61262951515", "image_url": "https://s3-media2.fl.yelpcdn.com/bphoto/Q73c5ZYzE1G-QMkrIh2dxA/o.jpg", "name": "Pomegranate"}