{"id": "portias-place-kingston", "rating": 0.0, "coordinates": {"longitude": 149.140524119139, "latitude": -35.3163686033934}, "is_claimed": false, "hours": [{"is_open_now": false, "open": [{"is_overnight": false, "day": 0, "start": "1130", "end": "1430"}, {"is_overnight": false, "day": 0, "start": "1700", "end": "2200"}, {"is_overnight": false, "day": 1, "start": "1130", "end": "1430"}, {"is_overnight": false, "day": 1, "start": "1700", "end": "2200"}, {"is_overnight": false, "day": 2, "start": "1130", "end": "1430"}, {"is_overnight": false, "day": 2, "start": "1700", "end": "2200"}, {"is_overnight": false, "day": 3, "start": "1130", "end": "1430"}, {"is_overnight": false, "day": 3, "start": "1700", "end": "2200"}, {"is_overnight": false, "day": 4, "start": "1130", "end": "1430"}, {"is_overnight": false, "day": 4, "start": "1700", "end": "2200"}, {"is_overnight": false, "day": 5, "start": "1130", "end": "1430"}, {"is_overnight": false, "day": 5, "start": "1700", "end": "2200"}, {"is_overnight": false, "day": 6, "start": "1130", "end": "1430"}, {"is_overnight": false, "day": 6, "start": "1700", "end": "2200"}], "hours_type": "REGULAR"}], "photos": ["https://s3-media1.fl.yelpcdn.com/bphoto/SuRPJkohYeXJ_TlwqsSTFw/o.jpg"], "review_count": 0, "term": "restaurants", "url": "https://www.yelp.com/biz/portias-place-kingston?adjust_creative=92p07_JjKyriZTQxAXRiKQ&utm_campaign=yelp_api_v3&utm_medium=api_v3_business_lookup&utm_source=92p07_JjKyriZTQxAXRiKQ", "categories": [{"alias": "malaysian", "title": "Malaysian"}, {"alias": "chinese", "title": "Chinese"}], "location": {"address3": "", "zip_code": "2604", "address1": "11 Kennedy St", "address2": "", "city": "Kingston", "state": "ACT", "country": "AU"}, "is_closed": false, "phone": "+61262397970", "image_url": "https://s3-media1.fl.yelpcdn.com/bphoto/SuRPJkohYeXJ_TlwqsSTFw/o.jpg", "name": "Portia's Place"}