{"id": "saffron-restaurant-kingston", "rating": 4.0, "coordinates": {"longitude": 149.1412354, "latitude": -35.3167}, "is_claimed": false, "photos": ["https://s3-media2.fl.yelpcdn.com/bphoto/RSKKQfFYSErA_GGbZc9thQ/o.jpg"], "review_count": 2, "term": "restaurants", "url": "https://www.yelp.com/biz/saffron-restaurant-kingston?adjust_creative=92p07_JjKyriZTQxAXRiKQ&utm_campaign=yelp_api_v3&utm_medium=api_v3_business_lookup&utm_source=92p07_JjKyriZTQxAXRiKQ", "categories": [{"title": "Mediterranean", "alias": "mediterranean"}], "image_url": "https://s3-media3.fl.yelpcdn.com/bphoto/RSKKQfFYSErA_GGbZc9thQ/o.jpg", "is_closed": false, "phone": "+6162958839", "location": {"address3": "", "zip_code": "2604", "address1": "31 Kennedy St", "state": "ACT", "city": "Kingston", "address2": "", "country": "AU"}, "name": "Saffron Restaurant"}