{"price": "$$", "rating": 4.5, "coordinates": {"longitude": 149.1404266, "latitude": -35.3157883}, "is_claimed": false, "hours": [{"is_open_now": false, "open": [{"is_overnight": false, "day": 1, "end": "1600", "start": "0700"}, {"is_overnight": false, "day": 2, "end": "1600", "start": "0700"}, {"is_overnight": false, "day": 3, "end": "1600", "start": "0700"}, {"is_overnight": false, "day": 4, "end": "1600", "start": "0700"}, {"is_overnight": false, "day": 5, "end": "1600", "start": "0700"}], "hours_type": "REGULAR"}], "photos": ["https://s3-media2.fl.yelpcdn.com/bphoto/XevOn1zRpodPhQgQh6eGjg/o.jpg", "https://s3-media2.fl.yelpcdn.com/bphoto/S6_VSigsZKl4mDx4tloorA/o.jpg", "https://s3-media4.fl.yelpcdn.com/bphoto/Mja1zZZKyWeyIGrCqtQSZA/o.jpg"], "review_count": 3, "id": "silo-bakery-kingston", "term": "restaurants", "url": "https://www.yelp.com/biz/silo-bakery-kingston?adjust_creative=92p07_JjKyriZTQxAXRiKQ&utm_campaign=yelp_api_v3&utm_medium=api_v3_business_lookup&utm_source=92p07_JjKyriZTQxAXRiKQ", "categories": [{"alias": "bakeries", "title": "Bakeries"}, {"alias": "modern_australian", "title": "Modern Australian"}, {"alias": "cafes", "title": "Cafes"}], "location": {"address3": null, "zip_code": "2604", "address1": "36 Giles St", "state": "ACT", "city": "Kingston", "address2": null, "country": "AU"}, "is_closed": false, "phone": "+61262606060", "image_url": "https://s3-media1.fl.yelpcdn.com/bphoto/XevOn1zRpodPhQgQh6eGjg/o.jpg", "name": "Silo Bakery"}