{"price": "$$", "rating": 4.0, "coordinates": {"longitude": 149.146566989545, "latitude": -35.3124496967993}, "is_claimed": false, "photos": ["https://s3-media4.fl.yelpcdn.com/bphoto/nFkTbaYLDb3Kgeo_OVKwrQ/o.jpg", "https://s3-media1.fl.yelpcdn.com/bphoto/BJuKjLfhXku4sSNnIVNIqg/o.jpg", "https://s3-media1.fl.yelpcdn.com/bphoto/79HXZ0FM1DdXj3D2pF4cKQ/o.jpg"], "review_count": 2, "id": "tang-dynasty-restaurant-kingston", "term": "restaurants", "url": "https://www.yelp.com/biz/tang-dynasty-restaurant-kingston?adjust_creative=92p07_JjKyriZTQxAXRiKQ&utm_campaign=yelp_api_v3&utm_medium=api_v3_business_lookup&utm_source=92p07_JjKyriZTQxAXRiKQ", "categories": [{"title": "Shanghainese", "alias": "shanghainese"}], "image_url": "https://s3-media4.fl.yelpcdn.com/bphoto/nFkTbaYLDb3Kgeo_OVKwrQ/o.jpg", "is_closed": false, "phone": "+61262326997", "location": {"address3": "", "zip_code": "2604", "address1": "10/81 Eastlake Pde", "address2": "", "city": "Kingston", "state": "ACT", "country": "AU"}, "name": "Tang Dynasty Restaurant"}