{"id": "thai-chiang-rai-kingston", "rating": 3.5, "coordinates": {"longitude": 149.140625, "latitude": -35.315361}, "is_claimed": false, "photos": [], "review_count": 3, "term": "restaurants", "url": "https://www.yelp.com/biz/thai-chiang-rai-kingston?adjust_creative=92p07_JjKyriZTQxAXRiKQ&utm_campaign=yelp_api_v3&utm_medium=api_v3_business_lookup&utm_source=92p07_JjKyriZTQxAXRiKQ", "categories": [{"title": "Thai", "alias": "thai"}], "image_url": "", "is_closed": false, "phone": "", "location": {"address3": "", "zip_code": "2604", "address1": "62 Giles St", "address2": "", "city": "Kingston", "state": "ACT", "country": "AU"}, "name": "Thai Chiang Rai"}