{"id": "the-kennedy-room-kingston", "rating": 3.0, "coordinates": {"longitude": 149.141098, "latitude": -35.3166122}, "is_claimed": false, "photos": ["https://s3-media2.fl.yelpcdn.com/bphoto/gPxESGr4ucQwZxhhkR-ybA/o.jpg", "https://s3-media2.fl.yelpcdn.com/bphoto/tqN4CKofpV6AdphWG1E6nw/o.jpg"], "review_count": 1, "term": "restaurants", "url": "https://www.yelp.com/biz/the-kennedy-room-kingston?adjust_creative=92p07_JjKyriZTQxAXRiKQ&utm_campaign=yelp_api_v3&utm_medium=api_v3_business_lookup&utm_source=92p07_JjKyriZTQxAXRiKQ", "categories": [{"title": "Modern Australian", "alias": "modern_australian"}], "image_url": "https://s3-media1.fl.yelpcdn.com/bphoto/gPxESGr4ucQwZxhhkR-ybA/o.jpg", "is_closed": false, "phone": "", "location": {"address3": "", "zip_code": "2604", "address1": "27 Kennedy St", "state": "ACT", "city": "Kingston", "address2": "", "country": "AU"}, "name": "The Kennedy Room"}