{"id": "king-fook-florey", "rating": 4.5, "coordinates": {"longitude": 149.0549622, "latitude": -35.2261009}, "is_claimed": false, "photos": ["https://s3-media4.fl.yelpcdn.com/bphoto/2BkUPz09AK6pNJgOAM73RA/o.jpg", "https://s3-media4.fl.yelpcdn.com/bphoto/bXf2yxIEXmxIJwqhijPzaw/o.jpg", "https://s3-media4.fl.yelpcdn.com/bphoto/GG06_3sqNoB0z5O3yvScqA/o.jpg"], "review_count": 4, "price": "$", "term": "restaurants", "url": "https://www.yelp.com/biz/king-fook-florey?adjust_creative=92p07_JjKyriZTQxAXRiKQ&utm_campaign=yelp_api_v3&utm_medium=api_v3_business_lookup&utm_source=92p07_JjKyriZTQxAXRiKQ", "categories": [{"alias": "chinese", "title": "Chinese"}], "location": {"address3": null, "zip_code": "2615", "address1": "43 Kesteven St", "state": "ACT", "city": "Florey", "address2": null, "country": "AU"}, "is_closed": false, "phone": "+61262581877", "image_url": "https://s3-media3.fl.yelpcdn.com/bphoto/2BkUPz09AK6pNJgOAM73RA/o.jpg", "name": "King Fook"}