{"id": "diplomat-hotel-griffith-2", "rating": 0.0, "coordinates": {"longitude": 149.1480255, "latitude": -35.3221817}, "is_claimed": false, "photos": [], "review_count": 0, "term": "hotels", "url": "https://www.yelp.com/biz/diplomat-hotel-griffith-2?adjust_creative=92p07_JjKyriZTQxAXRiKQ&utm_campaign=yelp_api_v3&utm_medium=api_v3_business_lookup&utm_source=92p07_JjKyriZTQxAXRiKQ", "categories": [{"alias": "venues", "title": "Venues & Event Spaces"}], "location": {"address3": null, "zip_code": "2603", "address1": "2 Hely St", "address2": null, "city": "Griffith", "state": "ACT", "country": "AU"}, "is_closed": false, "phone": "+611800026367", "image_url": "", "name": "Diplomat Hotel"}