{"id": "rogers-coaches-kambah", "rating": 0.0, "coordinates": {"longitude": 149.05231, "latitude": -35.38079}, "is_claimed": false, "photos": ["https://s3-media3.fl.yelpcdn.com/bphoto/azPfcfmwgSiw3Uh8ul2fug/o.jpg"], "review_count": 0, "term": "hotels", "url": "https://www.yelp.com/biz/rogers-coaches-kambah?adjust_creative=92p07_JjKyriZTQxAXRiKQ&utm_campaign=yelp_api_v3&utm_medium=api_v3_business_lookup&utm_source=92p07_JjKyriZTQxAXRiKQ", "categories": [{"alias": "tours", "title": "Tours"}], "location": {"address3": null, "zip_code": "2902", "address1": "", "address2": null, "city": "Kambah", "state": "ACT", "country": "AU"}, "is_closed": false, "phone": "+61262962507", "image_url": "https://s3-media2.fl.yelpcdn.com/bphoto/azPfcfmwgSiw3Uh8ul2fug/o.jpg", "name": "Rogers Coaches"}