{"price": "$$", "rating": 5.0, "coordinates": {"longitude": 149.135280269309, "latitude": -35.1850916335438}, "is_claimed": false, "hours": [{"is_open_now": false, "open": [{"is_overnight": false, "day": 0, "start": "1700", "end": "2200"}, {"is_overnight": false, "day": 1, "start": "1700", "end": "2200"}, {"is_overnight": false, "day": 2, "start": "1200", "end": "1400"}, {"is_overnight": false, "day": 2, "start": "1700", "end": "2200"}, {"is_overnight": false, "day": 3, "start": "1200", "end": "1400"}, {"is_overnight": false, "day": 3, "start": "1700", "end": "2200"}, {"is_overnight": false, "day": 4, "start": "1200", "end": "1400"}, {"is_overnight": false, "day": 4, "start": "1700", "end": "2200"}, {"is_overnight": false, "day": 5, "start": "1200", "end": "1400"}, {"is_overnight": false, "day": 5, "start": "1700", "end": "2200"}, {"is_overnight": false, "day": 6, "start": "1200", "end": "1400"}, {"is_overnight": false, "day": 6, "start": "1700", "end": "2200"}], "hours_type": "REGULAR"}], "photos": ["https://s3-media2.fl.yelpcdn.com/bphoto/CYn7fwsGMI0iS-7GSeYXTg/o.jpg"], "review_count": 2, "id": "garnish-of-india-canberra", "term": "restaurants", "url": "https://www.yelp.com/biz/garnish-of-india-canberra?adjust_creative=92p07_JjKyriZTQxAXRiKQ&utm_campaign=yelp_api_v3&utm_medium=api_v3_business_lookup&utm_source=92p07_JjKyriZTQxAXRiKQ", "categories": [{"alias": "indpak", "title": "Indian"}], "location": {"address3": "", "zip_code": "2912", "address1": "Shop 108", "state": "ACT", "city": "Canberra", "address2": "84 Gungahlin Pl", "country": "AU"}, "is_closed": false, "phone": "+61262555527", "image_url": "https://s3-media2.fl.yelpcdn.com/bphoto/CYn7fwsGMI0iS-7GSeYXTg/o.jpg", "name": "Garnish Of India"}