{"id": "nh8-canberra", "rating": 5.0, "coordinates": {"longitude": 149.1351471, "latitude": -35.1769905}, "is_claimed": true, "hours": [{"is_open_now": false, "open": [{"is_overnight": false, "day": 0, "start": "1730", "end": "2200"}, {"is_overnight": false, "day": 1, "start": "1730", "end": "2200"}, {"is_overnight": false, "day": 2, "start": "1730", "end": "2200"}, {"is_overnight": false, "day": 3, "start": "1730", "end": "2200"}, {"is_overnight": false, "day": 4, "start": "1730", "end": "2200"}, {"is_overnight": false, "day": 5, "start": "1730", "end": "2200"}, {"is_overnight": false, "day": 6, "start": "1730", "end": "2200"}], "hours_type": "REGULAR"}], "photos": ["https://s3-media3.fl.yelpcdn.com/bphoto/f7cHkRh0LjjnUU5H4BeglQ/o.jpg", "https://s3-media4.fl.yelpcdn.com/bphoto/_t4FuIgy3ka6oTdl7L5EzA/o.jpg", "https://s3-media1.fl.yelpcdn.com/bphoto/gEPiILAYHEfC-ch_rEpShg/o.jpg"], "review_count": 1, "term": "restaurants", "url": "https://www.yelp.com/biz/nh8-canberra?adjust_creative=92p07_JjKyriZTQxAXRiKQ&utm_campaign=yelp_api_v3&utm_medium=api_v3_business_lookup&utm_source=92p07_JjKyriZTQxAXRiKQ", "categories": [{"title": "Indian", "alias": "indpak"}], "image_url": "https://s3-media2.fl.yelpcdn.com/bphoto/f7cHkRh0LjjnUU5H4BeglQ/o.jpg", "is_closed": false, "phone": "+61261744977", "location": {"address3": "", "zip_code": "2912", "address1": "55 Nellie Hamilton Ave", "state": "ACT", "city": "Canberra", "address2": "Canberra", "country": "AU"}, "name": "NH8"}