{"price": "$$", "rating": 4.0, "coordinates": {"longitude": 149.08641238797, "latitude": -35.1928758465975}, "is_claimed": false, "hours": [{"is_open_now": true, "open": [{"is_overnight": false, "end": "2200", "start": "1100", "day": 0}, {"is_overnight": false, "end": "2200", "start": "1100", "day": 1}, {"is_overnight": false, "end": "2200", "start": "1100", "day": 2}, {"is_overnight": false, "end": "0000", "start": "1100", "day": 3}, {"is_overnight": false, "end": "0000", "start": "1100", "day": 4}, {"is_overnight": false, "end": "0000", "start": "1100", "day": 5}, {"is_overnight": false, "end": "2200", "start": "1100", "day": 6}], "hours_type": "REGULAR"}], "photos": ["https://s3-media2.fl.yelpcdn.com/bphoto/6DyvxeWSk8ML9YCMKeYDwQ/o.jpg", "https://s3-media3.fl.yelpcdn.com/bphoto/_b3TnP_y6kVL2Y3UvvHMqA/o.jpg", "https://s3-media3.fl.yelpcdn.com/bphoto/qWHm01dZI7C-tGhRcfrttw/o.jpg"], "review_count": 4, "id": "the-george-harcourt-inn-nicholls", "term": "restaurants", "url": "https://www.yelp.com/biz/the-george-harcourt-inn-nicholls?adjust_creative=92p07_JjKyriZTQxAXRiKQ&utm_campaign=yelp_api_v3&utm_medium=api_v3_business_lookup&utm_source=92p07_JjKyriZTQxAXRiKQ", "categories": [{"title": "Pubs", "alias": "pubs"}, {"title": "Australian", "alias": "australian"}], "image_url": "https://s3-media4.fl.yelpcdn.com/bphoto/6DyvxeWSk8ML9YCMKeYDwQ/o.jpg", "is_closed": false, "phone": "+61262302484", "location": {"address3": null, "zip_code": "2913", "address1": "3 Gold Creek Rd", "address2": null, "city": "Nicholls", "state": "ACT", "country": "AU"}, "name": "The George Harcourt Inn"}