{"id": "avis-fyshwick", "rating": 0.0, "coordinates": {"longitude": 149.1794434, "latitude": -35.3303795}, "is_claimed": false, "photos": [], "review_count": 0, "term": "hotels", "url": "https://www.yelp.com/biz/avis-fyshwick?adjust_creative=92p07_JjKyriZTQxAXRiKQ&utm_campaign=yelp_api_v3&utm_medium=api_v3_business_lookup&utm_source=92p07_JjKyriZTQxAXRiKQ", "categories": [{"alias": "carrental", "title": "Car Rental"}], "location": {"address3": null, "zip_code": "2609", "address1": "79 - 85 Collie St", "address2": null, "city": "Fyshwick", "state": "ACT", "country": "AU"}, "is_closed": false, "phone": "+61262391022", "image_url": "", "name": "Avis"}