{"id": "border-express-fyshwick", "rating": 0.0, "coordinates": {"longitude": 149.1656952, "latitude": -35.3213081}, "is_claimed": false, "photos": [], "review_count": 0, "term": "hotels", "url": "https://www.yelp.com/biz/border-express-fyshwick?adjust_creative=92p07_JjKyriZTQxAXRiKQ&utm_campaign=yelp_api_v3&utm_medium=api_v3_business_lookup&utm_source=92p07_JjKyriZTQxAXRiKQ", "categories": [{"alias": "transport", "title": "Transportation"}], "location": {"address3": null, "zip_code": "2609", "address1": "3 Wetlands Complex Dairy Rd", "address2": null, "city": "Fyshwick", "state": "ACT", "country": "AU"}, "is_closed": false, "phone": "+61261233100", "image_url": "", "name": "Border Express"}