{"id": "c-b-d-chauffeured-transport-fyshwick", "rating": 0.0, "coordinates": {"longitude": 149.1673, "latitude": -35.33232}, "is_claimed": false, "photos": ["https://s3-media1.fl.yelpcdn.com/bphoto/JHG1uqBfXs0bS_5mn7WL_Q/o.jpg", "https://s3-media1.fl.yelpcdn.com/bphoto/j0od8RvMoPOeb70l2mSnMA/o.jpg"], "review_count": 0, "term": "hotels", "url": "https://www.yelp.com/biz/c-b-d-chauffeured-transport-fyshwick?adjust_creative=92p07_JjKyriZTQxAXRiKQ&utm_campaign=yelp_api_v3&utm_medium=api_v3_business_lookup&utm_source=92p07_JjKyriZTQxAXRiKQ", "categories": [{"alias": "tours", "title": "Tours"}], "location": {"address3": null, "zip_code": "2609", "address1": "", "state": "ACT", "city": "Fyshwick", "address2": null, "country": "AU"}, "is_closed": false, "phone": "+61262979899", "image_url": "https://s3-media2.fl.yelpcdn.com/bphoto/JHG1uqBfXs0bS_5mn7WL_Q/o.jpg", "name": "C-B-D Chauffeured Transport"}