{"id": "canberra-spits-and-party-hire-fyshwick", "rating": 0.0, "coordinates": {"longitude": 149.175992, "latitude": -35.329919}, "is_claimed": true, "hours": [{"is_open_now": false, "open": [{"is_overnight": false, "day": 0, "end": "1630", "start": "0900"}, {"is_overnight": false, "day": 1, "end": "1630", "start": "0900"}, {"is_overnight": false, "day": 2, "end": "1630", "start": "0900"}, {"is_overnight": false, "day": 3, "end": "1630", "start": "0900"}, {"is_overnight": false, "day": 4, "end": "1630", "start": "0900"}, {"is_overnight": false, "day": 5, "end": "1300", "start": "1000"}], "hours_type": "REGULAR"}], "photos": ["https://s3-media1.fl.yelpcdn.com/bphoto/D54d4yrvdD16NRogjhzJAQ/o.jpg", "https://s3-media2.fl.yelpcdn.com/bphoto/v8GtTXQZzhxJfFZlhCNPew/o.jpg", "https://s3-media3.fl.yelpcdn.com/bphoto/Lxcq4moe0Xk1sg7GMYCS3A/o.jpg"], "review_count": 0, "term": "hotels", "url": "https://www.yelp.com/biz/canberra-spits-and-party-hire-fyshwick?adjust_creative=92p07_JjKyriZTQxAXRiKQ&utm_campaign=yelp_api_v3&utm_medium=api_v3_business_lookup&utm_source=92p07_JjKyriZTQxAXRiKQ", "categories": [{"alias": "partyequipmentrentals", "title": "Party Equipment Rentals"}, {"alias": "partysupplies", "title": "Party Supplies"}], "location": {"address3": "", "zip_code": "2609", "address1": "Shop 3", "state": "ACT", "city": "Fyshwick", "address2": "28 Barrier St", "country": "AU"}, "is_closed": false, "phone": "+61261621662", "image_url": "https://s3-media4.fl.yelpcdn.com/bphoto/D54d4yrvdD16NRogjhzJAQ/o.jpg", "name": "Canberra Spits & Party Hire"}