{"id": "canberra-south-motor-park-fyshwick", "rating": 0.0, "coordinates": {"longitude": 149.1613617, "latitude": -35.3305702}, "is_claimed": false, "photos": [], "review_count": 0, "term": "hotels", "url": "https://www.yelp.com/biz/canberra-south-motor-park-fyshwick?adjust_creative=92p07_JjKyriZTQxAXRiKQ&utm_campaign=yelp_api_v3&utm_medium=api_v3_business_lookup&utm_source=92p07_JjKyriZTQxAXRiKQ", "categories": [{"title": "Hotels & Travel", "alias": "hotelstravel"}], "location": {"address3": null, "zip_code": "2609", "address1": "Cnr Canberra Ave & Monaro Hwy", "address2": null, "city": "Fyshwick", "state": "ACT", "country": "AU"}, "is_closed": false, "phone": "+61262806176", "image_url": "", "name": "Canberra South Motor Park"}