{"id": "cbr-cars-fyshwick", "rating": 0.0, "coordinates": {"longitude": 149.17564, "latitude": -35.3271}, "is_claimed": false, "hours": [{"is_open_now": true, "open": [{"is_overnight": false, "day": 0, "start": "0000", "end": "0000"}, {"is_overnight": false, "day": 1, "start": "0000", "end": "0000"}, {"is_overnight": false, "day": 2, "start": "0000", "end": "0000"}, {"is_overnight": false, "day": 3, "start": "0000", "end": "0000"}, {"is_overnight": false, "day": 4, "start": "0000", "end": "0000"}, {"is_overnight": false, "day": 5, "start": "0000", "end": "0000"}, {"is_overnight": false, "day": 6, "start": "0000", "end": "0000"}], "hours_type": "REGULAR"}], "photos": ["https://s3-media4.fl.yelpcdn.com/bphoto/XmZboh1AUj5JXU2QETLhIg/o.jpg"], "review_count": 0, "term": "hotels", "url": "https://www.yelp.com/biz/cbr-cars-fyshwick?adjust_creative=92p07_JjKyriZTQxAXRiKQ&utm_campaign=yelp_api_v3&utm_medium=api_v3_business_lookup&utm_source=92p07_JjKyriZTQxAXRiKQ", "categories": [{"alias": "winetours", "title": "Wine Tours"}, {"alias": "taxis", "title": "Taxis"}, {"alias": "airport_shuttles", "title": "Airport Shuttles"}], "location": {"address3": "", "zip_code": "2609", "address1": "", "address2": null, "city": "Fyshwick", "state": "ACT", "country": "AU"}, "is_closed": false, "phone": "+611300233748", "image_url": "https://s3-media2.fl.yelpcdn.com/bphoto/XmZboh1AUj5JXU2QETLhIg/o.jpg", "name": "CBR Cars"}