{"id": "excess-baggage-company-aust-fyshwick", "rating": 0.0, "coordinates": {"longitude": 149.1673, "latitude": -35.33232}, "is_claimed": false, "photos": [], "review_count": 0, "term": "hotels", "url": "https://www.yelp.com/biz/excess-baggage-company-aust-fyshwick?adjust_creative=92p07_JjKyriZTQxAXRiKQ&utm_campaign=yelp_api_v3&utm_medium=api_v3_business_lookup&utm_source=92p07_JjKyriZTQxAXRiKQ", "categories": [{"alias": "travelservices", "title": "Travel Services"}], "location": {"address3": null, "zip_code": "2609", "address1": "", "state": "ACT", "city": "Fyshwick", "address2": null, "country": "AU"}, "is_closed": false, "phone": "+611300300688", "image_url": "", "name": "Excess Baggage Company Aust"}