{"id": "flight-centre-fyshwick-fyshwick", "rating": 0.0, "coordinates": {"longitude": 149.1789856, "latitude": -35.3262291}, "is_claimed": false, "photos": [], "review_count": 0, "term": "hotels", "url": "https://www.yelp.com/biz/flight-centre-fyshwick-fyshwick?adjust_creative=92p07_JjKyriZTQxAXRiKQ&utm_campaign=yelp_api_v3&utm_medium=api_v3_business_lookup&utm_source=92p07_JjKyriZTQxAXRiKQ", "categories": [{"alias": "travelservices", "title": "Travel Services"}], "location": {"address3": null, "zip_code": "2609", "address1": "Unit 4B, The Fyshwick Centre 32-42 Wollongong St", "state": "ACT", "city": "Fyshwick", "address2": null, "country": "AU"}, "is_closed": false, "phone": "+1300755332", "image_url": "", "name": "Flight Centre Fyshwick"}