{"id": "hughes-chauffeured-cars-limousines-and-coaches-fyshwick", "rating": 0.0, "coordinates": {"longitude": 149.1633759, "latitude": -35.3127518}, "is_claimed": false, "photos": [], "review_count": 0, "term": "hotels", "url": "https://www.yelp.com/biz/hughes-chauffeured-cars-limousines-and-coaches-fyshwick?adjust_creative=92p07_JjKyriZTQxAXRiKQ&utm_campaign=yelp_api_v3&utm_medium=api_v3_business_lookup&utm_source=92p07_JjKyriZTQxAXRiKQ", "categories": [{"alias": "transport", "title": "Transportation"}], "location": {"address3": null, "zip_code": "2609", "address1": "211 Dairy Rd", "state": "ACT", "city": "Fyshwick", "address2": null, "country": "AU"}, "is_closed": false, "phone": "+61262808448", "image_url": "", "name": "Hughes Chauffeured Cars, Limousines & Coaches"}