{"id": "mister-cheap-courtesy-cars-fyshwick", "rating": 0.0, "coordinates": {"longitude": 149.178894, "latitude": -35.3272705}, "is_claimed": false, "photos": [], "review_count": 0, "term": "hotels", "url": "https://www.yelp.com/biz/mister-cheap-courtesy-cars-fyshwick?adjust_creative=92p07_JjKyriZTQxAXRiKQ&utm_campaign=yelp_api_v3&utm_medium=api_v3_business_lookup&utm_source=92p07_JjKyriZTQxAXRiKQ", "categories": [{"title": "Car Rental", "alias": "carrental"}], "image_url": "", "is_closed": false, "phone": "+61407295939", "location": {"address3": null, "zip_code": "2609", "address1": "2 / 9 Collie St", "address2": null, "city": "Fyshwick", "state": "ACT", "country": "AU"}, "name": "Mister Cheap Courtesy Cars"}