{"id": "neway-transport-act-fyshwick", "rating": 0.0, "coordinates": {"longitude": 149.1852264, "latitude": -35.3274193}, "is_claimed": false, "photos": [], "review_count": 0, "term": "hotels", "url": "https://www.yelp.com/biz/neway-transport-act-fyshwick?adjust_creative=92p07_JjKyriZTQxAXRiKQ&utm_campaign=yelp_api_v3&utm_medium=api_v3_business_lookup&utm_source=92p07_JjKyriZTQxAXRiKQ", "categories": [{"alias": "transport", "title": "Transportation"}], "location": {"address3": null, "zip_code": "2609", "address1": "175 Gladstone St", "state": "ACT", "city": "Fyshwick", "address2": null, "country": "AU"}, "is_closed": false, "phone": "+61262805921", "image_url": "", "name": "Neway Transport ACT"}