{"id": "ojs-freight-lines-fyshwick", "rating": 0.0, "coordinates": {"longitude": 149.1775818, "latitude": -35.3228455}, "is_claimed": false, "photos": [], "review_count": 0, "term": "hotels", "url": "https://www.yelp.com/biz/ojs-freight-lines-fyshwick?adjust_creative=92p07_JjKyriZTQxAXRiKQ&utm_campaign=yelp_api_v3&utm_medium=api_v3_business_lookup&utm_source=92p07_JjKyriZTQxAXRiKQ", "categories": [{"alias": "transport", "title": "Transportation"}], "location": {"address3": null, "zip_code": "2609", "address1": "100 Wollongong St", "address2": null, "city": "Fyshwick", "state": "ACT", "country": "AU"}, "is_closed": false, "phone": "+61262805172", "image_url": "", "name": "OJ's Freight Lines"}