{"id": "civic-travel-service-civic", "rating": 0.0, "coordinates": {"longitude": 149.1325378, "latitude": -35.2819405}, "is_claimed": false, "photos": [], "review_count": 0, "term": "hotels", "url": "https://www.yelp.com/biz/civic-travel-service-civic?adjust_creative=92p07_JjKyriZTQxAXRiKQ&utm_campaign=yelp_api_v3&utm_medium=api_v3_business_lookup&utm_source=92p07_JjKyriZTQxAXRiKQ", "categories": [{"title": "Travel Services", "alias": "travelservices"}], "image_url": "", "is_closed": false, "phone": "+61262480822", "location": {"address3": null, "zip_code": "2601", "address1": "2 Akuna St", "address2": null, "city": "Civic", "state": "ACT", "country": "AU"}, "name": "Civic Travel Service"}