{"id": "flight-centre-civic", "rating": 0.0, "coordinates": {"longitude": 149.1300201, "latitude": -35.2783089}, "is_claimed": false, "photos": [], "review_count": 0, "term": "hotels", "url": "https://www.yelp.com/biz/flight-centre-civic?adjust_creative=92p07_JjKyriZTQxAXRiKQ&utm_campaign=yelp_api_v3&utm_medium=api_v3_business_lookup&utm_source=92p07_JjKyriZTQxAXRiKQ", "categories": [{"title": "Travel Services", "alias": "travelservices"}], "image_url": "", "is_closed": false, "phone": "+61262478199", "location": {"address3": null, "zip_code": "2601", "address1": "111 Alinga St", "state": "ACT", "city": "Civic", "address2": null, "country": "AU"}, "name": "Flight Centre"}