{"id": "kalparrin-aged-care-facility-holt", "rating": 0.0, "coordinates": {"longitude": 149.0192871, "latitude": -35.2234802}, "is_claimed": false, "photos": [], "review_count": 0, "term": "hotels", "url": "https://www.yelp.com/biz/kalparrin-aged-care-facility-holt?adjust_creative=92p07_JjKyriZTQxAXRiKQ&utm_campaign=yelp_api_v3&utm_medium=api_v3_business_lookup&utm_source=92p07_JjKyriZTQxAXRiKQ", "categories": [{"alias": "hostels", "title": "Hostels"}], "location": {"address3": null, "zip_code": "2615", "address1": "138 Hardwick Crs", "address2": null, "city": "Holt", "state": "ACT", "country": "AU"}, "is_closed": false, "phone": "+61262542544", "image_url": "", "name": "Kalparrin Aged Care Facility"}