{"id": "kippax-tavern-holt", "rating": 0.0, "coordinates": {"longitude": 149.0183563, "latitude": -35.2200203}, "is_claimed": false, "photos": [], "review_count": 0, "term": "hotels", "url": "https://www.yelp.com/biz/kippax-tavern-holt?adjust_creative=92p07_JjKyriZTQxAXRiKQ&utm_campaign=yelp_api_v3&utm_medium=api_v3_business_lookup&utm_source=92p07_JjKyriZTQxAXRiKQ", "categories": [{"alias": "hotels", "title": "Hotels"}], "location": {"address3": null, "zip_code": "2615", "address1": "84 Hardwick Crs", "state": "ACT", "city": "Holt", "address2": null, "country": "AU"}, "is_closed": false, "phone": "+61262551111", "image_url": "", "name": "Kippax Tavern"}