{"id": "dumpling-inn-restaurant-macquarie", "rating": 0.0, "coordinates": {"longitude": 149.0737152, "latitude": -35.2522507}, "is_claimed": false, "photos": ["https://s3-media4.fl.yelpcdn.com/bphoto/72tpfXvE0vyriqTBu3AyEw/o.jpg"], "review_count": 0, "term": "restaurants", "url": "https://www.yelp.com/biz/dumpling-inn-restaurant-macquarie?adjust_creative=92p07_JjKyriZTQxAXRiKQ&utm_campaign=yelp_api_v3&utm_medium=api_v3_business_lookup&utm_source=92p07_JjKyriZTQxAXRiKQ", "categories": [{"title": "Restaurants", "alias": "restaurants"}], "location": {"address3": null, "zip_code": "2614", "address1": "1 Lawry Pl", "address2": null, "city": "Macquarie", "state": "ACT", "country": "AU"}, "is_closed": false, "phone": "+61262532268", "image_url": "https://s3-media2.fl.yelpcdn.com/bphoto/72tpfXvE0vyriqTBu3AyEw/o.jpg", "name": "Dumpling Inn Restaurant"}