{"id": "pizza-artigiana-macquarie", "rating": 5.0, "coordinates": {"longitude": 149.0726099, "latitude": -35.2520274}, "is_claimed": true, "hours": [{"is_open_now": false, "open": [{"is_overnight": false, "day": 0, "start": "1730", "end": "2100"}, {"is_overnight": false, "day": 1, "start": "1730", "end": "2100"}, {"is_overnight": false, "day": 3, "start": "1730", "end": "2100"}, {"is_overnight": false, "day": 4, "start": "1730", "end": "2100"}, {"is_overnight": false, "day": 5, "start": "1700", "end": "2100"}, {"is_overnight": false, "day": 6, "start": "1700", "end": "2100"}], "hours_type": "REGULAR"}], "photos": ["https://s3-media1.fl.yelpcdn.com/bphoto/uh12YjwrbrxWfrz0DvtJww/o.jpg", "https://s3-media2.fl.yelpcdn.com/bphoto/5WTQ4lT_h2a95HjgLQuNVA/o.jpg", "https://s3-media4.fl.yelpcdn.com/bphoto/UWxR3Fp7uBZKPpBSXU2qDw/o.jpg"], "review_count": 1, "price": "$$", "term": "restaurants", "url": "https://www.yelp.com/biz/pizza-artigiana-macquarie?adjust_creative=92p07_JjKyriZTQxAXRiKQ&utm_campaign=yelp_api_v3&utm_medium=api_v3_business_lookup&utm_source=92p07_JjKyriZTQxAXRiKQ", "categories": [{"title": "Pizza", "alias": "pizza"}, {"title": "Italian", "alias": "italian"}], "image_url": "https://s3-media4.fl.yelpcdn.com/bphoto/uh12YjwrbrxWfrz0DvtJww/o.jpg", "is_closed": false, "phone": "+61262513315", "location": {"address3": "", "zip_code": "2614", "address1": "2/39-47 Bowman St", "state": "ACT", "city": "Macquarie", "address2": null, "country": "AU"}, "name": "Pizza Artigiana"}