{"price": "$$", "rating": 4.0, "coordinates": {"longitude": 149.07102, "latitude": -35.25217}, "is_claimed": false, "hours": [{"is_open_now": false, "open": [{"is_overnight": false, "end": "1730", "start": "0730", "day": 0}, {"is_overnight": false, "end": "1730", "start": "0730", "day": 1}, {"is_overnight": false, "end": "1730", "start": "0730", "day": 2}, {"is_overnight": false, "end": "1730", "start": "0730", "day": 3}, {"is_overnight": false, "end": "1730", "start": "0730", "day": 4}, {"is_overnight": false, "end": "1600", "start": "0730", "day": 5}, {"is_overnight": false, "end": "1600", "start": "0730", "day": 6}], "hours_type": "REGULAR"}], "photos": ["https://s3-media3.fl.yelpcdn.com/bphoto/om62AuNceGcxnpWEcQei_g/o.jpg", "https://s3-media1.fl.yelpcdn.com/bphoto/SSrTEqf0HTZsAwFicJdbnA/o.jpg", "https://s3-media4.fl.yelpcdn.com/bphoto/7u2Yze7e86_dytTOm1AMcw/o.jpg"], "review_count": 10, "id": "ricardos-cafe-macquarie", "term": "restaurants", "url": "https://www.yelp.com/biz/ricardos-cafe-macquarie?adjust_creative=92p07_JjKyriZTQxAXRiKQ&utm_campaign=yelp_api_v3&utm_medium=api_v3_business_lookup&utm_source=92p07_JjKyriZTQxAXRiKQ", "categories": [{"alias": "cafes", "title": "Cafes"}, {"alias": "coffee", "title": "Coffee & Tea"}], "location": {"address3": null, "zip_code": "2614", "address1": "Jamison Plaza", "state": "ACT", "city": "Macquarie", "address2": "Bowman St", "country": "AU"}, "is_closed": false, "phone": "+61262512666", "image_url": "https://s3-media1.fl.yelpcdn.com/bphoto/om62AuNceGcxnpWEcQei_g/o.jpg", "name": "Ricardo's Cafe"}