{"id": "d-and-n-ballard-tilt-tray-hire-isabella-plains", "rating": 0.0, "coordinates": {"longitude": 149.0926971, "latitude": -35.4299393}, "is_claimed": false, "photos": [], "review_count": 0, "term": "hotels", "url": "https://www.yelp.com/biz/d-and-n-ballard-tilt-tray-hire-isabella-plains?adjust_creative=92p07_JjKyriZTQxAXRiKQ&utm_campaign=yelp_api_v3&utm_medium=api_v3_business_lookup&utm_source=92p07_JjKyriZTQxAXRiKQ", "categories": [{"alias": "transport", "title": "Transportation"}], "location": {"address3": null, "zip_code": "2905", "address1": "4 Tahrone Pl", "address2": null, "city": "Isabella Plains", "state": "ACT", "country": "AU"}, "is_closed": false, "phone": "+61418481174", "image_url": "", "name": "D & N Ballard Tilt Tray Hire"}