{"id": "canada-specialist-canberra-city-2", "rating": 0.0, "coordinates": {"longitude": 149.1323242, "latitude": -35.2809715}, "is_claimed": false, "photos": [], "review_count": 0, "term": "hotels", "url": "https://www.yelp.com/biz/canada-specialist-canberra-city-2?adjust_creative=92p07_JjKyriZTQxAXRiKQ&utm_campaign=yelp_api_v3&utm_medium=api_v3_business_lookup&utm_source=92p07_JjKyriZTQxAXRiKQ", "categories": [{"title": "Travel Services", "alias": "travelservices"}], "image_url": "", "is_closed": false, "phone": "+61262476544", "location": {"address3": null, "zip_code": "2601", "address1": "36 Ainslie Ave", "address2": null, "city": "Canberra City", "state": "ACT", "country": "AU"}, "name": "Canada Specialist"}