{"id": "capital-executive-apartment-hotel-canberra-city-2", "rating": 0.0, "coordinates": {"longitude": 149.1399994, "latitude": -35.2694016}, "is_claimed": false, "photos": [], "review_count": 0, "term": "hotels", "url": "https://www.yelp.com/biz/capital-executive-apartment-hotel-canberra-city-2?adjust_creative=92p07_JjKyriZTQxAXRiKQ&utm_campaign=yelp_api_v3&utm_medium=api_v3_business_lookup&utm_source=92p07_JjKyriZTQxAXRiKQ", "categories": [{"alias": "venues", "title": "Venues & Event Spaces"}, {"alias": "restaurants", "title": "Restaurants"}], "location": {"address3": null, "zip_code": "2601", "address1": "Girrahween St", "address2": null, "city": "Canberra City", "state": "ACT", "country": "AU"}, "is_closed": false, "phone": "+61262438333", "image_url": "", "name": "Capital Executive Apartment Hotel"}