{"id": "capital-executive-apartment-hotel-canberra-city", "rating": 0.0, "coordinates": {"longitude": 149.1308899, "latitude": -35.2706413}, "is_claimed": false, "photos": ["https://s3-media3.fl.yelpcdn.com/bphoto/AyP_vVWj4pFBOdtKtdFqIw/o.jpg", "https://s3-media2.fl.yelpcdn.com/bphoto/im2LwWeydM-bkDIWQpKNgw/o.jpg", "https://s3-media4.fl.yelpcdn.com/bphoto/g8nkysZIZbVnzLFq97TFmQ/o.jpg"], "review_count": 0, "term": "hotels", "url": "https://www.yelp.com/biz/capital-executive-apartment-hotel-canberra-city?adjust_creative=92p07_JjKyriZTQxAXRiKQ&utm_campaign=yelp_api_v3&utm_medium=api_v3_business_lookup&utm_source=92p07_JjKyriZTQxAXRiKQ", "categories": [{"alias": "hotelstravel", "title": "Hotels & Travel"}], "location": {"address3": null, "zip_code": "2601", "address1": "108 Northbourne Ave", "state": "ACT", "city": "Canberra City", "address2": null, "country": "AU"}, "is_closed": false, "phone": "+611800026129", "image_url": "https://s3-media4.fl.yelpcdn.com/bphoto/AyP_vVWj4pFBOdtKtdFqIw/o.jpg", "name": "Capital Executive Apartment Hotel"}