{"id": "dalley-phil-canberra-city-2", "rating": 0.0, "coordinates": {"longitude": 149.0965424, "latitude": -35.3010597}, "is_claimed": false, "photos": [], "review_count": 0, "term": "hotels", "url": "https://www.yelp.com/biz/dalley-phil-canberra-city-2?adjust_creative=92p07_JjKyriZTQxAXRiKQ&utm_campaign=yelp_api_v3&utm_medium=api_v3_business_lookup&utm_source=92p07_JjKyriZTQxAXRiKQ", "categories": [{"title": "Travel Services", "alias": "travelservices"}], "image_url": "", "is_closed": false, "phone": "+61262474444", "location": {"address3": null, "zip_code": "2601", "address1": "1St Floor Suite 6 Bailey'S Cnr", "state": "ACT", "city": "Canberra City", "address2": null, "country": "AU"}, "name": "Dalley Phil"}