{"id": "euro-rides-canberra-city", "rating": 0.0, "coordinates": {"longitude": 149.11014, "latitude": -35.27674}, "is_claimed": false, "photos": [], "review_count": 0, "term": "hotels", "url": "https://www.yelp.com/biz/euro-rides-canberra-city?adjust_creative=92p07_JjKyriZTQxAXRiKQ&utm_campaign=yelp_api_v3&utm_medium=api_v3_business_lookup&utm_source=92p07_JjKyriZTQxAXRiKQ", "categories": [{"alias": "transport", "title": "Transportation"}], "location": {"address3": null, "zip_code": "2601", "address1": "", "state": "ACT", "city": "Canberra City", "address2": null, "country": "AU"}, "is_closed": false, "phone": "", "image_url": "", "name": "Euro Rides"}