{"id": "flag-international-ltd-canberra-city", "rating": 0.0, "coordinates": {"longitude": 149.1307526, "latitude": -35.27034}, "is_claimed": false, "photos": [], "review_count": 0, "term": "hotels", "url": "https://www.yelp.com/biz/flag-international-ltd-canberra-city?adjust_creative=92p07_JjKyriZTQxAXRiKQ&utm_campaign=yelp_api_v3&utm_medium=api_v3_business_lookup&utm_source=92p07_JjKyriZTQxAXRiKQ", "categories": [{"title": "Hotels", "alias": "hotels"}], "image_url": "", "is_closed": false, "phone": "+611800026129", "location": {"address3": null, "zip_code": "2601", "address1": "108 Northbourne Ave & Cnr Girrahween St", "state": "ACT", "city": "Canberra City", "address2": null, "country": "AU"}, "name": "Flag International Ltd"}