{"id": "gay-boersma-canberra-city", "rating": 0.0, "coordinates": {"longitude": 149.131958, "latitude": -35.2810593}, "is_claimed": false, "photos": [], "review_count": 0, "term": "hotels", "url": "https://www.yelp.com/biz/gay-boersma-canberra-city?adjust_creative=92p07_JjKyriZTQxAXRiKQ&utm_campaign=yelp_api_v3&utm_medium=api_v3_business_lookup&utm_source=92p07_JjKyriZTQxAXRiKQ", "categories": [{"title": "Travel Services", "alias": "travelservices"}], "image_url": "", "is_closed": false, "phone": "+61262476544", "location": {"address3": null, "zip_code": "2601", "address1": "28 Ainslie Ave", "state": "ACT", "city": "Canberra City", "address2": null, "country": "AU"}, "name": "Gay Boersma"}