{"id": "national-capital-exhibition-canberra-city-2", "rating": 0.0, "coordinates": {"longitude": 149.1264343, "latitude": -35.2892799}, "is_claimed": false, "photos": ["https://s3-media4.fl.yelpcdn.com/bphoto/p3ZqrzmMz_DMSe6x4AQOmA/o.jpg", "https://s3-media1.fl.yelpcdn.com/bphoto/2MVWqYNrUbGYfUr7Q60aNQ/o.jpg", "https://s3-media1.fl.yelpcdn.com/bphoto/QY7jq4hBkoEevi8RkjmBQg/o.jpg"], "review_count": 0, "term": "hotels", "url": "https://www.yelp.com/biz/national-capital-exhibition-canberra-city-2?adjust_creative=92p07_JjKyriZTQxAXRiKQ&utm_campaign=yelp_api_v3&utm_medium=api_v3_business_lookup&utm_source=92p07_JjKyriZTQxAXRiKQ", "categories": [{"alias": "travelservices", "title": "Travel Services"}], "location": {"address3": null, "zip_code": "2601", "address1": "Commonwealth Park Barrine Drv", "state": "ACT", "city": "Canberra City", "address2": null, "country": "AU"}, "is_closed": false, "phone": "+61262722902", "image_url": "https://s3-media4.fl.yelpcdn.com/bphoto/p3ZqrzmMz_DMSe6x4AQOmA/o.jpg", "name": "National Capital Exhibition"}