{"id": "new-zealand-specialist-canberra-city", "rating": 0.0, "coordinates": {"longitude": 149.1320038, "latitude": -35.2810898}, "is_claimed": false, "photos": [], "review_count": 0, "term": "hotels", "url": "https://www.yelp.com/biz/new-zealand-specialist-canberra-city?adjust_creative=92p07_JjKyriZTQxAXRiKQ&utm_campaign=yelp_api_v3&utm_medium=api_v3_business_lookup&utm_source=92p07_JjKyriZTQxAXRiKQ", "categories": [{"alias": "travelservices", "title": "Travel Services"}], "location": {"address3": null, "zip_code": "2601", "address1": "Ethos House, 28- 36 Ainslie Ave", "state": "ACT", "city": "Canberra City", "address2": null, "country": "AU"}, "is_closed": false, "phone": "+61262476544", "image_url": "", "name": "New Zealand Specialist"}