{"id": "student-flights-canberra", "rating": 0.0, "coordinates": {"longitude": 149.1288147, "latitude": -35.2785988}, "is_claimed": false, "photos": [], "review_count": 0, "term": "hotels", "url": "https://www.yelp.com/biz/student-flights-canberra?adjust_creative=92p07_JjKyriZTQxAXRiKQ&utm_campaign=yelp_api_v3&utm_medium=api_v3_business_lookup&utm_source=92p07_JjKyriZTQxAXRiKQ", "categories": [{"alias": "travelservices", "title": "Travel Services"}], "location": {"address3": null, "zip_code": "0230", "address1": "63 Northbourne Ave", "state": "ACT", "city": "Canberra", "address2": null, "country": "AU"}, "is_closed": false, "phone": "+611300844379", "image_url": "", "name": "Student Flights"}