{"id": "motel-links-cheap-accommodation-canberra-bruce", "rating": 0.0, "coordinates": {"longitude": 149.0970459, "latitude": -35.2389107}, "is_claimed": false, "photos": [], "review_count": 0, "term": "hotels", "url": "https://www.yelp.com/biz/motel-links-cheap-accommodation-canberra-bruce?adjust_creative=92p07_JjKyriZTQxAXRiKQ&utm_campaign=yelp_api_v3&utm_medium=api_v3_business_lookup&utm_source=92p07_JjKyriZTQxAXRiKQ", "categories": [{"alias": "hotels", "title": "Hotels"}], "location": {"address3": null, "zip_code": "2617", "address1": "8/ 1-5 Goldman St", "state": "ACT", "city": "Bruce", "address2": null, "country": "AU"}, "is_closed": false, "phone": "", "image_url": "", "name": "Motel Links - Cheap Accommodation Canberra"}