{"id": "marque-hotel-canberra-canberra", "rating": 0.0, "coordinates": {"longitude": 149.1307678, "latitude": -35.2714386}, "is_claimed": false, "photos": [], "review_count": 0, "term": "restaurants", "url": "https://www.yelp.com/biz/marque-hotel-canberra-canberra?adjust_creative=92p07_JjKyriZTQxAXRiKQ&utm_campaign=yelp_api_v3&utm_medium=api_v3_business_lookup&utm_source=92p07_JjKyriZTQxAXRiKQ", "categories": [{"alias": "venues", "title": "Venues & Event Spaces"}, {"alias": "restaurants", "title": "Restaurants"}, {"alias": "hotels", "title": "Hotels"}], "location": {"address3": null, "zip_code": "0230", "address1": "102 Northbourne Ave", "address2": null, "city": "Canberra", "state": "ACT", "country": "AU"}, "is_closed": false, "phone": "+61262491411", "image_url": "", "name": "Marque Hotel Canberra"}