{"id": "betti-bravos-canberra", "rating": 5.0, "coordinates": {"longitude": 149.14669752731, "latitude": -35.3129532090513}, "is_claimed": false, "hours": [{"is_open_now": true, "open": [{"is_overnight": false, "end": "0000", "start": "1200", "day": 1}, {"is_overnight": false, "end": "0000", "start": "1200", "day": 2}, {"is_overnight": false, "end": "0000", "start": "1200", "day": 3}, {"is_overnight": false, "end": "0000", "start": "1200", "day": 4}, {"is_overnight": false, "end": "0000", "start": "1200", "day": 5}, {"is_overnight": false, "end": "0000", "start": "1200", "day": 6}], "hours_type": "REGULAR"}], "photos": [], "review_count": 1, "term": "restaurants", "url": "https://www.yelp.com/biz/betti-bravos-canberra?adjust_creative=92p07_JjKyriZTQxAXRiKQ&utm_campaign=yelp_api_v3&utm_medium=api_v3_business_lookup&utm_source=92p07_JjKyriZTQxAXRiKQ", "categories": [{"alias": "caribbean", "title": "Caribbean"}, {"alias": "spanish", "title": "Spanish"}, {"alias": "cocktailbars", "title": "Cocktail Bars"}], "location": {"address3": null, "zip_code": "2606", "address1": "6/2 Trevillian Quay", "state": "ACT", "city": "Canberra", "address2": "Kingston foreshore", "country": "AU"}, "is_closed": false, "phone": "+61262957000", "image_url": "", "name": "Betti Bravos"}