{"id": "snag-stand-canberra", "rating": 0.0, "coordinates": {"longitude": 149.089914, "latitude": -35.3488087}, "is_claimed": false, "hours": [{"is_open_now": false, "open": [{"is_overnight": false, "end": "1700", "start": "0900", "day": 0}, {"is_overnight": false, "end": "1700", "start": "0900", "day": 1}, {"is_overnight": false, "end": "1700", "start": "0900", "day": 2}, {"is_overnight": false, "end": "1700", "start": "0900", "day": 3}, {"is_overnight": false, "end": "2100", "start": "0900", "day": 4}, {"is_overnight": false, "end": "1700", "start": "0900", "day": 5}, {"is_overnight": false, "end": "1600", "start": "1000", "day": 6}], "hours_type": "REGULAR"}], "photos": ["https://s3-media1.fl.yelpcdn.com/bphoto/s6EQcRRtoV_AZbU-_tsJUw/o.jpg", "https://s3-media2.fl.yelpcdn.com/bphoto/pZx5tsw5V5fM_acvZPcjog/o.jpg", "https://s3-media2.fl.yelpcdn.com/bphoto/xiQD8c4qgml9yGg4ngU9Tg/o.jpg"], "review_count": 0, "term": "restaurants", "url": "https://www.yelp.com/biz/snag-stand-canberra?adjust_creative=92p07_JjKyriZTQxAXRiKQ&utm_campaign=yelp_api_v3&utm_medium=api_v3_business_lookup&utm_source=92p07_JjKyriZTQxAXRiKQ", "categories": [{"alias": "burgers", "title": "Burgers"}, {"alias": "hotdog", "title": "Hot Dogs"}], "location": {"address3": "", "zip_code": "2606", "address1": "Westfield Woden", "state": "ACT", "city": "Canberra", "address2": "Keltie St", "country": "AU"}, "is_closed": false, "phone": "+61262828237", "image_url": "https://s3-media2.fl.yelpcdn.com/bphoto/s6EQcRRtoV_AZbU-_tsJUw/o.jpg", "name": "Snag Stand"}