{"id": "soul-origin-canberra", "rating": 3.0, "coordinates": {"longitude": 149.0847, "latitude": -35.34542}, "is_claimed": false, "photos": [], "review_count": 1, "term": "restaurants", "url": "https://www.yelp.com/biz/soul-origin-canberra?adjust_creative=92p07_JjKyriZTQxAXRiKQ&utm_campaign=yelp_api_v3&utm_medium=api_v3_business_lookup&utm_source=92p07_JjKyriZTQxAXRiKQ", "categories": [{"alias": "salad", "title": "Salad"}, {"alias": "sandwiches", "title": "Sandwiches"}, {"alias": "coffee", "title": "Coffee & Tea"}], "location": {"address3": "", "zip_code": "2606", "address1": "Shop 48, Westfield", "address2": "Woden, Keltie St", "city": "Canberra", "state": "ACT", "country": "AU"}, "is_closed": false, "phone": "+61262603605", "image_url": "", "name": "Soul Origin"}