{"id": "canberra-and-region-visitors-centre-dickson", "rating": 0.0, "coordinates": {"longitude": 149.1333466, "latitude": -35.2555008}, "is_claimed": false, "photos": [], "review_count": 0, "term": "hotels", "url": "https://www.yelp.com/biz/canberra-and-region-visitors-centre-dickson?adjust_creative=92p07_JjKyriZTQxAXRiKQ&utm_campaign=yelp_api_v3&utm_medium=api_v3_business_lookup&utm_source=92p07_JjKyriZTQxAXRiKQ", "categories": [{"alias": "travelservices", "title": "Travel Services"}], "location": {"address3": null, "zip_code": "2602", "address1": "330 Northbourne Ave", "state": "ACT", "city": "Dickson", "address2": null, "country": "AU"}, "is_closed": false, "phone": "+611300554114", "image_url": "", "name": "Canberra & Region Visitors Centre"}