{"id": "flight-centre-dickson-dickson", "rating": 0.0, "coordinates": {"longitude": 149.1388245, "latitude": -35.2496986}, "is_claimed": false, "photos": [], "review_count": 0, "term": "hotels", "url": "https://www.yelp.com/biz/flight-centre-dickson-dickson?adjust_creative=92p07_JjKyriZTQxAXRiKQ&utm_campaign=yelp_api_v3&utm_medium=api_v3_business_lookup&utm_source=92p07_JjKyriZTQxAXRiKQ", "categories": [{"alias": "travelservices", "title": "Travel Services"}], "location": {"address3": null, "zip_code": "2602", "address1": "Shop G4B Dickson Chambers Dickson Pl", "address2": null, "city": "Dickson", "state": "ACT", "country": "AU"}, "is_closed": false, "phone": "+1300755332", "image_url": "", "name": "Flight Centre Dickson"}