{"id": "national-capital-limousines-dickson", "rating": 0.0, "coordinates": {"longitude": 149.14295, "latitude": -35.25211}, "is_claimed": false, "photos": [], "review_count": 0, "term": "hotels", "url": "https://www.yelp.com/biz/national-capital-limousines-dickson?adjust_creative=92p07_JjKyriZTQxAXRiKQ&utm_campaign=yelp_api_v3&utm_medium=api_v3_business_lookup&utm_source=92p07_JjKyriZTQxAXRiKQ", "categories": [{"alias": "limos", "title": "Limos"}], "location": {"address3": null, "zip_code": "2602", "address1": "", "state": "ACT", "city": "Dickson", "address2": null, "country": "AU"}, "is_closed": false, "phone": "+61262475591", "image_url": "", "name": "National Capital Limousines"}