{"id": "o-neills-of-dickson-dickson", "rating": 0.0, "coordinates": {"longitude": 149.1369934, "latitude": -35.2498322}, "is_claimed": false, "photos": [], "review_count": 0, "term": "hotels", "url": "https://www.yelp.com/biz/o-neills-of-dickson-dickson?adjust_creative=92p07_JjKyriZTQxAXRiKQ&utm_campaign=yelp_api_v3&utm_medium=api_v3_business_lookup&utm_source=92p07_JjKyriZTQxAXRiKQ", "categories": [{"alias": "hotels", "title": "Hotels"}], "location": {"address3": null, "zip_code": "2602", "address1": "30 Woolley St", "state": "ACT", "city": "Dickson", "address2": null, "country": "AU"}, "is_closed": false, "phone": "+61262628253", "image_url": "", "name": "O'Neill's Of Dickson"}