{"id": "parklands-apartment-hotel-dickson", "rating": 0.0, "coordinates": {"longitude": 149.1463776, "latitude": -35.2498398}, "is_claimed": false, "photos": [], "review_count": 0, "term": "hotels", "url": "https://www.yelp.com/biz/parklands-apartment-hotel-dickson?adjust_creative=92p07_JjKyriZTQxAXRiKQ&utm_campaign=yelp_api_v3&utm_medium=api_v3_business_lookup&utm_source=92p07_JjKyriZTQxAXRiKQ", "categories": [], "image_url": "", "is_closed": false, "phone": "+61262627000", "location": {"address3": null, "zip_code": "2602", "address1": "Hawdon Pl", "address2": null, "city": "Dickson", "state": "ACT", "country": "AU"}, "name": "Parklands Apartment Hotel"}