{"id": "parklands-apartments-dickson-dickson", "rating": 0.0, "coordinates": {"longitude": 149.1461639, "latitude": -35.2494316}, "is_claimed": true, "hours": [{"is_open_now": true, "open": [{"is_overnight": false, "day": 0, "start": "0700", "end": "2230"}, {"is_overnight": false, "day": 1, "start": "0700", "end": "2230"}, {"is_overnight": false, "day": 2, "start": "0700", "end": "2230"}, {"is_overnight": false, "day": 3, "start": "0700", "end": "2230"}, {"is_overnight": false, "day": 4, "start": "0700", "end": "2100"}, {"is_overnight": false, "day": 5, "start": "0800", "end": "2100"}, {"is_overnight": false, "day": 6, "start": "0800", "end": "2100"}], "hours_type": "REGULAR"}], "photos": ["https://s3-media4.fl.yelpcdn.com/bphoto/ITZEvyhzM-XUhJg712zMvA/o.jpg", "https://s3-media1.fl.yelpcdn.com/bphoto/Y0uG6G8_1uUwBPxJEAk3_A/o.jpg", "https://s3-media1.fl.yelpcdn.com/bphoto/GYqlnvWGrXZgoXudrE_I2A/o.jpg"], "review_count": 0, "term": "hotels", "url": "https://www.yelp.com/biz/parklands-apartments-dickson-dickson?adjust_creative=92p07_JjKyriZTQxAXRiKQ&utm_campaign=yelp_api_v3&utm_medium=api_v3_business_lookup&utm_source=92p07_JjKyriZTQxAXRiKQ", "categories": [{"alias": "venues", "title": "Venues & Event Spaces"}], "location": {"address3": null, "zip_code": "2602", "address1": "6 Hawdon Pl", "address2": null, "city": "Dickson", "state": "ACT", "country": "AU"}, "is_closed": false, "phone": "+61262627000", "image_url": "https://s3-media2.fl.yelpcdn.com/bphoto/ITZEvyhzM-XUhJg712zMvA/o.jpg", "name": "Parklands Apartments Dickson"}