{"id": "quality-hotels-dickson-and-woden-conference-facilities-dickson", "rating": 3.0, "coordinates": {"longitude": 149.1376038, "latitude": -35.2513695}, "is_claimed": false, "photos": [], "review_count": 1, "term": "hotels", "url": "https://www.yelp.com/biz/quality-hotels-dickson-and-woden-conference-facilities-dickson?adjust_creative=92p07_JjKyriZTQxAXRiKQ&utm_campaign=yelp_api_v3&utm_medium=api_v3_business_lookup&utm_source=92p07_JjKyriZTQxAXRiKQ", "categories": [{"alias": "venues", "title": "Venues & Event Spaces"}], "location": {"address3": null, "zip_code": "2602", "address1": "Corner Of Badham & Cape St", "address2": null, "city": "Dickson", "state": "ACT", "country": "AU"}, "is_closed": false, "phone": "+61262474744", "image_url": "", "name": "Quality Hotels Dickson & Woden Conference Facilities"}