{"id": "mcdonalds-braddon-2", "rating": 0.0, "coordinates": {"longitude": 149.13103, "latitude": -35.27597}, "is_claimed": true, "hours": [{"is_open_now": true, "open": [{"is_overnight": false, "day": 0, "start": "0000", "end": "0000"}, {"is_overnight": false, "day": 1, "start": "0000", "end": "0000"}, {"is_overnight": false, "day": 2, "start": "0000", "end": "0000"}, {"is_overnight": false, "day": 3, "start": "0000", "end": "0000"}, {"is_overnight": false, "day": 4, "start": "0000", "end": "0000"}, {"is_overnight": false, "day": 5, "start": "0000", "end": "0000"}, {"is_overnight": false, "day": 6, "start": "0000", "end": "0000"}], "hours_type": "REGULAR"}], "photos": [], "review_count": 0, "term": "restaurants", "url": "https://www.yelp.com/biz/mcdonalds-braddon-2?adjust_creative=92p07_JjKyriZTQxAXRiKQ&utm_campaign=yelp_api_v3&utm_medium=api_v3_business_lookup&utm_source=92p07_JjKyriZTQxAXRiKQ", "categories": [{"alias": "burgers", "title": "Burgers"}, {"alias": "hotdogs", "title": "Fast Food"}], "location": {"address3": null, "zip_code": "2601", "address1": "Cnr Cooyong & Mort Sts", "address2": null, "city": "Braddon", "state": "ACT", "country": "AU"}, "is_closed": false, "phone": "+61262479533", "image_url": "", "name": "McDonald's"}