{"id": "doms-coffee-bar-parkes", "rating": 3.0, "coordinates": {"longitude": 149.135837629114, "latitude": -35.2980045200051}, "is_claimed": false, "photos": ["https://s3-media2.fl.yelpcdn.com/bphoto/Ij5bTS8RQ2HnA0z7FfXQnw/o.jpg", "https://s3-media3.fl.yelpcdn.com/bphoto/Kn8aKRfqV4ZUswz3-2uOpA/o.jpg", "https://s3-media3.fl.yelpcdn.com/bphoto/ylWHKCBtdmt_y0EpIEPiWg/o.jpg"], "review_count": 2, "price": "$$", "term": "restaurants", "url": "https://www.yelp.com/biz/doms-coffee-bar-parkes?adjust_creative=92p07_JjKyriZTQxAXRiKQ&utm_campaign=yelp_api_v3&utm_medium=api_v3_business_lookup&utm_source=92p07_JjKyriZTQxAXRiKQ", "categories": [{"alias": "cafes", "title": "Cafes"}, {"alias": "coffee", "title": "Coffee & Tea"}, {"alias": "gelato", "title": "Gelato"}], "location": {"address3": "", "zip_code": "2600", "address1": "Parkes Pl", "state": "ACT", "city": "Parkes", "address2": "", "country": "AU"}, "is_closed": false, "phone": "+61412192109", "image_url": "https://s3-media1.fl.yelpcdn.com/bphoto/Ij5bTS8RQ2HnA0z7FfXQnw/o.jpg", "name": "Dom's Coffee Bar"}