{"id": "hoi-polloi-restaurant-parkes", "rating": 0.0, "coordinates": {"longitude": 149.129670895636, "latitude": -35.3027461028333}, "is_claimed": false, "hours": [{"is_open_now": false, "open": [{"is_overnight": false, "day": 0, "start": "1130", "end": "1430"}, {"is_overnight": false, "day": 1, "start": "1130", "end": "1430"}, {"is_overnight": false, "day": 2, "start": "1130", "end": "1430"}, {"is_overnight": false, "day": 3, "start": "1130", "end": "1430"}, {"is_overnight": false, "day": 4, "start": "1130", "end": "1430"}, {"is_overnight": false, "day": 5, "start": "1130", "end": "1430"}, {"is_overnight": false, "day": 6, "start": "1130", "end": "1430"}], "hours_type": "REGULAR"}], "photos": ["https://s3-media4.fl.yelpcdn.com/bphoto/ZWhb95uMC-GX1lQWSeTCiQ/o.jpg", "https://s3-media1.fl.yelpcdn.com/bphoto/TJEgxI1n5bmcTR6ZQtITxg/o.jpg"], "review_count": 0, "term": "restaurants", "url": "https://www.yelp.com/biz/hoi-polloi-restaurant-parkes?adjust_creative=92p07_JjKyriZTQxAXRiKQ&utm_campaign=yelp_api_v3&utm_medium=api_v3_business_lookup&utm_source=92p07_JjKyriZTQxAXRiKQ", "categories": [{"alias": "australian", "title": "Australian"}], "location": {"address3": "", "zip_code": "2600", "address1": "Old Parliament House", "address2": "18 King George Terrace", "city": "Parkes", "state": "ACT", "country": "AU"}, "is_closed": false, "phone": "+611300870433", "image_url": "https://s3-media1.fl.yelpcdn.com/bphoto/ZWhb95uMC-GX1lQWSeTCiQ/o.jpg", "name": "Hoi Polloi Restaurant"}