{"id": "porkbarrel-parkes", "rating": 4.5, "coordinates": {"longitude": 149.13108, "latitude": -35.30218}, "is_claimed": false, "photos": ["https://s3-media1.fl.yelpcdn.com/bphoto/RrbzpVsq9EKK4Xvl8QslEA/o.jpg", "https://s3-media2.fl.yelpcdn.com/bphoto/Msu9CRQnh6TmsFYDCnAqkA/o.jpg", "https://s3-media2.fl.yelpcdn.com/bphoto/c8DxrCQgkIFwIFw4mGPOzA/o.jpg"], "review_count": 2, "term": "restaurants", "url": "https://www.yelp.com/biz/porkbarrel-parkes?adjust_creative=92p07_JjKyriZTQxAXRiKQ&utm_campaign=yelp_api_v3&utm_medium=api_v3_business_lookup&utm_source=92p07_JjKyriZTQxAXRiKQ", "categories": [{"title": "Cafes", "alias": "cafes"}], "image_url": "https://s3-media3.fl.yelpcdn.com/bphoto/RrbzpVsq9EKK4Xvl8QslEA/o.jpg", "is_closed": false, "phone": "+61262731455", "location": {"address3": null, "zip_code": "2600", "address1": "King George Terrace", "address2": null, "city": "Parkes", "state": "ACT", "country": "AU"}, "name": "Porkbarrel"}