{"id": "the-deck-at-regatta-point-parkes", "rating": 0.0, "coordinates": {"longitude": 149.1280823, "latitude": -35.2907104}, "is_claimed": false, "photos": ["https://s3-media3.fl.yelpcdn.com/bphoto/is3GTu84Z8gpcoZp6AUBPg/o.jpg"], "review_count": 0, "term": "restaurants", "url": "https://www.yelp.com/biz/the-deck-at-regatta-point-parkes?adjust_creative=92p07_JjKyriZTQxAXRiKQ&utm_campaign=yelp_api_v3&utm_medium=api_v3_business_lookup&utm_source=92p07_JjKyriZTQxAXRiKQ", "categories": [{"alias": "restaurants", "title": "Restaurants"}], "location": {"address3": null, "zip_code": "2600", "address1": "Barrine Drv", "state": "ACT", "city": "Parkes", "address2": null, "country": "AU"}, "is_closed": false, "phone": "+61262307234", "image_url": "https://s3-media2.fl.yelpcdn.com/bphoto/is3GTu84Z8gpcoZp6AUBPg/o.jpg", "name": "The Deck at Regatta Point"}