{"id": "frank-and-beanz-canberra", "rating": 4.0, "coordinates": {"longitude": 149.12656, "latitude": -35.30655}, "is_claimed": false, "photos": [], "review_count": 1, "term": "restaurants", "url": "https://www.yelp.com/biz/frank-and-beanz-canberra?adjust_creative=92p07_JjKyriZTQxAXRiKQ&utm_campaign=yelp_api_v3&utm_medium=api_v3_business_lookup&utm_source=92p07_JjKyriZTQxAXRiKQ", "categories": [{"alias": "foodtrucks", "title": "Food Trucks"}, {"alias": "hotdog", "title": "Hot Dogs"}], "location": {"address3": "", "zip_code": "2602", "address1": "Majura Park Shopping Centre", "address2": "Majura Rd, Canberra Airport", "city": "Canberra", "state": "ACT", "country": "AU"}, "is_closed": false, "phone": "", "image_url": "", "name": "Frank and Beanz"}