{"price": "$$", "rating": 4.5, "coordinates": {"longitude": 149.052745430477, "latitude": -35.3421726025934}, "is_claimed": false, "hours": [{"is_open_now": false, "open": [{"is_overnight": false, "end": "1500", "start": "1100", "day": 0}, {"is_overnight": false, "end": "2200", "start": "1700", "day": 0}, {"is_overnight": false, "end": "1500", "start": "1100", "day": 1}, {"is_overnight": false, "end": "2200", "start": "1700", "day": 1}, {"is_overnight": false, "end": "1500", "start": "1100", "day": 2}, {"is_overnight": false, "end": "2200", "start": "1700", "day": 2}, {"is_overnight": false, "end": "1500", "start": "1100", "day": 3}, {"is_overnight": false, "end": "2200", "start": "1700", "day": 3}, {"is_overnight": false, "end": "1500", "start": "1100", "day": 4}, {"is_overnight": false, "end": "2200", "start": "1700", "day": 4}, {"is_overnight": false, "end": "1500", "start": "1100", "day": 5}, {"is_overnight": false, "end": "2200", "start": "1700", "day": 5}, {"is_overnight": false, "end": "1500", "start": "1100", "day": 6}, {"is_overnight": false, "end": "2200", "start": "1700", "day": 6}], "hours_type": "REGULAR"}], "photos": [], "review_count": 4, "id": "baitong-canberra", "term": "restaurants", "url": "https://www.yelp.com/biz/baitong-canberra?adjust_creative=92p07_JjKyriZTQxAXRiKQ&utm_campaign=yelp_api_v3&utm_medium=api_v3_business_lookup&utm_source=92p07_JjKyriZTQxAXRiKQ", "categories": [{"alias": "laos", "title": "Laos"}, {"alias": "thai", "title": "Thai"}], "location": {"address3": "", "zip_code": "2611", "address1": "Shop 13", "state": "ACT", "city": "Canberra", "address2": "Brierly St, , Cooleman Court Shopping Centre", "country": "AU"}, "is_closed": false, "phone": "+61262877735", "image_url": "", "name": "Baitong"}