{"id": "china-town-restaurant-canberra", "rating": 5.0, "coordinates": {"longitude": 149.0519562, "latitude": -35.3415413}, "is_claimed": false, "photos": ["https://s3-media2.fl.yelpcdn.com/bphoto/naGyOGTYW7b8V3H3c_QYHw/o.jpg", "https://s3-media3.fl.yelpcdn.com/bphoto/jiHGWX1d8Uxg3cona1C9-Q/o.jpg", "https://s3-media1.fl.yelpcdn.com/bphoto/mQj0a6CC5iNe8amUuEv2Ag/o.jpg"], "review_count": 2, "term": "restaurants", "url": "https://www.yelp.com/biz/china-town-restaurant-canberra?adjust_creative=92p07_JjKyriZTQxAXRiKQ&utm_campaign=yelp_api_v3&utm_medium=api_v3_business_lookup&utm_source=92p07_JjKyriZTQxAXRiKQ", "categories": [{"title": "Chinese", "alias": "chinese"}], "location": {"address3": "", "zip_code": "2611", "address1": "15 Trennery St", "address2": "", "city": "Canberra", "state": "ACT", "country": "AU"}, "is_closed": false, "phone": "+61262888380", "image_url": "https://s3-media2.fl.yelpcdn.com/bphoto/naGyOGTYW7b8V3H3c_QYHw/o.jpg", "name": "China Town Restaurant"}