{"id": "crust-pizza-canberra", "rating": 4.0, "coordinates": {"longitude": 149.051785, "latitude": -35.342327}, "is_claimed": true, "hours": [{"is_open_now": true, "open": [{"is_overnight": false, "day": 0, "start": "1630", "end": "2200"}, {"is_overnight": false, "day": 1, "start": "1630", "end": "2200"}, {"is_overnight": false, "day": 2, "start": "1630", "end": "2200"}, {"is_overnight": false, "day": 3, "start": "1600", "end": "2200"}, {"is_overnight": false, "day": 4, "start": "1600", "end": "2230"}, {"is_overnight": false, "day": 5, "start": "1600", "end": "2230"}, {"is_overnight": false, "day": 6, "start": "1600", "end": "2200"}], "hours_type": "REGULAR"}], "photos": [], "review_count": 1, "term": "restaurants", "url": "https://www.yelp.com/biz/crust-pizza-canberra?adjust_creative=92p07_JjKyriZTQxAXRiKQ&utm_campaign=yelp_api_v3&utm_medium=api_v3_business_lookup&utm_source=92p07_JjKyriZTQxAXRiKQ", "categories": [{"alias": "pizza", "title": "Pizza"}], "location": {"address3": "", "zip_code": "2611", "address1": "2/4 Liardet St", "state": "ACT", "city": "Canberra", "address2": "", "country": "AU"}, "is_closed": false, "phone": "+61262883188", "image_url": "", "name": "Crust Pizza"}