{"id": "buvette-bistro-and-winebar-barton", "rating": 4.0, "coordinates": {"longitude": 149.133322510455, "latitude": -35.3114310343464}, "is_claimed": false, "hours": [{"is_open_now": false, "open": [{"is_overnight": false, "day": 0, "start": "0630", "end": "1030"}, {"is_overnight": false, "day": 1, "start": "0630", "end": "2230"}, {"is_overnight": false, "day": 2, "start": "0630", "end": "2230"}, {"is_overnight": false, "day": 3, "start": "0630", "end": "2230"}, {"is_overnight": false, "day": 4, "start": "0630", "end": "2230"}, {"is_overnight": false, "day": 5, "start": "0630", "end": "1030"}, {"is_overnight": false, "day": 5, "start": "1800", "end": "2230"}, {"is_overnight": false, "day": 6, "start": "0630", "end": "1030"}], "hours_type": "REGULAR"}], "photos": ["https://s3-media4.fl.yelpcdn.com/bphoto/NeZQQDtj-TKPLouY4kd8gw/o.jpg", "https://s3-media2.fl.yelpcdn.com/bphoto/pvcyD2DRLk8cZqTpMFdvHQ/o.jpg", "https://s3-media2.fl.yelpcdn.com/bphoto/myJzsAnPbEbzcD1Aj9vENw/o.jpg"], "review_count": 2, "term": "restaurants", "url": "https://www.yelp.com/biz/buvette-bistro-and-winebar-barton?adjust_creative=92p07_JjKyriZTQxAXRiKQ&utm_campaign=yelp_api_v3&utm_medium=api_v3_business_lookup&utm_source=92p07_JjKyriZTQxAXRiKQ", "categories": [{"alias": "wine_bars", "title": "Wine Bars"}, {"alias": "bistros", "title": "Bistros"}], "location": {"address3": "", "zip_code": "2600", "address1": "Hotel Realm", "address2": "18 National Circuit", "city": "Barton", "state": "ACT", "country": "AU"}, "is_closed": false, "phone": "+61261631818", "image_url": "https://s3-media4.fl.yelpcdn.com/bphoto/NeZQQDtj-TKPLouY4kd8gw/o.jpg", "name": "Buvette Bistro & Winebar"}