{"id": "chairman-and-yip-barton", "rating": 4.5, "coordinates": {"longitude": 149.13381, "latitude": -35.31195}, "is_claimed": false, "hours": [{"is_open_now": false, "open": [{"is_overnight": false, "end": "1430", "start": "1200", "day": 1}, {"is_overnight": false, "end": "2300", "start": "1800", "day": 1}, {"is_overnight": false, "end": "1430", "start": "1200", "day": 2}, {"is_overnight": false, "end": "2300", "start": "1800", "day": 2}, {"is_overnight": false, "end": "1430", "start": "1200", "day": 3}, {"is_overnight": false, "end": "2300", "start": "1800", "day": 3}, {"is_overnight": false, "end": "1430", "start": "1200", "day": 4}, {"is_overnight": false, "end": "2300", "start": "1800", "day": 4}, {"is_overnight": false, "end": "2300", "start": "1800", "day": 5}], "hours_type": "REGULAR"}], "photos": ["https://s3-media4.fl.yelpcdn.com/bphoto/ITmdFY1q5u7W3IovHNZgpQ/o.jpg", "https://s3-media1.fl.yelpcdn.com/bphoto/EHgKuMD6CUa7ThX8byvpMw/o.jpg", "https://s3-media1.fl.yelpcdn.com/bphoto/4afRvhvu_rOXeWrHzMXU5A/o.jpg"], "review_count": 2, "term": "restaurants", "url": "https://www.yelp.com/biz/chairman-and-yip-barton?adjust_creative=92p07_JjKyriZTQxAXRiKQ&utm_campaign=yelp_api_v3&utm_medium=api_v3_business_lookup&utm_source=92p07_JjKyriZTQxAXRiKQ", "categories": [{"title": "Asian Fusion", "alias": "asianfusion"}], "image_url": "https://s3-media1.fl.yelpcdn.com/bphoto/ITmdFY1q5u7W3IovHNZgpQ/o.jpg", "is_closed": false, "phone": "+61261621220", "location": {"address3": null, "zip_code": "2600", "address1": "1 Burbury Cl", "address2": "", "city": "Barton", "state": "ACT", "country": "AU"}, "name": "Chairman & Yip"}