{"id": "lilotang-barton", "rating": 4.5, "coordinates": {"longitude": 149.1338043, "latitude": -35.3119507}, "is_claimed": false, "photos": ["https://s3-media3.fl.yelpcdn.com/bphoto/NXP0PolwQy2jZ_r29p56Hw/o.jpg", "https://s3-media2.fl.yelpcdn.com/bphoto/C1titmsV6azOuvm3h6IMMQ/o.jpg", "https://s3-media2.fl.yelpcdn.com/bphoto/NJQwHRynIZjQXwagc8XDrA/o.jpg"], "review_count": 2, "term": "restaurants", "url": "https://www.yelp.com/biz/lilotang-barton?adjust_creative=92p07_JjKyriZTQxAXRiKQ&utm_campaign=yelp_api_v3&utm_medium=api_v3_business_lookup&utm_source=92p07_JjKyriZTQxAXRiKQ", "categories": [{"title": "Japanese", "alias": "japanese"}], "image_url": "https://s3-media3.fl.yelpcdn.com/bphoto/NXP0PolwQy2jZ_r29p56Hw/o.jpg", "is_closed": false, "phone": "+61262731424", "location": {"address3": "", "zip_code": "2600", "address1": "1 Burbury Cl", "address2": "", "city": "Barton", "state": "ACT", "country": "AU"}, "name": "Lilotang"}