{"price": "$$", "rating": 5.0, "coordinates": {"longitude": 149.13603, "latitude": -35.30551}, "is_claimed": false, "hours": [{"is_open_now": false, "open": [{"is_overnight": false, "end": "1500", "start": "0700", "day": 0}, {"is_overnight": false, "end": "1500", "start": "0700", "day": 1}, {"is_overnight": false, "end": "1500", "start": "0700", "day": 2}, {"is_overnight": false, "end": "1500", "start": "0700", "day": 3}, {"is_overnight": false, "end": "1500", "start": "0700", "day": 4}, {"is_overnight": false, "end": "1400", "start": "0800", "day": 5}, {"is_overnight": false, "end": "1400", "start": "0800", "day": 6}], "hours_type": "REGULAR"}], "photos": ["https://s3-media1.fl.yelpcdn.com/bphoto/nZTXqJaciVPmr9ZTebVW8A/o.jpg", "https://s3-media3.fl.yelpcdn.com/bphoto/kRebo2J_GzvOyNR_RAoivg/o.jpg", "https://s3-media1.fl.yelpcdn.com/bphoto/Vg8mefEzCRmNjDTt2f-kJA/o.jpg"], "review_count": 1, "id": "little-bird-barton", "term": "restaurants", "url": "https://www.yelp.com/biz/little-bird-barton?adjust_creative=92p07_JjKyriZTQxAXRiKQ&utm_campaign=yelp_api_v3&utm_medium=api_v3_business_lookup&utm_source=92p07_JjKyriZTQxAXRiKQ", "categories": [{"title": "Coffee & Tea", "alias": "coffee"}, {"title": "Breakfast & Brunch", "alias": "breakfast_brunch"}], "image_url": "https://s3-media2.fl.yelpcdn.com/bphoto/nZTXqJaciVPmr9ZTebVW8A/o.jpg", "is_closed": false, "phone": "", "location": {"address3": "", "zip_code": "2600", "address1": "Broughton St", "address2": "", "city": "Barton", "state": "ACT", "country": "AU"}, "name": "Little Bird"}