{"price": "$$", "rating": 3.0, "coordinates": {"longitude": 149.1334229, "latitude": -35.3122406}, "is_claimed": false, "hours": [{"is_open_now": false, "open": [{"is_overnight": false, "day": 0, "end": "1500", "start": "0700"}, {"is_overnight": false, "day": 1, "end": "1500", "start": "0700"}, {"is_overnight": false, "day": 2, "end": "1500", "start": "0700"}, {"is_overnight": false, "day": 3, "end": "1700", "start": "0700"}, {"is_overnight": false, "day": 4, "end": "1700", "start": "0700"}, {"is_overnight": false, "day": 5, "end": "1530", "start": "0730"}, {"is_overnight": false, "day": 6, "end": "1530", "start": "0730"}], "hours_type": "REGULAR"}], "photos": ["https://s3-media2.fl.yelpcdn.com/bphoto/Pzq9VcSjPp4WpjEKzxAm-w/o.jpg", "https://s3-media1.fl.yelpcdn.com/bphoto/E2aiBV0b2J7KXL2I4c5SKw/o.jpg", "https://s3-media3.fl.yelpcdn.com/bphoto/g1ItXBk0YMLFTH4neT7QyA/o.jpg"], "review_count": 5, "id": "maple-and-clove-barton", "term": "restaurants", "url": "https://www.yelp.com/biz/maple-and-clove-barton?adjust_creative=92p07_JjKyriZTQxAXRiKQ&utm_campaign=yelp_api_v3&utm_medium=api_v3_business_lookup&utm_source=92p07_JjKyriZTQxAXRiKQ", "categories": [{"alias": "australian", "title": "Australian"}], "location": {"address3": "", "zip_code": "2600", "address1": "Burbury Cl", "state": "ACT", "city": "Barton", "address2": "", "country": "AU"}, "is_closed": false, "phone": "", "image_url": "https://s3-media4.fl.yelpcdn.com/bphoto/Pzq9VcSjPp4WpjEKzxAm-w/o.jpg", "name": "Maple & Clove"}