{"id": "mavi-turkish-gourmet-barton", "rating": 0.0, "coordinates": {"longitude": 149.13319525857, "latitude": -35.311505831376}, "is_claimed": false, "photos": ["https://s3-media3.fl.yelpcdn.com/bphoto/0XD_md1dJiW2v1q7K2Odiw/o.jpg"], "review_count": 0, "price": "$$", "term": "restaurants", "url": "https://www.yelp.com/biz/mavi-turkish-gourmet-barton?adjust_creative=92p07_JjKyriZTQxAXRiKQ&utm_campaign=yelp_api_v3&utm_medium=api_v3_business_lookup&utm_source=92p07_JjKyriZTQxAXRiKQ", "categories": [{"alias": "turkish", "title": "Turkish"}], "location": {"address3": null, "zip_code": "2600", "address1": "18 National Cct", "address2": null, "city": "Barton", "state": "ACT", "country": "AU"}, "is_closed": false, "phone": "+61261620464", "image_url": "https://s3-media1.fl.yelpcdn.com/bphoto/0XD_md1dJiW2v1q7K2Odiw/o.jpg", "name": "Mavi Turkish Gourmet"}