{"id": "ostani-barton", "rating": 3.5, "coordinates": {"longitude": 149.133501733523, "latitude": -35.3116284567979}, "is_claimed": false, "photos": ["https://s3-media1.fl.yelpcdn.com/bphoto/VqQdeC5cuMzwtAazup3Dbw/o.jpg", "https://s3-media3.fl.yelpcdn.com/bphoto/2ix5DXAul1R-W2zunVp9YQ/o.jpg", "https://s3-media3.fl.yelpcdn.com/bphoto/w8Qx0DPT6EmEq62k1DdT9Q/o.jpg"], "review_count": 9, "price": "$$", "term": "restaurants", "url": "https://www.yelp.com/biz/ostani-barton?adjust_creative=92p07_JjKyriZTQxAXRiKQ&utm_campaign=yelp_api_v3&utm_medium=api_v3_business_lookup&utm_source=92p07_JjKyriZTQxAXRiKQ", "categories": [{"alias": "modern_australian", "title": "Modern Australian"}], "location": {"address3": "", "zip_code": "2600", "address1": "1-5 Bourke St", "address2": "", "city": "Barton", "state": "ACT", "country": "AU"}, "is_closed": false, "phone": "", "image_url": "https://s3-media1.fl.yelpcdn.com/bphoto/VqQdeC5cuMzwtAazup3Dbw/o.jpg", "name": "Ostani"}