{"id": "ottoman-cuisine-barton", "rating": 3.5, "coordinates": {"longitude": 149.137085, "latitude": -35.3051109}, "is_claimed": false, "photos": ["https://s3-media1.fl.yelpcdn.com/bphoto/wUAeJT_l0STYbAM6P77bsA/o.jpg", "https://s3-media4.fl.yelpcdn.com/bphoto/6iyvkBH0h-i5HjLIzremPA/o.jpg", "https://s3-media2.fl.yelpcdn.com/bphoto/2J5gg589DYLthQ-sJKY5IQ/o.jpg"], "review_count": 3, "price": "$$", "term": "restaurants", "url": "https://www.yelp.com/biz/ottoman-cuisine-barton?adjust_creative=92p07_JjKyriZTQxAXRiKQ&utm_campaign=yelp_api_v3&utm_medium=api_v3_business_lookup&utm_source=92p07_JjKyriZTQxAXRiKQ", "categories": [{"title": "Restaurants", "alias": "restaurants"}], "image_url": "https://s3-media2.fl.yelpcdn.com/bphoto/wUAeJT_l0STYbAM6P77bsA/o.jpg", "is_closed": false, "phone": "+61262736111", "location": {"address3": null, "zip_code": "2600", "address1": "Cnr Broughton & Blackall Sts", "state": "ACT", "city": "Barton", "address2": null, "country": "AU"}, "name": "Ottoman Cuisine"}