{"id": "pride-of-asia-barton", "rating": 2.5, "coordinates": {"longitude": 149.1338501, "latitude": -35.3067093}, "is_claimed": false, "photos": ["https://s3-media4.fl.yelpcdn.com/bphoto/Bthq26Yb24Hxi-fT63yhqA/o.jpg"], "review_count": 2, "term": "restaurants", "url": "https://www.yelp.com/biz/pride-of-asia-barton?adjust_creative=92p07_JjKyriZTQxAXRiKQ&utm_campaign=yelp_api_v3&utm_medium=api_v3_business_lookup&utm_source=92p07_JjKyriZTQxAXRiKQ", "categories": [{"alias": "asianfusion", "title": "Asian Fusion"}], "location": {"address3": "", "zip_code": "2600", "address1": "6 National Circuit", "state": "ACT", "city": "Barton", "address2": "", "country": "AU"}, "is_closed": false, "phone": "", "image_url": "https://s3-media1.fl.yelpcdn.com/bphoto/Bthq26Yb24Hxi-fT63yhqA/o.jpg", "name": "Pride of Asia"}