{"id": "archies-belconnen-canberra", "rating": 5.0, "coordinates": {"longitude": 149.0608826, "latitude": -35.2389793}, "is_claimed": false, "hours": [{"is_open_now": true, "open": [{"is_overnight": false, "end": "2130", "day": 0, "start": "1200"}, {"is_overnight": false, "end": "2130", "day": 1, "start": "1200"}, {"is_overnight": false, "end": "2130", "day": 2, "start": "1200"}, {"is_overnight": false, "end": "2130", "day": 3, "start": "1200"}, {"is_overnight": false, "end": "2130", "day": 4, "start": "1200"}, {"is_overnight": false, "end": "2130", "day": 5, "start": "1200"}, {"is_overnight": false, "end": "2130", "day": 6, "start": "1200"}], "hours_type": "REGULAR"}], "photos": [], "review_count": 1, "term": "restaurants", "url": "https://www.yelp.com/biz/archies-belconnen-canberra?adjust_creative=92p07_JjKyriZTQxAXRiKQ&utm_campaign=yelp_api_v3&utm_medium=api_v3_business_lookup&utm_source=92p07_JjKyriZTQxAXRiKQ", "categories": [{"title": "Pizza", "alias": "pizza"}, {"title": "Fast Food", "alias": "hotdogs"}], "location": {"address3": "", "zip_code": "2617", "address1": "6/66 Josephson St", "address2": null, "city": "Canberra", "state": "ACT", "country": "AU"}, "is_closed": false, "phone": "+61261815573", "image_url": "", "name": "Archie's @ Belconnen"}