{"price": "$$", "rating": 3.0, "coordinates": {"longitude": 149.06316397473, "latitude": -35.2377501227179}, "is_claimed": true, "hours": [{"is_open_now": true, "open": [{"is_overnight": false, "day": 0, "start": "1100", "end": "2200"}, {"is_overnight": false, "day": 1, "start": "1100", "end": "2200"}, {"is_overnight": false, "day": 2, "start": "1100", "end": "2200"}, {"is_overnight": false, "day": 3, "start": "1100", "end": "2200"}, {"is_overnight": false, "day": 4, "start": "1100", "end": "2200"}, {"is_overnight": false, "day": 5, "start": "1100", "end": "2200"}, {"is_overnight": false, "day": 6, "start": "1100", "end": "2200"}], "hours_type": "REGULAR"}], "photos": ["https://s3-media2.fl.yelpcdn.com/bphoto/imS3QPSF3SY1Phqy-aQJHw/o.jpg", "https://s3-media1.fl.yelpcdn.com/bphoto/pN1Bjs6rp9Wb_i01CLpEDQ/o.jpg", "https://s3-media1.fl.yelpcdn.com/bphoto/j743Yt6yaRdNDnaEwN8pvQ/o.jpg"], "review_count": 1, "id": "chong-co-thai-canberra-2", "term": "restaurants", "url": "https://www.yelp.com/biz/chong-co-thai-canberra-2?adjust_creative=92p07_JjKyriZTQxAXRiKQ&utm_campaign=yelp_api_v3&utm_medium=api_v3_business_lookup&utm_source=92p07_JjKyriZTQxAXRiKQ", "categories": [{"alias": "thai", "title": "Thai"}], "location": {"address3": "", "zip_code": "2617", "address1": "Shop 327A , Westfield Belconnen", "state": "ACT", "city": "Canberra", "address2": "Lathlain St", "country": "AU"}, "is_closed": false, "phone": "+61262519963", "image_url": "https://s3-media1.fl.yelpcdn.com/bphoto/imS3QPSF3SY1Phqy-aQJHw/o.jpg", "name": "Chong Co Thai"}