{"price": "$", "rating": 5.0, "coordinates": {"longitude": 149.1871948, "latitude": -35.2978287}, "is_claimed": false, "hours": [{"is_open_now": true, "open": [{"is_overnight": false, "end": "1700", "start": "0800", "day": 0}, {"is_overnight": false, "end": "1700", "start": "0800", "day": 1}, {"is_overnight": false, "end": "1700", "start": "0800", "day": 2}, {"is_overnight": false, "end": "1700", "start": "0800", "day": 3}, {"is_overnight": false, "end": "1700", "start": "0800", "day": 4}, {"is_overnight": false, "end": "1700", "start": "0900", "day": 5}, {"is_overnight": false, "end": "1700", "start": "0900", "day": 6}], "hours_type": "REGULAR"}], "photos": ["https://s3-media2.fl.yelpcdn.com/bphoto/MmX4A4GR5TKceOla8TW0Yg/o.jpg", "https://s3-media4.fl.yelpcdn.com/bphoto/95hA7jQCdLtGt8zDdgKA9w/o.jpg", "https://s3-media1.fl.yelpcdn.com/bphoto/NR9IfKxRhlrZ9HjvAP6vfA/o.jpg"], "review_count": 1, "id": "frank-and-beanz-canberra-international-airport", "term": "restaurants", "url": "https://www.yelp.com/biz/frank-and-beanz-canberra-international-airport?adjust_creative=92p07_JjKyriZTQxAXRiKQ&utm_campaign=yelp_api_v3&utm_medium=api_v3_business_lookup&utm_source=92p07_JjKyriZTQxAXRiKQ", "categories": [{"alias": "hotdog", "title": "Hot Dogs"}, {"alias": "mexican", "title": "Mexican"}], "location": {"address3": "", "zip_code": "2609", "address1": "26-28 Spitfire Ave", "state": "ACT", "city": "Canberra International Airport", "address2": "", "country": "AU"}, "is_closed": false, "phone": "+61470280504", "image_url": "https://s3-media4.fl.yelpcdn.com/bphoto/MmX4A4GR5TKceOla8TW0Yg/o.jpg", "name": "Frank And Beanz"}