{"price": "$$", "rating": 3.0, "coordinates": {"longitude": 149.14505, "latitude": -35.2625504}, "is_claimed": false, "photos": ["https://s3-media3.fl.yelpcdn.com/bphoto/ehHJWnQ8d529gIF-wWJa7A/o.jpg", "https://s3-media4.fl.yelpcdn.com/bphoto/yF081Kx9Q_RhV4tOy1VWFA/o.jpg", "https://s3-media1.fl.yelpcdn.com/bphoto/1NKUpYm5N0QM7EWNjf1VAA/o.jpg"], "review_count": 4, "id": "edgars-inn-ainslie", "term": "restaurants", "url": "https://www.yelp.com/biz/edgars-inn-ainslie?adjust_creative=92p07_JjKyriZTQxAXRiKQ&utm_campaign=yelp_api_v3&utm_medium=api_v3_business_lookup&utm_source=92p07_JjKyriZTQxAXRiKQ", "categories": [{"alias": "pubs", "title": "Pubs"}, {"alias": "australian", "title": "Australian"}], "location": {"address3": null, "zip_code": "2602", "address1": "1 Edgar St", "state": "ACT", "city": "Ainslie", "address2": null, "country": "AU"}, "is_closed": false, "phone": "+61262575488", "image_url": "https://s3-media2.fl.yelpcdn.com/bphoto/ehHJWnQ8d529gIF-wWJa7A/o.jpg", "name": "Edgar's Inn"}