{"id": "pulp-kitchen-ainslie", "rating": 4.5, "coordinates": {"longitude": 149.1447754, "latitude": -35.2620316}, "is_claimed": false, "photos": ["https://s3-media3.fl.yelpcdn.com/bphoto/-dyBTajfqZMGdDrNFPh44Q/o.jpg", "https://s3-media1.fl.yelpcdn.com/bphoto/EpEWTTW39Spujc1RIULCjA/o.jpg", "https://s3-media2.fl.yelpcdn.com/bphoto/Y2rV72En6qJhcpTnzawqEQ/o.jpg"], "review_count": 6, "price": "$$", "term": "restaurants", "url": "https://www.yelp.com/biz/pulp-kitchen-ainslie?adjust_creative=92p07_JjKyriZTQxAXRiKQ&utm_campaign=yelp_api_v3&utm_medium=api_v3_business_lookup&utm_source=92p07_JjKyriZTQxAXRiKQ", "categories": [{"alias": "modern_european", "title": "Modern European"}], "location": {"address3": "", "zip_code": "2602", "address1": "Wakefield Gardens", "address2": "Shop 1", "city": "Ainslie", "state": "ACT", "country": "AU"}, "is_closed": false, "phone": "+61262574334", "image_url": "https://s3-media4.fl.yelpcdn.com/bphoto/-dyBTajfqZMGdDrNFPh44Q/o.jpg", "name": "Pulp Kitchen"}