{"id": "blue-and-white-and-canberran-lodges-downer", "rating": 0.0, "coordinates": {"longitude": 149.1349945, "latitude": -35.2452393}, "is_claimed": false, "photos": ["https://s3-media1.fl.yelpcdn.com/bphoto/9cCUBXs_LYzTtOXUiAfPJg/o.jpg", "https://s3-media3.fl.yelpcdn.com/bphoto/RFNWxE47JZlTERPqcx5cig/o.jpg", "https://s3-media2.fl.yelpcdn.com/bphoto/CPQQ39bzfGjw0L6EKneE1g/o.jpg"], "review_count": 0, "term": "hotels", "url": "https://www.yelp.com/biz/blue-and-white-and-canberran-lodges-downer?adjust_creative=92p07_JjKyriZTQxAXRiKQ&utm_campaign=yelp_api_v3&utm_medium=api_v3_business_lookup&utm_source=92p07_JjKyriZTQxAXRiKQ", "categories": [{"alias": "bedbreakfast", "title": "Bed & Breakfast"}, {"alias": "hotels", "title": "Hotels"}], "location": {"address3": null, "zip_code": "2602", "address1": "528 Northbourne Ave", "state": "ACT", "city": "Downer", "address2": null, "country": "AU"}, "is_closed": false, "phone": "+61262480498", "image_url": "https://s3-media1.fl.yelpcdn.com/bphoto/9cCUBXs_LYzTtOXUiAfPJg/o.jpg", "name": "Blue & White & Canberran Lodges"}