{"id": "miranda-lodge-downer", "rating": 0.0, "coordinates": {"longitude": 149.1350861, "latitude": -35.2446785}, "is_claimed": false, "photos": [], "review_count": 0, "term": "hotels", "url": "https://www.yelp.com/biz/miranda-lodge-downer?adjust_creative=92p07_JjKyriZTQxAXRiKQ&utm_campaign=yelp_api_v3&utm_medium=api_v3_business_lookup&utm_source=92p07_JjKyriZTQxAXRiKQ", "categories": [{"title": "Bed & Breakfast", "alias": "bedbreakfast"}], "image_url": "", "is_closed": false, "phone": "+61262498038", "location": {"address3": null, "zip_code": "2602", "address1": "534 Northbourne Ave", "address2": null, "city": "Downer", "state": "ACT", "country": "AU"}, "name": "Miranda Lodge"}