{"id": "northbourne-lodge-downer", "rating": 0.0, "coordinates": {"longitude": 149.134903, "latitude": -35.2458115}, "is_claimed": false, "photos": ["https://s3-media4.fl.yelpcdn.com/bphoto/cr0RTfnRwE_tP2-TiJYrsg/o.jpg", "https://s3-media4.fl.yelpcdn.com/bphoto/eqUw8T1p0AylCrawehzcEw/o.jpg", "https://s3-media1.fl.yelpcdn.com/bphoto/kbpKWSlK14fHOvBsManXvg/o.jpg"], "review_count": 0, "term": "hotels", "url": "https://www.yelp.com/biz/northbourne-lodge-downer?adjust_creative=92p07_JjKyriZTQxAXRiKQ&utm_campaign=yelp_api_v3&utm_medium=api_v3_business_lookup&utm_source=92p07_JjKyriZTQxAXRiKQ", "categories": [{"alias": "bedbreakfast", "title": "Bed & Breakfast"}], "location": {"address3": null, "zip_code": "2602", "address1": "522 Northbourne Ave", "address2": null, "city": "Downer", "state": "ACT", "country": "AU"}, "is_closed": false, "phone": "+61262572599", "image_url": "https://s3-media4.fl.yelpcdn.com/bphoto/cr0RTfnRwE_tP2-TiJYrsg/o.jpg", "name": "Northbourne Lodge"}