{"id": "parkview-bed-and-breakfast-downer", "rating": 0.0, "coordinates": {"longitude": 149.134964, "latitude": -35.2454109}, "is_claimed": false, "photos": [], "review_count": 0, "term": "hotels", "url": "https://www.yelp.com/biz/parkview-bed-and-breakfast-downer?adjust_creative=92p07_JjKyriZTQxAXRiKQ&utm_campaign=yelp_api_v3&utm_medium=api_v3_business_lookup&utm_source=92p07_JjKyriZTQxAXRiKQ", "categories": [{"title": "Bed & Breakfast", "alias": "bedbreakfast"}], "location": {"address3": null, "zip_code": "2602", "address1": "526 Northbourne Ave", "address2": null, "city": "Downer", "state": "ACT", "country": "AU"}, "is_closed": false, "phone": "+61262480655", "image_url": "", "name": "Parkview Bed & Breakfast"}