{"id": "greenleigh-central-canberra-curtin", "rating": 0.0, "coordinates": {"longitude": 149.0593414, "latitude": -35.3219719}, "is_claimed": false, "photos": [], "review_count": 0, "term": "hotels", "url": "https://www.yelp.com/biz/greenleigh-central-canberra-curtin?adjust_creative=92p07_JjKyriZTQxAXRiKQ&utm_campaign=yelp_api_v3&utm_medium=api_v3_business_lookup&utm_source=92p07_JjKyriZTQxAXRiKQ", "categories": [{"alias": "hotelstravel", "title": "Hotels & Travel"}], "location": {"address3": null, "zip_code": "2605", "address1": "106 Cotter Rd", "state": "ACT", "city": "Curtin", "address2": null, "country": "AU"}, "is_closed": false, "phone": "+61262815881", "image_url": "", "name": "Greenleigh Central Canberra"}