{"id": "statesman-hotel-motel-curtin", "rating": 0.0, "coordinates": {"longitude": 149.0827789, "latitude": -35.3268089}, "is_claimed": false, "photos": [], "review_count": 0, "term": "hotels", "url": "https://www.yelp.com/biz/statesman-hotel-motel-curtin?adjust_creative=92p07_JjKyriZTQxAXRiKQ&utm_campaign=yelp_api_v3&utm_medium=api_v3_business_lookup&utm_source=92p07_JjKyriZTQxAXRiKQ", "categories": [{"title": "Hotels", "alias": "hotels"}], "image_url": "", "is_closed": false, "phone": "+61262811777", "location": {"address3": null, "zip_code": "2605", "address1": "14 Theodore St", "address2": null, "city": "Curtin", "state": "ACT", "country": "AU"}, "name": "Statesman Hotel Motel"}