{"id": "statesman-hotel-motel-curtin-2", "rating": 3.0, "coordinates": {"longitude": 149.0812531, "latitude": -35.325119}, "is_claimed": false, "photos": ["https://s3-media3.fl.yelpcdn.com/bphoto/owyKkLT0WxRf1P5S_t25kA/o.jpg", "https://s3-media2.fl.yelpcdn.com/bphoto/GhCIqrcc-0xfEz-LrrJUuQ/o.jpg", "https://s3-media2.fl.yelpcdn.com/bphoto/s6NJqEgMZR0lf866dYOpmQ/o.jpg"], "review_count": 1, "term": "hotels", "url": "https://www.yelp.com/biz/statesman-hotel-motel-curtin-2?adjust_creative=92p07_JjKyriZTQxAXRiKQ&utm_campaign=yelp_api_v3&utm_medium=api_v3_business_lookup&utm_source=92p07_JjKyriZTQxAXRiKQ", "categories": [{"title": "Hotels", "alias": "hotels"}], "location": {"address3": null, "zip_code": "2605", "address1": "14 Theodore St Corner Of Strangways St", "address2": null, "city": "Curtin", "state": "ACT", "country": "AU"}, "is_closed": false, "phone": "+61262811777", "image_url": "https://s3-media4.fl.yelpcdn.com/bphoto/owyKkLT0WxRf1P5S_t25kA/o.jpg", "name": "Statesman Hotel Motel"}