{"id": "corporate-air-canberra-international-airport", "rating": 0.0, "coordinates": {"longitude": 149.1837311, "latitude": -35.3034592}, "is_claimed": false, "photos": [], "review_count": 0, "term": "hotels", "url": "https://www.yelp.com/biz/corporate-air-canberra-international-airport?adjust_creative=92p07_JjKyriZTQxAXRiKQ&utm_campaign=yelp_api_v3&utm_medium=api_v3_business_lookup&utm_source=92p07_JjKyriZTQxAXRiKQ", "categories": [{"alias": "airlines", "title": "Airlines"}], "location": {"address3": "", "zip_code": "2609", "address1": "Rayner Rd", "address2": "", "city": "Canberra International Airport", "state": "ACT", "country": "AU"}, "is_closed": false, "phone": "+61262497044", "image_url": "", "name": "Corporate Air"}