{"id": "qantas-club-canberra-canberra-international-airport", "rating": 0.0, "coordinates": {"longitude": 149.189734, "latitude": -35.310654}, "is_claimed": false, "photos": [], "review_count": 0, "price": "$$", "term": "hotels", "url": "https://www.yelp.com/biz/qantas-club-canberra-canberra-international-airport?adjust_creative=92p07_JjKyriZTQxAXRiKQ&utm_campaign=yelp_api_v3&utm_medium=api_v3_business_lookup&utm_source=92p07_JjKyriZTQxAXRiKQ", "categories": [{"title": "Hotels", "alias": "hotels"}], "image_url": "", "is_closed": false, "phone": "+61262755405", "location": {"address3": "", "zip_code": "2609", "address1": "Canberra Airport", "state": "ACT", "city": "Canberra International Airport", "address2": "2 Brindabella Circuit", "country": "AU"}, "name": "Qantas Club Canberra"}