{"id": "thai-herb-restaurant-harrison-2", "rating": 4.0, "coordinates": {"longitude": 149.149997589005, "latitude": -35.1994509791318}, "is_claimed": false, "hours": [{"is_open_now": true, "open": [{"is_overnight": false, "day": 0, "start": "1200", "end": "2200"}, {"is_overnight": false, "day": 1, "start": "1200", "end": "2200"}, {"is_overnight": false, "day": 2, "start": "1200", "end": "2200"}, {"is_overnight": false, "day": 3, "start": "1200", "end": "2200"}, {"is_overnight": false, "day": 4, "start": "1200", "end": "2200"}, {"is_overnight": false, "day": 5, "start": "1200", "end": "2200"}, {"is_overnight": false, "day": 6, "start": "1200", "end": "2200"}], "hours_type": "REGULAR"}], "photos": [], "review_count": 6, "term": "restaurants", "url": "https://www.yelp.com/biz/thai-herb-restaurant-harrison-2?adjust_creative=92p07_JjKyriZTQxAXRiKQ&utm_campaign=yelp_api_v3&utm_medium=api_v3_business_lookup&utm_source=92p07_JjKyriZTQxAXRiKQ", "categories": [{"alias": "thai", "title": "Thai"}], "location": {"address3": "", "zip_code": "2914", "address1": "94/11 Wimmera St", "address2": "", "city": "Harrison", "state": "ACT", "country": "AU"}, "is_closed": false, "phone": "+61262557070", "image_url": "", "name": "Thai Herb Restaurant"}