{"price": "$$", "rating": 0.0, "coordinates": {"longitude": 149.189311197364, "latitude": -35.3140725192774}, "is_claimed": false, "photos": ["https://s3-media2.fl.yelpcdn.com/bphoto/6n1RK9Y-rTrevMWO78lbmg/o.jpg"], "review_count": 0, "id": "fat-goanna-canberra", "term": "restaurants", "url": "https://www.yelp.com/biz/fat-goanna-canberra?adjust_creative=92p07_JjKyriZTQxAXRiKQ&utm_campaign=yelp_api_v3&utm_medium=api_v3_business_lookup&utm_source=92p07_JjKyriZTQxAXRiKQ", "categories": [{"alias": "coffee", "title": "Coffee & Tea"}, {"alias": "breakfast_brunch", "title": "Breakfast & Brunch"}], "location": {"address3": "", "zip_code": "2609", "address1": "Shop 1", "state": "ACT", "city": "Canberra", "address2": "23 Brindabella Circuit", "country": "AU"}, "is_closed": false, "phone": "+6162479111", "image_url": "https://s3-media1.fl.yelpcdn.com/bphoto/6n1RK9Y-rTrevMWO78lbmg/o.jpg", "name": "Fat Goanna"}