{"id": "garden-pavilions-canberra", "rating": 0.0, "coordinates": {"longitude": 149.18337, "latitude": -35.31388}, "is_claimed": false, "hours": [{"is_open_now": false, "open": [{"is_overnight": false, "day": 3, "start": "1800", "end": "2100"}, {"is_overnight": false, "day": 4, "start": "1200", "end": "1430"}, {"is_overnight": false, "day": 4, "start": "1800", "end": "2100"}, {"is_overnight": false, "day": 5, "start": "1200", "end": "1430"}, {"is_overnight": false, "day": 5, "start": "1800", "end": "2100"}, {"is_overnight": false, "day": 6, "start": "0800", "end": "1100"}, {"is_overnight": false, "day": 6, "start": "1200", "end": "1430"}, {"is_overnight": false, "day": 6, "start": "1800", "end": "2100"}], "hours_type": "REGULAR"}], "photos": [], "review_count": 0, "term": "restaurants", "url": "https://www.yelp.com/biz/garden-pavilions-canberra?adjust_creative=92p07_JjKyriZTQxAXRiKQ&utm_campaign=yelp_api_v3&utm_medium=api_v3_business_lookup&utm_source=92p07_JjKyriZTQxAXRiKQ", "categories": [{"alias": "modern_australian", "title": "Modern Australian"}, {"alias": "breakfast_brunch", "title": "Breakfast & Brunch"}], "location": {"address3": "", "zip_code": "2609", "address1": "Pialligo Estate", "address2": "18 Kallaroo Rd", "city": "Canberra", "state": "ACT", "country": "AU"}, "is_closed": false, "phone": "+61262476060", "image_url": "", "name": "Garden Pavilions"}