{"id": "bellucis-italian-canberra", "rating": 0.0, "coordinates": {"longitude": 149.132416395244, "latitude": -35.3195309346052}, "is_claimed": false, "photos": ["https://s3-media1.fl.yelpcdn.com/bphoto/KnaITRHlan5hggd5hCP5XQ/o.jpg"], "review_count": 0, "term": "restaurants", "url": "https://www.yelp.com/biz/bellucis-italian-canberra?adjust_creative=92p07_JjKyriZTQxAXRiKQ&utm_campaign=yelp_api_v3&utm_medium=api_v3_business_lookup&utm_source=92p07_JjKyriZTQxAXRiKQ", "categories": [{"title": "Italian", "alias": "italian"}], "image_url": "https://s3-media2.fl.yelpcdn.com/bphoto/KnaITRHlan5hggd5hCP5XQ/o.jpg", "is_closed": false, "phone": "+61262397424", "location": {"address3": "", "zip_code": "2603", "address1": "Franklin St", "address2": "", "city": "Canberra", "state": "ACT", "country": "AU"}, "name": "Belluci's Italian"}