{"id": "kabul-kebab-house-canberra", "rating": 0.0, "coordinates": {"longitude": 149.133886657655, "latitude": -35.3210564673874}, "is_claimed": false, "hours": [{"is_open_now": false, "open": [{"is_overnight": false, "day": 0, "end": "2230", "start": "1100"}, {"is_overnight": false, "day": 1, "end": "2230", "start": "1100"}, {"is_overnight": false, "day": 2, "end": "2230", "start": "1100"}, {"is_overnight": false, "day": 3, "end": "2330", "start": "1100"}, {"is_overnight": false, "day": 4, "end": "2330", "start": "1100"}, {"is_overnight": false, "day": 5, "end": "2330", "start": "1100"}], "hours_type": "REGULAR"}], "photos": [], "review_count": 0, "term": "restaurants", "url": "https://www.yelp.com/biz/kabul-kebab-house-canberra?adjust_creative=92p07_JjKyriZTQxAXRiKQ&utm_campaign=yelp_api_v3&utm_medium=api_v3_business_lookup&utm_source=92p07_JjKyriZTQxAXRiKQ", "categories": [{"alias": "afghani", "title": "Afghan"}], "location": {"address3": null, "zip_code": "2603", "address1": "Suite 15", "state": "ACT", "city": "Canberra", "address2": "25-29 Flinders Way", "country": "AU"}, "is_closed": false, "phone": "+61262394415", "image_url": "", "name": "Kabul Kebab House"}