{"id": "mees-sushi-canberra", "rating": 4.0, "coordinates": {"longitude": 149.13344, "latitude": -35.32045}, "is_claimed": false, "hours": [{"is_open_now": false, "open": [{"is_overnight": false, "day": 0, "start": "0900", "end": "2100"}, {"is_overnight": false, "day": 1, "start": "0900", "end": "2100"}, {"is_overnight": false, "day": 2, "start": "0900", "end": "2100"}, {"is_overnight": false, "day": 3, "start": "0900", "end": "2100"}, {"is_overnight": false, "day": 4, "start": "0900", "end": "2100"}, {"is_overnight": false, "day": 5, "start": "0930", "end": "1930"}], "hours_type": "REGULAR"}], "photos": ["https://s3-media4.fl.yelpcdn.com/bphoto/uEjbhmNduZxz3tbYA1tHsA/o.jpg", "https://s3-media2.fl.yelpcdn.com/bphoto/YDBIG5hyMxoyiBOhYtc_fg/o.jpg", "https://s3-media2.fl.yelpcdn.com/bphoto/0G46QyzBy9c5CxTXq4c2NQ/o.jpg"], "review_count": 1, "term": "restaurants", "url": "https://www.yelp.com/biz/mees-sushi-canberra?adjust_creative=92p07_JjKyriZTQxAXRiKQ&utm_campaign=yelp_api_v3&utm_medium=api_v3_business_lookup&utm_source=92p07_JjKyriZTQxAXRiKQ", "categories": [{"title": "Sushi Bars", "alias": "sushi"}], "image_url": "https://s3-media3.fl.yelpcdn.com/bphoto/uEjbhmNduZxz3tbYA1tHsA/o.jpg", "is_closed": false, "phone": "+61262957442", "location": {"address3": null, "zip_code": "2603", "address1": "7 Flinders Way", "state": "ACT", "city": "Canberra", "address2": "", "country": "AU"}, "name": "Mee's Sushi"}