{"price": "$$", "rating": 4.5, "coordinates": {"longitude": 149.132518861923, "latitude": -35.3204882513864}, "is_claimed": false, "hours": [{"is_open_now": false, "open": [{"is_overnight": false, "end": "1530", "start": "0700", "day": 0}, {"is_overnight": false, "end": "1530", "start": "0700", "day": 1}, {"is_overnight": false, "end": "1530", "start": "0700", "day": 2}, {"is_overnight": false, "end": "1530", "start": "0700", "day": 3}, {"is_overnight": false, "end": "1530", "start": "0700", "day": 4}, {"is_overnight": false, "end": "1500", "start": "0800", "day": 5}, {"is_overnight": false, "end": "1500", "start": "0800", "day": 6}], "hours_type": "REGULAR"}], "photos": ["https://s3-media4.fl.yelpcdn.com/bphoto/ZCWr7VVVeI8sVi70kS_zGQ/o.jpg", "https://s3-media4.fl.yelpcdn.com/bphoto/9p04PT1pA5xm1a7s64VzcA/o.jpg", "https://s3-media2.fl.yelpcdn.com/bphoto/MlFrUnHwUewe_I9s8kbazQ/o.jpg"], "review_count": 6, "id": "ona-coffee-canberra", "term": "restaurants", "url": "https://www.yelp.com/biz/ona-coffee-canberra?adjust_creative=92p07_JjKyriZTQxAXRiKQ&utm_campaign=yelp_api_v3&utm_medium=api_v3_business_lookup&utm_source=92p07_JjKyriZTQxAXRiKQ", "categories": [{"alias": "cafes", "title": "Cafes"}], "location": {"address3": "", "zip_code": "2603", "address1": "Shop 4, The lawns", "state": "ACT", "city": "Canberra", "address2": "Palmerston lane", "country": "AU"}, "is_closed": false, "phone": "", "image_url": "https://s3-media2.fl.yelpcdn.com/bphoto/ZCWr7VVVeI8sVi70kS_zGQ/o.jpg", "name": "Ona Coffee"}