{"id": "polit-bar-canberra", "rating": 5.0, "coordinates": {"longitude": 149.1333771, "latitude": -35.3203011}, "is_claimed": false, "hours": [{"is_open_now": true, "open": [{"is_overnight": false, "day": 2, "start": "1600", "end": "0000"}, {"is_overnight": true, "day": 3, "start": "1600", "end": "0100"}, {"is_overnight": true, "day": 4, "start": "1600", "end": "0200"}, {"is_overnight": true, "day": 5, "start": "1600", "end": "0200"}, {"is_overnight": false, "day": 6, "start": "1600", "end": "0000"}], "hours_type": "REGULAR"}], "photos": ["https://s3-media4.fl.yelpcdn.com/bphoto/2CsXv1bq32-hEMCn7TOBdA/o.jpg", "https://s3-media3.fl.yelpcdn.com/bphoto/LiLlo8PAeH2aYGfroTGmng/o.jpg", "https://s3-media3.fl.yelpcdn.com/bphoto/USLC9ku0diyLKRRUd7298Q/o.jpg"], "review_count": 1, "term": "restaurants", "url": "https://www.yelp.com/biz/polit-bar-canberra?adjust_creative=92p07_JjKyriZTQxAXRiKQ&utm_campaign=yelp_api_v3&utm_medium=api_v3_business_lookup&utm_source=92p07_JjKyriZTQxAXRiKQ", "categories": [{"alias": "jazzandblues", "title": "Jazz & Blues"}, {"alias": "tapasmallplates", "title": "Tapas/Small Plates"}], "location": {"address3": "", "zip_code": "2603", "address1": "Level 1", "address2": "8 Franklin St", "city": "Canberra", "state": "ACT", "country": "AU"}, "is_closed": false, "phone": "+61261622947", "image_url": "https://s3-media1.fl.yelpcdn.com/bphoto/2CsXv1bq32-hEMCn7TOBdA/o.jpg", "name": "Polit Bar"}