{"id": "sushi-smith-canberra", "rating": 3.0, "coordinates": {"longitude": 149.120781872692, "latitude": -35.2777676416235}, "is_claimed": false, "hours": [{"is_open_now": false, "open": [{"is_overnight": false, "end": "1930", "start": "0900", "day": 0}, {"is_overnight": false, "end": "1930", "start": "0900", "day": 1}, {"is_overnight": false, "end": "1930", "start": "0900", "day": 2}, {"is_overnight": false, "end": "1930", "start": "0900", "day": 3}, {"is_overnight": false, "end": "1830", "start": "0900", "day": 4}], "hours_type": "REGULAR"}], "photos": [], "review_count": 1, "term": "restaurants", "url": "https://www.yelp.com/biz/sushi-smith-canberra?adjust_creative=92p07_JjKyriZTQxAXRiKQ&utm_campaign=yelp_api_v3&utm_medium=api_v3_business_lookup&utm_source=92p07_JjKyriZTQxAXRiKQ", "categories": [{"alias": "sushi", "title": "Sushi Bars"}], "location": {"address3": null, "zip_code": "2603", "address1": "Union Court", "state": "ACT", "city": "Canberra", "address2": "Australian National University", "country": "AU"}, "is_closed": false, "phone": "+61261620197", "image_url": "", "name": "Sushi Smith"}