{"id": "bean-in-the-city-canberra-city", "rating": 3.5, "coordinates": {"longitude": 149.13265900191, "latitude": -35.280241149713}, "is_claimed": false, "photos": [], "review_count": 2, "price": "$", "term": "restaurants", "url": "https://www.yelp.com/biz/bean-in-the-city-canberra-city?adjust_creative=92p07_JjKyriZTQxAXRiKQ&utm_campaign=yelp_api_v3&utm_medium=api_v3_business_lookup&utm_source=92p07_JjKyriZTQxAXRiKQ", "categories": [{"alias": "cafes", "title": "Cafes"}], "location": {"address3": null, "zip_code": "2601", "address1": "36 Ainslie Ave", "address2": null, "city": "Canberra City", "state": "ACT", "country": "AU"}, "is_closed": false, "phone": "+61261620866", "image_url": "", "name": "Bean In The City"}