{"price": "$$", "rating": 4.0, "coordinates": {"longitude": 149.13185556436, "latitude": -35.277929202535}, "is_claimed": false, "hours": [{"is_open_now": true, "open": [{"is_overnight": false, "day": 0, "start": "0700", "end": "2000"}, {"is_overnight": false, "day": 1, "start": "0700", "end": "2000"}, {"is_overnight": false, "day": 2, "start": "0700", "end": "2000"}, {"is_overnight": false, "day": 3, "start": "0700", "end": "2000"}, {"is_overnight": false, "day": 4, "start": "0700", "end": "2000"}, {"is_overnight": false, "day": 5, "start": "0700", "end": "2000"}, {"is_overnight": false, "day": 6, "start": "0700", "end": "2000"}], "hours_type": "REGULAR"}], "photos": ["https://s3-media2.fl.yelpcdn.com/bphoto/w4iInISSbJB5kEVD0cXTYA/o.jpg", "https://s3-media4.fl.yelpcdn.com/bphoto/KX7OEIh7LV4yPgHqpqJUtw/o.jpg", "https://s3-media4.fl.yelpcdn.com/bphoto/qoWbl2EaoWxKy_DmAISCVA/o.jpg"], "review_count": 3, "id": "cafe-essen-canberra-city", "term": "restaurants", "url": "https://www.yelp.com/biz/cafe-essen-canberra-city?adjust_creative=92p07_JjKyriZTQxAXRiKQ&utm_campaign=yelp_api_v3&utm_medium=api_v3_business_lookup&utm_source=92p07_JjKyriZTQxAXRiKQ", "categories": [{"alias": "cafes", "title": "Cafes"}, {"alias": "breakfast_brunch", "title": "Breakfast & Brunch"}], "location": {"address3": null, "zip_code": "2601", "address1": "6 Garema Pl", "address2": null, "city": "Canberra City", "state": "ACT", "country": "AU"}, "is_closed": false, "phone": "+61262489300", "image_url": "https://s3-media1.fl.yelpcdn.com/bphoto/w4iInISSbJB5kEVD0cXTYA/o.jpg", "name": "Cafe Essen"}