{"price": "$$", "rating": 3.0, "coordinates": {"longitude": 149.1280365, "latitude": -35.2793198}, "is_claimed": false, "photos": ["https://s3-media4.fl.yelpcdn.com/bphoto/4uIEOTrZutSbOEDRwmY-DA/o.jpg", "https://s3-media1.fl.yelpcdn.com/bphoto/OT3YwSbQni3TzhCLUd9MCw/o.jpg", "https://s3-media2.fl.yelpcdn.com/bphoto/17xJBw6nGk9NV6BmT4rZ4g/o.jpg"], "review_count": 5, "id": "charcoal-restaurant-canberra-city", "term": "restaurants", "url": "https://www.yelp.com/biz/charcoal-restaurant-canberra-city?adjust_creative=92p07_JjKyriZTQxAXRiKQ&utm_campaign=yelp_api_v3&utm_medium=api_v3_business_lookup&utm_source=92p07_JjKyriZTQxAXRiKQ", "categories": [{"alias": "steak", "title": "Steakhouses"}], "location": {"address3": null, "zip_code": "2601", "address1": "Melbourne Building, 61 London Cct", "state": "ACT", "city": "Canberra City", "address2": null, "country": "AU"}, "is_closed": false, "phone": "+61262488015", "image_url": "https://s3-media2.fl.yelpcdn.com/bphoto/4uIEOTrZutSbOEDRwmY-DA/o.jpg", "name": "Charcoal Restaurant"}