{"id": "city-edge-cafe-canberra-city", "rating": 5.0, "coordinates": {"longitude": 149.1266937, "latitude": -35.27742}, "is_claimed": false, "photos": [], "review_count": 1, "price": "$$", "term": "restaurants", "url": "https://www.yelp.com/biz/city-edge-cafe-canberra-city?adjust_creative=92p07_JjKyriZTQxAXRiKQ&utm_campaign=yelp_api_v3&utm_medium=api_v3_business_lookup&utm_source=92p07_JjKyriZTQxAXRiKQ", "categories": [{"title": "Cafes", "alias": "cafes"}], "location": {"address3": null, "zip_code": "2601", "address1": "50 Marcus Clarke St", "address2": null, "city": "Canberra City", "state": "ACT", "country": "AU"}, "is_closed": false, "phone": "+61261623434", "image_url": "", "name": "City Edge Cafe"}