{"id": "civic-chicken-gourmet-canberra-city", "rating": 0.0, "coordinates": {"longitude": 149.1324463, "latitude": -35.2802505}, "is_claimed": false, "photos": [], "review_count": 0, "term": "restaurants", "url": "https://www.yelp.com/biz/civic-chicken-gourmet-canberra-city?adjust_creative=92p07_JjKyriZTQxAXRiKQ&utm_campaign=yelp_api_v3&utm_medium=api_v3_business_lookup&utm_source=92p07_JjKyriZTQxAXRiKQ", "categories": [{"title": "Fast Food", "alias": "hotdogs"}], "image_url": "", "is_closed": false, "phone": "+61262488494", "location": {"address3": null, "zip_code": "2601", "address1": "City Wlk", "address2": null, "city": "Canberra City", "state": "ACT", "country": "AU"}, "name": "Civic Chicken Gourmet"}