{"price": "$$$", "rating": 2.5, "coordinates": {"longitude": 149.1244202, "latitude": -35.2787399}, "is_claimed": false, "photos": ["https://s3-media1.fl.yelpcdn.com/bphoto/yQurRWBGW-seMDgG6a7KEg/o.jpg", "https://s3-media2.fl.yelpcdn.com/bphoto/u-VBb4GWA54lk5KxnRgjOQ/o.jpg", "https://s3-media2.fl.yelpcdn.com/bphoto/auG7HTn3vTZ8HGJI_hoHNQ/o.jpg"], "review_count": 2, "id": "delhi-6-canberra-city", "term": "restaurants", "url": "https://www.yelp.com/biz/delhi-6-canberra-city?adjust_creative=92p07_JjKyriZTQxAXRiKQ&utm_campaign=yelp_api_v3&utm_medium=api_v3_business_lookup&utm_source=92p07_JjKyriZTQxAXRiKQ", "categories": [{"alias": "indpak", "title": "Indian"}], "location": {"address3": null, "zip_code": "2601", "address1": "14 Childers St", "state": "ACT", "city": "Canberra City", "address2": null, "country": "AU"}, "is_closed": false, "phone": "+61262487171", "image_url": "https://s3-media4.fl.yelpcdn.com/bphoto/yQurRWBGW-seMDgG6a7KEg/o.jpg", "name": "Delhi 6"}