{"price": "$", "rating": 4.0, "coordinates": {"longitude": 149.133632306533, "latitude": -35.2792755808638}, "is_claimed": false, "hours": [{"is_open_now": true, "open": [{"is_overnight": false, "day": 0, "end": "1730", "start": "0630"}, {"is_overnight": false, "day": 1, "end": "1730", "start": "0630"}, {"is_overnight": false, "day": 2, "end": "1730", "start": "0630"}, {"is_overnight": false, "day": 3, "end": "1730", "start": "0630"}, {"is_overnight": false, "day": 4, "end": "1830", "start": "0630"}, {"is_overnight": false, "day": 5, "end": "1730", "start": "0730"}, {"is_overnight": false, "day": 6, "end": "1700", "start": "0800"}], "hours_type": "REGULAR"}], "photos": ["https://s3-media3.fl.yelpcdn.com/bphoto/zsWDTVgLZtT07QgZbeaGvg/o.jpg", "https://s3-media3.fl.yelpcdn.com/bphoto/b6zg1vQhRCfpEt4xo4o5Ig/o.jpg", "https://s3-media3.fl.yelpcdn.com/bphoto/gmPRDYbi8r92wKcyFlGBqg/o.jpg"], "review_count": 11, "id": "dobinsons-bakery-cafe-canberra-city", "term": "restaurants", "url": "https://www.yelp.com/biz/dobinsons-bakery-cafe-canberra-city?adjust_creative=92p07_JjKyriZTQxAXRiKQ&utm_campaign=yelp_api_v3&utm_medium=api_v3_business_lookup&utm_source=92p07_JjKyriZTQxAXRiKQ", "categories": [{"alias": "cafes", "title": "Cafes"}], "location": {"address3": null, "zip_code": "2601", "address1": "177 Bunda St", "state": "ACT", "city": "Canberra City", "address2": null, "country": "AU"}, "is_closed": false, "phone": "+61262575966", "image_url": "https://s3-media1.fl.yelpcdn.com/bphoto/zsWDTVgLZtT07QgZbeaGvg/o.jpg", "name": "Dobinsons Bakery Cafe"}