{"id": "gus-cafe-canberra-city", "rating": 4.0, "coordinates": {"longitude": 149.1330261, "latitude": -35.2786293}, "is_claimed": false, "hours": [{"is_open_now": true, "open": [{"is_overnight": false, "end": "2130", "day": 0, "start": "0730"}, {"is_overnight": false, "end": "2130", "day": 1, "start": "0730"}, {"is_overnight": false, "end": "2130", "day": 2, "start": "0730"}, {"is_overnight": false, "end": "2130", "day": 3, "start": "0730"}, {"is_overnight": false, "end": "2130", "day": 4, "start": "0730"}, {"is_overnight": false, "end": "2130", "day": 5, "start": "0730"}, {"is_overnight": false, "end": "2130", "day": 6, "start": "0730"}], "hours_type": "REGULAR"}], "photos": ["https://s3-media3.fl.yelpcdn.com/bphoto/85kARDK15QoLA-G_H4lxOw/o.jpg", "https://s3-media2.fl.yelpcdn.com/bphoto/e8tPgWGEfV1PGHVLQMIwDg/o.jpg", "https://s3-media2.fl.yelpcdn.com/bphoto/OOa0RPPa4th5YYoBNVg6OQ/o.jpg"], "review_count": 15, "price": "$$", "term": "restaurants", "url": "https://www.yelp.com/biz/gus-cafe-canberra-city?adjust_creative=92p07_JjKyriZTQxAXRiKQ&utm_campaign=yelp_api_v3&utm_medium=api_v3_business_lookup&utm_source=92p07_JjKyriZTQxAXRiKQ", "categories": [{"title": "Cafes", "alias": "cafes"}], "location": {"address3": null, "zip_code": "2601", "address1": "Shop 8", "address2": "Garema Arcade Bunda St", "city": "Canberra City", "state": "ACT", "country": "AU"}, "is_closed": false, "phone": "+61262488118", "image_url": "https://s3-media3.fl.yelpcdn.com/bphoto/85kARDK15QoLA-G_H4lxOw/o.jpg", "name": "Gus' Cafe"}