{"id": "happys-chinese-restaurant-canberra-city-2", "rating": 4.0, "coordinates": {"longitude": 149.1321259, "latitude": -35.2785492}, "is_claimed": false, "photos": ["https://s3-media2.fl.yelpcdn.com/bphoto/cWCc6bqdvu3_JO-slyjEBA/o.jpg", "https://s3-media2.fl.yelpcdn.com/bphoto/gLfQ5USYNjiJB_gprOdXKA/o.jpg", "https://s3-media2.fl.yelpcdn.com/bphoto/YPhdcBBEXWYbDti4vvbxTQ/o.jpg"], "review_count": 7, "price": "$$", "term": "restaurants", "url": "https://www.yelp.com/biz/happys-chinese-restaurant-canberra-city-2?adjust_creative=92p07_JjKyriZTQxAXRiKQ&utm_campaign=yelp_api_v3&utm_medium=api_v3_business_lookup&utm_source=92p07_JjKyriZTQxAXRiKQ", "categories": [{"title": "Fast Food", "alias": "hotdogs"}, {"title": "Chinese", "alias": "chinese"}], "image_url": "https://s3-media3.fl.yelpcdn.com/bphoto/cWCc6bqdvu3_JO-slyjEBA/o.jpg", "is_closed": false, "phone": "+61262497015", "location": {"address3": null, "zip_code": "2601", "address1": "17 Garema Pl", "state": "ACT", "city": "Canberra City", "address2": null, "country": "AU"}, "name": "Happy's Chinese Restaurant"}