{"id": "hogs-breath-cafe-canberra-city", "rating": 3.5, "coordinates": {"longitude": 149.1320038, "latitude": -35.2822304}, "is_claimed": false, "photos": ["https://s3-media4.fl.yelpcdn.com/bphoto/lUtQnPt_oce3oJO8xF2xRw/o.jpg"], "review_count": 2, "term": "restaurants", "url": "https://www.yelp.com/biz/hogs-breath-cafe-canberra-city?adjust_creative=92p07_JjKyriZTQxAXRiKQ&utm_campaign=yelp_api_v3&utm_medium=api_v3_business_lookup&utm_source=92p07_JjKyriZTQxAXRiKQ", "categories": [{"title": "Cafes", "alias": "cafes"}], "image_url": "https://s3-media3.fl.yelpcdn.com/bphoto/lUtQnPt_oce3oJO8xF2xRw/o.jpg", "is_closed": false, "phone": "+61262578501", "location": {"address3": null, "zip_code": "2601", "address1": "London Cct", "address2": null, "city": "Canberra City", "state": "ACT", "country": "AU"}, "name": "Hog's Breath Cafe"}