{"id": "il-covo-canberra-city", "rating": 4.0, "coordinates": {"longitude": 149.1331787, "latitude": -35.2829399}, "is_claimed": false, "photos": ["https://s3-media3.fl.yelpcdn.com/bphoto/iC-Uet2_JcbrP8y3momEGA/o.jpg", "https://s3-media3.fl.yelpcdn.com/bphoto/yns0TMSLcbNi69z_VcnHuQ/o.jpg", "https://s3-media4.fl.yelpcdn.com/bphoto/842yCcHGVdc-tleQafE7aQ/o.jpg"], "review_count": 2, "price": "$$", "term": "restaurants", "url": "https://www.yelp.com/biz/il-covo-canberra-city?adjust_creative=92p07_JjKyriZTQxAXRiKQ&utm_campaign=yelp_api_v3&utm_medium=api_v3_business_lookup&utm_source=92p07_JjKyriZTQxAXRiKQ", "categories": [{"title": "Cafes", "alias": "cafes"}], "location": {"address3": null, "zip_code": "2601", "address1": "40 Allara St", "address2": null, "city": "Canberra City", "state": "ACT", "country": "AU"}, "is_closed": false, "phone": "+61261621099", "image_url": "https://s3-media4.fl.yelpcdn.com/bphoto/iC-Uet2_JcbrP8y3momEGA/o.jpg", "name": "IL Covo"}