{"id": "la-posada-pizzeria-cafe-bar-canberra-city", "rating": 4.0, "coordinates": {"longitude": 149.1280975, "latitude": -35.2784615}, "is_claimed": false, "photos": [], "review_count": 1, "term": "restaurants", "url": "https://www.yelp.com/biz/la-posada-pizzeria-cafe-bar-canberra-city?adjust_creative=92p07_JjKyriZTQxAXRiKQ&utm_campaign=yelp_api_v3&utm_medium=api_v3_business_lookup&utm_source=92p07_JjKyriZTQxAXRiKQ", "categories": [{"alias": "restaurants", "title": "Restaurants"}], "location": {"address3": null, "zip_code": "2601", "address1": "60 Alinga St", "state": "ACT", "city": "Canberra City", "address2": null, "country": "AU"}, "is_closed": false, "phone": "+61262485444", "image_url": "", "name": "La Posada Pizzeria Cafe Bar"}