{"price": "$$$", "rating": 2.5, "coordinates": {"longitude": 149.1282043, "latitude": -35.2792511}, "is_claimed": false, "photos": [], "review_count": 3, "id": "lemon-grass-thai-restaurant-canberra-city", "term": "restaurants", "url": "https://www.yelp.com/biz/lemon-grass-thai-restaurant-canberra-city?adjust_creative=92p07_JjKyriZTQxAXRiKQ&utm_campaign=yelp_api_v3&utm_medium=api_v3_business_lookup&utm_source=92p07_JjKyriZTQxAXRiKQ", "categories": [{"title": "Restaurants", "alias": "restaurants"}], "image_url": "", "is_closed": false, "phone": "+61262472779", "location": {"address3": null, "zip_code": "2601", "address1": "65 London Cct", "address2": null, "city": "Canberra City", "state": "ACT", "country": "AU"}, "name": "Lemon Grass Thai Restaurant"}