{"id": "mamas-trattoria-canberra-city", "rating": 4.5, "coordinates": {"longitude": 149.127909055076, "latitude": -35.2786736074315}, "is_claimed": false, "photos": [], "review_count": 4, "price": "$", "term": "restaurants", "url": "https://www.yelp.com/biz/mamas-trattoria-canberra-city?adjust_creative=92p07_JjKyriZTQxAXRiKQ&utm_campaign=yelp_api_v3&utm_medium=api_v3_business_lookup&utm_source=92p07_JjKyriZTQxAXRiKQ", "categories": [{"alias": "cafes", "title": "Cafes"}], "location": {"address3": null, "zip_code": "2601", "address1": "7 Garema Pl", "state": "ACT", "city": "Canberra City", "address2": null, "country": "AU"}, "is_closed": false, "phone": "+61262480936", "image_url": "", "name": "Mama's Trattoria"}