{"price": "$$$", "rating": 5.0, "coordinates": {"longitude": 149.1320038, "latitude": -35.2822304}, "is_claimed": false, "photos": [], "review_count": 1, "id": "pelagic-bar-and-dining-canberra-city", "term": "restaurants", "url": "https://www.yelp.com/biz/pelagic-bar-and-dining-canberra-city?adjust_creative=92p07_JjKyriZTQxAXRiKQ&utm_campaign=yelp_api_v3&utm_medium=api_v3_business_lookup&utm_source=92p07_JjKyriZTQxAXRiKQ", "categories": [{"alias": "restaurants", "title": "Restaurants"}], "location": {"address3": null, "zip_code": "2601", "address1": "London Cct", "state": "ACT", "city": "Canberra City", "address2": null, "country": "AU"}, "is_closed": false, "phone": "+61261620752", "image_url": "", "name": "Pelagic Bar & Dining"}