{"id": "roti-house-canberra-city", "rating": 0.0, "coordinates": {"longitude": 149.1262207, "latitude": -35.2779541}, "is_claimed": false, "photos": [], "review_count": 0, "term": "restaurants", "url": "https://www.yelp.com/biz/roti-house-canberra-city?adjust_creative=92p07_JjKyriZTQxAXRiKQ&utm_campaign=yelp_api_v3&utm_medium=api_v3_business_lookup&utm_source=92p07_JjKyriZTQxAXRiKQ", "categories": [{"alias": "restaurants", "title": "Restaurants"}], "location": {"address3": null, "zip_code": "2601", "address1": "Ground Floor, Ernst & Young Building Shop 4, 121 Marcus Clarke St", "state": "ACT", "city": "Canberra City", "address2": null, "country": "AU"}, "is_closed": false, "phone": "+61262579688", "image_url": "", "name": "Roti House"}