{"price": "$$", "rating": 3.5, "coordinates": {"longitude": 149.1330261, "latitude": -35.2786293}, "is_claimed": false, "photos": ["https://s3-media1.fl.yelpcdn.com/bphoto/nT4yVWGFAjJGGagxsi40LA/o.jpg", "https://s3-media2.fl.yelpcdn.com/bphoto/l3CoX5dg5iVNg7zutT-glw/o.jpg", "https://s3-media4.fl.yelpcdn.com/bphoto/rBP_wsDxn5S6czG7SCtkEg/o.jpg"], "review_count": 10, "id": "sammys-kitchen-canberra-city", "term": "restaurants", "url": "https://www.yelp.com/biz/sammys-kitchen-canberra-city?adjust_creative=92p07_JjKyriZTQxAXRiKQ&utm_campaign=yelp_api_v3&utm_medium=api_v3_business_lookup&utm_source=92p07_JjKyriZTQxAXRiKQ", "categories": [{"alias": "restaurants", "title": "Restaurants"}], "location": {"address3": null, "zip_code": "2601", "address1": "Bunda St", "state": "ACT", "city": "Canberra City", "address2": null, "country": "AU"}, "is_closed": false, "phone": "+61262471464", "image_url": "https://s3-media2.fl.yelpcdn.com/bphoto/nT4yVWGFAjJGGagxsi40LA/o.jpg", "name": "Sammy's Kitchen"}