{"price": "$$", "rating": 0.0, "coordinates": {"longitude": 149.1239471, "latitude": -35.2812614}, "is_claimed": false, "photos": [], "review_count": 0, "id": "shalimar-indian-restaurant-canberra-city", "term": "restaurants", "url": "https://www.yelp.com/biz/shalimar-indian-restaurant-canberra-city?adjust_creative=92p07_JjKyriZTQxAXRiKQ&utm_campaign=yelp_api_v3&utm_medium=api_v3_business_lookup&utm_source=92p07_JjKyriZTQxAXRiKQ", "categories": [{"alias": "restaurants", "title": "Restaurants"}], "location": {"address3": null, "zip_code": "2601", "address1": "Marcus Clarke St", "state": "ACT", "city": "Canberra City", "address2": null, "country": "AU"}, "is_closed": false, "phone": "+61262496784", "image_url": "", "name": "Shalimar Indian Restaurant"}