{"id": "sizzle-bento-canberra-city", "rating": 3.5, "coordinates": {"longitude": 149.1324463, "latitude": -35.2802505}, "is_claimed": false, "photos": ["https://s3-media3.fl.yelpcdn.com/bphoto/143uoIWxakfVD1vc0Li5mQ/o.jpg", "https://s3-media1.fl.yelpcdn.com/bphoto/7cTLcNzg5MOoRNW6ZVT_Iw/o.jpg", "https://s3-media2.fl.yelpcdn.com/bphoto/VqyhqGuA7gwXLZh4_tlwTQ/o.jpg"], "review_count": 4, "price": "$$", "term": "restaurants", "url": "https://www.yelp.com/biz/sizzle-bento-canberra-city?adjust_creative=92p07_JjKyriZTQxAXRiKQ&utm_campaign=yelp_api_v3&utm_medium=api_v3_business_lookup&utm_source=92p07_JjKyriZTQxAXRiKQ", "categories": [{"alias": "restaurants", "title": "Restaurants"}], "location": {"address3": null, "zip_code": "2601", "address1": "City Wlk", "state": "ACT", "city": "Canberra City", "address2": null, "country": "AU"}, "is_closed": false, "phone": "+61262626022", "image_url": "https://s3-media3.fl.yelpcdn.com/bphoto/143uoIWxakfVD1vc0Li5mQ/o.jpg", "name": "Sizzle Bento"}