{"price": "$", "rating": 4.0, "coordinates": {"longitude": 149.132003746926, "latitude": -35.2781579642001}, "is_claimed": true, "hours": [{"is_open_now": false, "open": [{"is_overnight": false, "day": 0, "start": "1100", "end": "1900"}, {"is_overnight": false, "day": 1, "start": "1100", "end": "1900"}, {"is_overnight": false, "day": 2, "start": "1100", "end": "1900"}, {"is_overnight": false, "day": 3, "start": "1100", "end": "1900"}, {"is_overnight": false, "day": 4, "start": "1100", "end": "2000"}, {"is_overnight": false, "day": 5, "start": "1100", "end": "2000"}, {"is_overnight": false, "day": 6, "start": "1100", "end": "1500"}], "hours_type": "REGULAR"}], "photos": ["https://s3-media1.fl.yelpcdn.com/bphoto/EEY4KzMa3KvAEH1e1NyjpQ/o.jpg", "https://s3-media2.fl.yelpcdn.com/bphoto/LXLA7oVr_jzziGu4YhNFNQ/o.jpg", "https://s3-media4.fl.yelpcdn.com/bphoto/xEuRVOrrHLANh9BYQXTowA/o.jpg"], "review_count": 2, "id": "spud-bar-canberra-city-2", "term": "restaurants", "url": "https://www.yelp.com/biz/spud-bar-canberra-city-2?adjust_creative=92p07_JjKyriZTQxAXRiKQ&utm_campaign=yelp_api_v3&utm_medium=api_v3_business_lookup&utm_source=92p07_JjKyriZTQxAXRiKQ", "categories": [{"alias": "salad", "title": "Salad"}, {"alias": "vegetarian", "title": "Vegetarian"}, {"alias": "australian", "title": "Australian"}], "location": {"address3": "", "zip_code": "2601", "address1": "Shop 1, Garema Place", "state": "ACT", "city": "Canberra City", "address2": "70-86 Bunda St", "country": "AU"}, "is_closed": false, "phone": "+61262476099", "image_url": "https://s3-media2.fl.yelpcdn.com/bphoto/EEY4KzMa3KvAEH1e1NyjpQ/o.jpg", "name": "Spud Bar"}