{"price": "$", "rating": 3.0, "coordinates": {"longitude": 149.1244202, "latitude": -35.2787399}, "is_claimed": false, "photos": ["https://s3-media2.fl.yelpcdn.com/bphoto/9weaL79BNJp7hEgvax52bw/o.jpg"], "review_count": 1, "id": "stone-wall-cafe-canberra-city", "term": "restaurants", "url": "https://www.yelp.com/biz/stone-wall-cafe-canberra-city?adjust_creative=92p07_JjKyriZTQxAXRiKQ&utm_campaign=yelp_api_v3&utm_medium=api_v3_business_lookup&utm_source=92p07_JjKyriZTQxAXRiKQ", "categories": [{"alias": "cafes", "title": "Cafes"}], "location": {"address3": null, "zip_code": "2601", "address1": "14 Childers St", "address2": null, "city": "Canberra City", "state": "ACT", "country": "AU"}, "is_closed": false, "phone": "+61261623544", "image_url": "https://s3-media3.fl.yelpcdn.com/bphoto/9weaL79BNJp7hEgvax52bw/o.jpg", "name": "Stone Wall Cafe"}