{"price": "$$", "rating": 4.5, "coordinates": {"longitude": 149.128176470274, "latitude": -35.2758772764875}, "is_claimed": false, "photos": ["https://s3-media2.fl.yelpcdn.com/bphoto/s1O0oVjwbqkueVE4TrnSYQ/o.jpg", "https://s3-media4.fl.yelpcdn.com/bphoto/wTL6wY8_tvVrH0Pfk4AQsQ/o.jpg", "https://s3-media2.fl.yelpcdn.com/bphoto/gDBB5Cn6gtNHyYLhxMgHDQ/o.jpg"], "review_count": 4, "id": "temporada-canberra-city", "term": "restaurants", "url": "https://www.yelp.com/biz/temporada-canberra-city?adjust_creative=92p07_JjKyriZTQxAXRiKQ&utm_campaign=yelp_api_v3&utm_medium=api_v3_business_lookup&utm_source=92p07_JjKyriZTQxAXRiKQ", "categories": [{"alias": "tapasmallplates", "title": "Tapas/Small Plates"}, {"alias": "cocktailbars", "title": "Cocktail Bars"}], "location": {"address3": "", "zip_code": "2601", "address1": "15 Moore St", "state": "ACT", "city": "Canberra City", "address2": "", "country": "AU"}, "is_closed": false, "phone": "+61262496683", "image_url": "https://s3-media2.fl.yelpcdn.com/bphoto/s1O0oVjwbqkueVE4TrnSYQ/o.jpg", "name": "Temporada"}