{"id": "asili-canberra", "rating": 5.0, "coordinates": {"longitude": 149.13168, "latitude": -35.27796}, "is_claimed": false, "hours": [{"is_open_now": false, "open": [{"is_overnight": false, "day": 0, "start": "0700", "end": "1600"}, {"is_overnight": false, "day": 1, "start": "0700", "end": "1600"}, {"is_overnight": false, "day": 2, "start": "0700", "end": "1600"}, {"is_overnight": false, "day": 3, "start": "0700", "end": "1600"}, {"is_overnight": false, "day": 4, "start": "0700", "end": "1600"}, {"is_overnight": false, "day": 5, "start": "0800", "end": "1400"}], "hours_type": "REGULAR"}], "photos": [], "review_count": 1, "term": "restaurants", "url": "https://www.yelp.com/biz/asili-canberra?adjust_creative=92p07_JjKyriZTQxAXRiKQ&utm_campaign=yelp_api_v3&utm_medium=api_v3_business_lookup&utm_source=92p07_JjKyriZTQxAXRiKQ", "categories": [{"alias": "coffee", "title": "Coffee & Tea"}, {"alias": "sandwiches", "title": "Sandwiches"}], "location": {"address3": null, "zip_code": "2601", "address1": "29 Garema Pl", "address2": "", "city": "Canberra", "state": "ACT", "country": "AU"}, "is_closed": false, "phone": "", "image_url": "", "name": "Asili"}