{"id": "cafe-garema-canberra", "rating": 4.5, "coordinates": {"longitude": 149.1320496, "latitude": -35.2778435}, "is_claimed": false, "photos": ["https://s3-media1.fl.yelpcdn.com/bphoto/DKV8cBTl0C0o-JLI1k84tg/o.jpg", "https://s3-media4.fl.yelpcdn.com/bphoto/hy1LYpgdML4JH8MGDCnECA/o.jpg", "https://s3-media1.fl.yelpcdn.com/bphoto/R94DON-U0H19JHVDs0Noag/o.jpg"], "review_count": 4, "price": "$$", "term": "restaurants", "url": "https://www.yelp.com/biz/cafe-garema-canberra?adjust_creative=92p07_JjKyriZTQxAXRiKQ&utm_campaign=yelp_api_v3&utm_medium=api_v3_business_lookup&utm_source=92p07_JjKyriZTQxAXRiKQ", "categories": [{"title": "Cafes", "alias": "cafes"}], "image_url": "https://s3-media4.fl.yelpcdn.com/bphoto/DKV8cBTl0C0o-JLI1k84tg/o.jpg", "is_closed": false, "phone": "", "location": {"address3": "", "zip_code": "2601", "address1": "60 Bunda St", "state": "ACT", "city": "Canberra", "address2": "", "country": "AU"}, "name": "Cafe Garema"}