{"id": "cafe-tandoor-canberra-3", "rating": 0.0, "coordinates": {"longitude": 149.040315652761, "latitude": -35.2334605834502}, "is_claimed": true, "hours": [{"is_open_now": false, "open": [{"is_overnight": false, "day": 1, "start": "1700", "end": "2130"}, {"is_overnight": false, "day": 2, "start": "1700", "end": "2130"}, {"is_overnight": false, "day": 3, "start": "1700", "end": "2130"}, {"is_overnight": false, "day": 4, "start": "1700", "end": "2130"}, {"is_overnight": false, "day": 5, "start": "1700", "end": "2130"}, {"is_overnight": false, "day": 6, "start": "1700", "end": "2130"}], "hours_type": "REGULAR"}], "photos": ["https://s3-media2.fl.yelpcdn.com/bphoto/0CIpAzjQDW0oPGYg5LEHqQ/o.jpg", "https://s3-media2.fl.yelpcdn.com/bphoto/KxkJtv90fOhSKz87aGDjHw/o.jpg", "https://s3-media1.fl.yelpcdn.com/bphoto/QdPgtjkVXIyT_CeSflQBjw/o.jpg"], "review_count": 0, "price": "$$", "term": "restaurants", "url": "https://www.yelp.com/biz/cafe-tandoor-canberra-3?adjust_creative=92p07_JjKyriZTQxAXRiKQ&utm_campaign=yelp_api_v3&utm_medium=api_v3_business_lookup&utm_source=92p07_JjKyriZTQxAXRiKQ", "categories": [{"title": "Indian", "alias": "indpak"}, {"title": "Pizza", "alias": "pizza"}], "image_url": "https://s3-media4.fl.yelpcdn.com/bphoto/0CIpAzjQDW0oPGYg5LEHqQ/o.jpg", "is_closed": false, "phone": "+61261621334", "location": {"address3": "", "zip_code": "2601", "address1": "Shop 5", "state": "ACT", "city": "Canberra", "address2": "9 Scullin Pl", "country": "AU"}, "name": "Cafe Tandoor"}