{"id": "copper-chimney-canberra", "rating": 4.5, "coordinates": {"longitude": 149.127777506456, "latitude": -35.2790068045394}, "is_claimed": false, "photos": ["https://s3-media4.fl.yelpcdn.com/bphoto/FPuTq_RDXgjXIRpzBsAlJg/o.jpg"], "review_count": 3, "term": "restaurants", "url": "https://www.yelp.com/biz/copper-chimney-canberra?adjust_creative=92p07_JjKyriZTQxAXRiKQ&utm_campaign=yelp_api_v3&utm_medium=api_v3_business_lookup&utm_source=92p07_JjKyriZTQxAXRiKQ", "categories": [{"alias": "indpak", "title": "Indian"}], "location": {"address3": "", "zip_code": "2601", "address1": "24 West Row", "state": "ACT", "city": "Canberra", "address2": "", "country": "AU"}, "is_closed": false, "phone": "+61261621845", "image_url": "https://s3-media3.fl.yelpcdn.com/bphoto/FPuTq_RDXgjXIRpzBsAlJg/o.jpg", "name": "Copper Chimney"}