{"id": "da-rosario-canberra", "rating": 4.0, "coordinates": {"longitude": 149.1280666, "latitude": -35.279383}, "is_claimed": false, "photos": [], "review_count": 1, "term": "restaurants", "url": "https://www.yelp.com/biz/da-rosario-canberra?adjust_creative=92p07_JjKyriZTQxAXRiKQ&utm_campaign=yelp_api_v3&utm_medium=api_v3_business_lookup&utm_source=92p07_JjKyriZTQxAXRiKQ", "categories": [{"alias": "italian", "title": "Italian"}], "location": {"address3": "", "zip_code": "2601", "address1": "59 London Cct", "state": "ACT", "city": "Canberra", "address2": "", "country": "AU"}, "is_closed": false, "phone": "+61262300025", "image_url": "", "name": "Da Rosario"}