{"id": "dehli-6-canberra", "rating": 5.0, "coordinates": {"longitude": 149.1247658059, "latitude": -35.2788014427751}, "is_claimed": false, "photos": [], "review_count": 1, "term": "restaurants", "url": "https://www.yelp.com/biz/dehli-6-canberra?adjust_creative=92p07_JjKyriZTQxAXRiKQ&utm_campaign=yelp_api_v3&utm_medium=api_v3_business_lookup&utm_source=92p07_JjKyriZTQxAXRiKQ", "categories": [{"alias": "indpak", "title": "Indian"}], "location": {"address3": "", "zip_code": "2601", "address1": "14 Childers St", "address2": "", "city": "Canberra", "state": "ACT", "country": "AU"}, "is_closed": false, "phone": "+61262487171", "image_url": "", "name": "Dehli 6"}