{"id": "dessert-castle-canberra", "rating": 0.0, "coordinates": {"longitude": 149.12551, "latitude": -35.27688}, "is_claimed": false, "hours": [{"is_open_now": false, "open": [{"is_overnight": false, "day": 0, "start": "0800", "end": "2100"}, {"is_overnight": false, "day": 1, "start": "0800", "end": "2100"}, {"is_overnight": false, "day": 2, "start": "0800", "end": "2100"}, {"is_overnight": false, "day": 3, "start": "0800", "end": "2100"}, {"is_overnight": false, "day": 4, "start": "0800", "end": "2100"}, {"is_overnight": false, "day": 5, "start": "1730", "end": "2200"}], "hours_type": "REGULAR"}], "photos": [], "review_count": 0, "term": "restaurants", "url": "https://www.yelp.com/biz/dessert-castle-canberra?adjust_creative=92p07_JjKyriZTQxAXRiKQ&utm_campaign=yelp_api_v3&utm_medium=api_v3_business_lookup&utm_source=92p07_JjKyriZTQxAXRiKQ", "categories": [{"alias": "desserts", "title": "Desserts"}, {"alias": "cafes", "title": "Cafes"}], "location": {"address3": null, "zip_code": "2601", "address1": "35 Childers St", "state": "ACT", "city": "Canberra", "address2": "", "country": "AU"}, "is_closed": false, "phone": "+61262306631", "image_url": "", "name": "Dessert Castle"}