{"id": "digress-pty-ltd-canberra", "rating": 0.0, "coordinates": {"longitude": 149.1328125, "latitude": -35.2814407}, "is_claimed": false, "hours": [{"is_open_now": false, "open": [{"is_overnight": false, "end": "2200", "start": "1730", "day": 0}, {"is_overnight": false, "end": "2200", "start": "1730", "day": 1}, {"is_overnight": false, "end": "2200", "start": "1730", "day": 2}, {"is_overnight": false, "end": "0000", "start": "1730", "day": 3}, {"is_overnight": true, "end": "0100", "start": "1730", "day": 4}, {"is_overnight": true, "end": "0100", "start": "1730", "day": 5}], "hours_type": "REGULAR"}], "photos": [], "review_count": 0, "term": "restaurants", "url": "https://www.yelp.com/biz/digress-pty-ltd-canberra?adjust_creative=92p07_JjKyriZTQxAXRiKQ&utm_campaign=yelp_api_v3&utm_medium=api_v3_business_lookup&utm_source=92p07_JjKyriZTQxAXRiKQ", "categories": [{"alias": "restaurants", "title": "Restaurants"}], "location": {"address3": null, "zip_code": "2601", "address1": "11 Akuna St", "state": "ACT", "city": "Canberra", "address2": null, "country": "AU"}, "is_closed": false, "phone": "+61262486183", "image_url": "", "name": "Digress Pty Ltd"}