{"id": "dolce-and-salato-canberra", "rating": 3.0, "coordinates": {"longitude": 149.13262333721, "latitude": -35.2785994496258}, "is_claimed": false, "photos": [], "review_count": 1, "term": "restaurants", "url": "https://www.yelp.com/biz/dolce-and-salato-canberra?adjust_creative=92p07_JjKyriZTQxAXRiKQ&utm_campaign=yelp_api_v3&utm_medium=api_v3_business_lookup&utm_source=92p07_JjKyriZTQxAXRiKQ", "categories": [{"title": "Pizza", "alias": "pizza"}, {"title": "Cafes", "alias": "cafes"}, {"title": "Italian", "alias": "italian"}], "location": {"address3": "", "zip_code": "2601", "address1": "108 Bunda St", "address2": "", "city": "Canberra", "state": "ACT", "country": "AU"}, "is_closed": false, "phone": "+61262488660", "image_url": "", "name": "Dolce & Salato"}