{"id": "dominos-pizza-canberra", "rating": 2.0, "coordinates": {"longitude": 149.128136040316, "latitude": -35.2763878253489}, "is_claimed": false, "hours": [{"is_open_now": true, "open": [{"is_overnight": false, "day": 0, "start": "1100", "end": "2300"}, {"is_overnight": false, "day": 1, "start": "1100", "end": "2300"}, {"is_overnight": false, "day": 2, "start": "1100", "end": "2300"}, {"is_overnight": false, "day": 3, "start": "1100", "end": "2300"}, {"is_overnight": false, "day": 4, "start": "1100", "end": "0000"}, {"is_overnight": false, "day": 5, "start": "1100", "end": "0000"}, {"is_overnight": false, "day": 6, "start": "1100", "end": "2300"}], "hours_type": "REGULAR"}], "photos": [], "review_count": 1, "term": "restaurants", "url": "https://www.yelp.com/biz/dominos-pizza-canberra?adjust_creative=92p07_JjKyriZTQxAXRiKQ&utm_campaign=yelp_api_v3&utm_medium=api_v3_business_lookup&utm_source=92p07_JjKyriZTQxAXRiKQ", "categories": [{"alias": "pizza", "title": "Pizza"}], "location": {"address3": "", "zip_code": "2601", "address1": "2 Yallourn St", "address2": "", "city": "Canberra", "state": "ACT", "country": "AU"}, "is_closed": false, "phone": "+61262113033", "image_url": "", "name": "Domino's Pizza"}