{"price": "$$", "rating": 4.5, "coordinates": {"longitude": 149.124711397041, "latitude": -35.2792508850389}, "is_claimed": false, "hours": [{"is_open_now": true, "open": [{"is_overnight": false, "end": "2200", "start": "1200", "day": 0}, {"is_overnight": false, "end": "2200", "start": "1200", "day": 1}, {"is_overnight": false, "end": "2200", "start": "1200", "day": 2}, {"is_overnight": false, "end": "2200", "start": "1200", "day": 3}, {"is_overnight": false, "end": "2200", "start": "1200", "day": 4}, {"is_overnight": false, "end": "2200", "start": "1200", "day": 5}, {"is_overnight": false, "end": "2200", "start": "1200", "day": 6}], "hours_type": "REGULAR"}], "photos": [], "review_count": 2, "id": "golden-drum-canberra", "term": "restaurants", "url": "https://www.yelp.com/biz/golden-drum-canberra?adjust_creative=92p07_JjKyriZTQxAXRiKQ&utm_campaign=yelp_api_v3&utm_medium=api_v3_business_lookup&utm_source=92p07_JjKyriZTQxAXRiKQ", "categories": [{"alias": "chinese", "title": "Chinese"}], "location": {"address3": "", "zip_code": "2601", "address1": "Shop 1", "state": "ACT", "city": "Canberra", "address2": "14 Childers St", "country": "AU"}, "is_closed": false, "phone": "+61261621882", "image_url": "", "name": "Golden Drum"}