{"id": "grilld-canberra", "rating": 5.0, "coordinates": {"longitude": 149.132965651185, "latitude": -35.2781682458933}, "is_claimed": false, "photos": ["https://s3-media2.fl.yelpcdn.com/bphoto/FTOu0gQf-xMMY3VJwcZrBw/o.jpg", "https://s3-media2.fl.yelpcdn.com/bphoto/DVB-3VGYTp5ln1djRqcmCA/o.jpg", "https://s3-media3.fl.yelpcdn.com/bphoto/pZscZj6WJk1XnVF71lbHHg/o.jpg"], "review_count": 3, "price": "$$", "term": "restaurants", "url": "https://www.yelp.com/biz/grilld-canberra?adjust_creative=92p07_JjKyriZTQxAXRiKQ&utm_campaign=yelp_api_v3&utm_medium=api_v3_business_lookup&utm_source=92p07_JjKyriZTQxAXRiKQ", "categories": [{"alias": "burgers", "title": "Burgers"}], "location": {"address3": "", "zip_code": "2601", "address1": "Canberra Ctr", "address2": "Scotts Crossing", "city": "Canberra", "state": "ACT", "country": "AU"}, "is_closed": false, "phone": "", "image_url": "https://s3-media3.fl.yelpcdn.com/bphoto/FTOu0gQf-xMMY3VJwcZrBw/o.jpg", "name": "Grill'd"}