{"price": "$$", "rating": 4.0, "coordinates": {"longitude": 149.130814, "latitude": -35.279525}, "is_claimed": false, "hours": [{"is_open_now": true, "open": [{"is_overnight": false, "day": 0, "start": "1200", "end": "0000"}, {"is_overnight": false, "day": 1, "start": "1200", "end": "0000"}, {"is_overnight": false, "day": 2, "start": "1200", "end": "0000"}, {"is_overnight": false, "day": 3, "start": "1200", "end": "0000"}, {"is_overnight": false, "day": 4, "start": "1200", "end": "0000"}, {"is_overnight": false, "day": 5, "start": "1200", "end": "0000"}, {"is_overnight": false, "day": 6, "start": "1200", "end": "0000"}], "hours_type": "REGULAR"}], "photos": ["https://s3-media1.fl.yelpcdn.com/bphoto/T05yO7pg_Ok1eV78dxn48g/o.jpg", "https://s3-media2.fl.yelpcdn.com/bphoto/gePV_i5P8QxAfUNWHY6uGg/o.jpg"], "review_count": 2, "id": "guild-canberra", "term": "restaurants", "url": "https://www.yelp.com/biz/guild-canberra?adjust_creative=92p07_JjKyriZTQxAXRiKQ&utm_campaign=yelp_api_v3&utm_medium=api_v3_business_lookup&utm_source=92p07_JjKyriZTQxAXRiKQ", "categories": [{"alias": "pizza", "title": "Pizza"}, {"alias": "pubfood", "title": "Pub Food"}, {"alias": "tabletopgames", "title": "Tabletop Games"}], "location": {"address3": "", "zip_code": "2601", "address1": "LG, Bailey's Arcade", "address2": "150 London Circuit", "city": "Canberra", "state": "ACT", "country": "AU"}, "is_closed": false, "phone": "+61262572727", "image_url": "https://s3-media1.fl.yelpcdn.com/bphoto/T05yO7pg_Ok1eV78dxn48g/o.jpg", "name": "Guild"}