{"id": "guzman-y-gomez-canberra", "rating": 4.0, "coordinates": {"longitude": 149.130370616913, "latitude": -35.2774017129594}, "is_claimed": false, "hours": [{"is_open_now": true, "open": [{"is_overnight": false, "end": "2200", "day": 0, "start": "1100"}, {"is_overnight": false, "end": "2200", "day": 1, "start": "1100"}, {"is_overnight": false, "end": "2200", "day": 2, "start": "1100"}, {"is_overnight": false, "end": "2200", "day": 3, "start": "1100"}, {"is_overnight": false, "end": "2300", "day": 4, "start": "1100"}, {"is_overnight": false, "end": "2300", "day": 5, "start": "1100"}, {"is_overnight": false, "end": "2200", "day": 6, "start": "1100"}], "hours_type": "REGULAR"}], "photos": ["https://s3-media1.fl.yelpcdn.com/bphoto/K7R7QWseXKmRE5NXk0kb5A/o.jpg", "https://s3-media4.fl.yelpcdn.com/bphoto/gfyfWyN6wiwGnLxJcifc8A/o.jpg", "https://s3-media1.fl.yelpcdn.com/bphoto/eEqAFDY3cvt7XHZw6fkbXA/o.jpg"], "review_count": 7, "price": "$", "term": "restaurants", "url": "https://www.yelp.com/biz/guzman-y-gomez-canberra?adjust_creative=92p07_JjKyriZTQxAXRiKQ&utm_campaign=yelp_api_v3&utm_medium=api_v3_business_lookup&utm_source=92p07_JjKyriZTQxAXRiKQ", "categories": [{"title": "Mexican", "alias": "mexican"}], "location": {"address3": "", "zip_code": "2601", "address1": "Canberra Centre Shopping Centre", "address2": "132 Bunda St", "city": "Canberra", "state": "ACT", "country": "AU"}, "is_closed": false, "phone": "+6191910906", "image_url": "https://s3-media4.fl.yelpcdn.com/bphoto/K7R7QWseXKmRE5NXk0kb5A/o.jpg", "name": "Guzman Y Gomez"}