{"id": "hero-sushi-canberra-centre-train-canberra", "rating": 1.0, "coordinates": {"longitude": 149.13334, "latitude": -35.27962}, "is_claimed": false, "hours": [{"is_open_now": true, "open": [{"is_overnight": false, "end": "2100", "day": 0, "start": "1000"}, {"is_overnight": false, "end": "2100", "day": 1, "start": "1000"}, {"is_overnight": false, "end": "2100", "day": 2, "start": "1000"}, {"is_overnight": false, "end": "2100", "day": 3, "start": "1000"}, {"is_overnight": false, "end": "2100", "day": 4, "start": "1000"}, {"is_overnight": false, "end": "2100", "day": 5, "start": "1000"}, {"is_overnight": false, "end": "2100", "day": 6, "start": "1000"}], "hours_type": "REGULAR"}], "photos": ["https://s3-media2.fl.yelpcdn.com/bphoto/n5fQolGpNFQpXJGQndGP9w/o.jpg", "https://s3-media3.fl.yelpcdn.com/bphoto/1X1q0WShYLF43DpXCWvgPA/o.jpg", "https://s3-media4.fl.yelpcdn.com/bphoto/6TkDjbWVAK6pkP5zAZSjiw/o.jpg"], "review_count": 1, "term": "restaurants", "url": "https://www.yelp.com/biz/hero-sushi-canberra-centre-train-canberra?adjust_creative=92p07_JjKyriZTQxAXRiKQ&utm_campaign=yelp_api_v3&utm_medium=api_v3_business_lookup&utm_source=92p07_JjKyriZTQxAXRiKQ", "categories": [{"title": "Sushi Bars", "alias": "sushi"}], "location": {"address3": null, "zip_code": "2601", "address1": "Shop Fg 13", "address2": "148 Bunda St", "city": "Canberra", "state": "ACT", "country": "AU"}, "is_closed": false, "phone": "", "image_url": "https://s3-media1.fl.yelpcdn.com/bphoto/n5fQolGpNFQpXJGQndGP9w/o.jpg", "name": "Hero Sushi Canberra Centre Train"}