{"id": "indian-affair-in-the-city-canberra", "rating": 0.0, "coordinates": {"longitude": 149.1328125, "latitude": -35.2814407}, "is_claimed": false, "hours": [{"is_open_now": false, "open": [{"is_overnight": false, "day": 0, "end": "2200", "start": "1730"}, {"is_overnight": false, "day": 1, "end": "2200", "start": "1730"}, {"is_overnight": false, "day": 2, "end": "2200", "start": "1730"}, {"is_overnight": false, "day": 3, "end": "2200", "start": "1730"}, {"is_overnight": false, "day": 4, "end": "2200", "start": "1730"}, {"is_overnight": false, "day": 5, "end": "2200", "start": "1730"}], "hours_type": "REGULAR"}], "photos": ["https://s3-media1.fl.yelpcdn.com/bphoto/JsPU7ZuraR6Lu8Ukviz2EA/o.jpg", "https://s3-media1.fl.yelpcdn.com/bphoto/YRJSs3aQ3MvlqvAEqZwZiw/o.jpg", "https://s3-media2.fl.yelpcdn.com/bphoto/mxicwc_j4IbGzMjzJgoM5g/o.jpg"], "review_count": 0, "term": "restaurants", "url": "https://www.yelp.com/biz/indian-affair-in-the-city-canberra?adjust_creative=92p07_JjKyriZTQxAXRiKQ&utm_campaign=yelp_api_v3&utm_medium=api_v3_business_lookup&utm_source=92p07_JjKyriZTQxAXRiKQ", "categories": [{"alias": "indpak", "title": "Indian"}], "location": {"address3": "", "zip_code": "2601", "address1": "11 Akuna St", "state": "ACT", "city": "Canberra", "address2": "", "country": "AU"}, "is_closed": false, "phone": "+61262486183", "image_url": "https://s3-media2.fl.yelpcdn.com/bphoto/JsPU7ZuraR6Lu8Ukviz2EA/o.jpg", "name": "Indian Affair in the City"}