{"id": "jamie-italian-canberra-2", "rating": 0.0, "coordinates": {"longitude": 149.1331024, "latitude": -35.2784996}, "is_claimed": false, "photos": [], "review_count": 0, "term": "restaurants", "url": "https://www.yelp.com/biz/jamie-italian-canberra-2?adjust_creative=92p07_JjKyriZTQxAXRiKQ&utm_campaign=yelp_api_v3&utm_medium=api_v3_business_lookup&utm_source=92p07_JjKyriZTQxAXRiKQ", "categories": [{"title": "Italian", "alias": "italian"}], "image_url": "", "is_closed": false, "phone": "+61262680400", "location": {"address3": "", "zip_code": "2601", "address1": "125 Bunda St", "state": "ACT", "city": "Canberra", "address2": "", "country": "AU"}, "name": "Jamie Italian"}