{"id": "jazz-apple-cafe-canberra", "rating": 3.5, "coordinates": {"longitude": 149.132262268121, "latitude": -35.2802638119171}, "is_claimed": false, "hours": [{"is_open_now": false, "open": [{"is_overnight": false, "day": 0, "start": "0900", "end": "1630"}, {"is_overnight": false, "day": 1, "start": "0900", "end": "1630"}, {"is_overnight": false, "day": 2, "start": "0900", "end": "1630"}, {"is_overnight": false, "day": 3, "start": "0900", "end": "1630"}, {"is_overnight": false, "day": 4, "start": "0900", "end": "1630"}, {"is_overnight": false, "day": 5, "start": "0930", "end": "1530"}], "hours_type": "REGULAR"}], "photos": ["https://s3-media1.fl.yelpcdn.com/bphoto/o4JGdIzKrk9-GxeAXYcSbg/o.jpg", "https://s3-media4.fl.yelpcdn.com/bphoto/3pO1cDnXG9FMGgDq4BUFRA/o.jpg", "https://s3-media1.fl.yelpcdn.com/bphoto/m4UdmBJe7iBRK8JqS7VJtA/o.jpg"], "review_count": 2, "term": "restaurants", "url": "https://www.yelp.com/biz/jazz-apple-cafe-canberra?adjust_creative=92p07_JjKyriZTQxAXRiKQ&utm_campaign=yelp_api_v3&utm_medium=api_v3_business_lookup&utm_source=92p07_JjKyriZTQxAXRiKQ", "categories": [{"title": "Cafes", "alias": "cafes"}, {"title": "Cupcakes", "alias": "cupcakes"}], "image_url": "https://s3-media3.fl.yelpcdn.com/bphoto/o4JGdIzKrk9-GxeAXYcSbg/o.jpg", "is_closed": false, "phone": "+61262470342", "location": {"address3": null, "zip_code": "2601", "address1": "222 City Wlk", "state": "ACT", "city": "Canberra", "address2": null, "country": "AU"}, "name": "Jazz Apple Cafe"}