{"id": "little-saigon-canberra", "rating": 3.5, "coordinates": {"longitude": 149.131890758872, "latitude": -35.2810260711215}, "is_claimed": false, "photos": [], "review_count": 2, "term": "restaurants", "url": "https://www.yelp.com/biz/little-saigon-canberra?adjust_creative=92p07_JjKyriZTQxAXRiKQ&utm_campaign=yelp_api_v3&utm_medium=api_v3_business_lookup&utm_source=92p07_JjKyriZTQxAXRiKQ", "categories": [{"alias": "vietnamese", "title": "Vietnamese"}], "location": {"address3": "", "zip_code": "2601", "address1": "Ainslie Pl", "state": "ACT", "city": "Canberra", "address2": "", "country": "AU"}, "is_closed": false, "phone": "", "image_url": "", "name": "Little Saigon"}