{"price": "$$", "rating": 5.0, "coordinates": {"longitude": 149.128523245454, "latitude": -35.2787357540014}, "is_claimed": false, "hours": [{"is_open_now": false, "open": [{"is_overnight": false, "day": 0, "start": "0630", "end": "1630"}, {"is_overnight": false, "day": 1, "start": "0630", "end": "1630"}, {"is_overnight": false, "day": 2, "start": "0630", "end": "1630"}, {"is_overnight": false, "day": 3, "start": "0630", "end": "1630"}, {"is_overnight": false, "day": 4, "start": "0630", "end": "1630"}], "hours_type": "REGULAR"}], "photos": ["https://s3-media3.fl.yelpcdn.com/bphoto/N5Ylp6hpUC5FZuUv1ns3_g/o.jpg", "https://s3-media3.fl.yelpcdn.com/bphoto/4Q6569d0LxSz-qUT909-HA/o.jpg", "https://s3-media3.fl.yelpcdn.com/bphoto/azxBgx6blgf1gHDvyLDTWA/o.jpg"], "review_count": 2, "id": "loading-zone-canberra", "term": "restaurants", "url": "https://www.yelp.com/biz/loading-zone-canberra?adjust_creative=92p07_JjKyriZTQxAXRiKQ&utm_campaign=yelp_api_v3&utm_medium=api_v3_business_lookup&utm_source=92p07_JjKyriZTQxAXRiKQ", "categories": [{"alias": "cafes", "title": "Cafes"}], "location": {"address3": "", "zip_code": "2601", "address1": "22 Odger's Lane", "address2": "", "city": "Canberra", "state": "ACT", "country": "AU"}, "is_closed": false, "phone": "", "image_url": "https://s3-media3.fl.yelpcdn.com/bphoto/N5Ylp6hpUC5FZuUv1ns3_g/o.jpg", "name": "Loading Zone"}