{"id": "mcdonalds-canberra-2", "rating": 0.0, "coordinates": {"longitude": 149.1874, "latitude": -35.30843}, "is_claimed": true, "hours": [{"is_open_now": true, "open": [{"is_overnight": false, "end": "1800", "start": "0800", "day": 0}, {"is_overnight": false, "end": "1800", "start": "0800", "day": 1}, {"is_overnight": false, "end": "1800", "start": "0800", "day": 2}, {"is_overnight": false, "end": "1800", "start": "0800", "day": 3}, {"is_overnight": false, "end": "2100", "start": "0800", "day": 4}, {"is_overnight": false, "end": "1800", "start": "0800", "day": 5}, {"is_overnight": false, "end": "1700", "start": "0900", "day": 6}], "hours_type": "REGULAR"}], "photos": [], "review_count": 0, "term": "restaurants", "url": "https://www.yelp.com/biz/mcdonalds-canberra-2?adjust_creative=92p07_JjKyriZTQxAXRiKQ&utm_campaign=yelp_api_v3&utm_medium=api_v3_business_lookup&utm_source=92p07_JjKyriZTQxAXRiKQ", "categories": [{"alias": "burgers", "title": "Burgers"}, {"alias": "hotdogs", "title": "Fast Food"}], "location": {"address3": null, "zip_code": "2601", "address1": "Canberra Centre", "state": "ACT", "city": "Canberra", "address2": "Canberra Centre", "country": "AU"}, "is_closed": false, "phone": "+61262306537", "image_url": "", "name": "McDonald's"}