{"price": "$", "rating": 0.0, "coordinates": {"longitude": 149.132844879554, "latitude": -35.27870095031}, "is_claimed": true, "hours": [{"is_open_now": false, "open": [{"is_overnight": false, "end": "2100", "start": "1130", "day": 0}, {"is_overnight": false, "end": "2100", "start": "1130", "day": 1}, {"is_overnight": false, "end": "2100", "start": "1130", "day": 2}, {"is_overnight": false, "end": "2100", "start": "1130", "day": 3}, {"is_overnight": false, "end": "2200", "start": "1130", "day": 4}, {"is_overnight": false, "end": "2200", "start": "1130", "day": 5}], "hours_type": "REGULAR"}], "photos": ["https://s3-media3.fl.yelpcdn.com/bphoto/TgjOf-yu1mr6VkY_HzZ6-w/o.jpg", "https://s3-media3.fl.yelpcdn.com/bphoto/Cpf7tUiuWdUZMhh0lgkmSg/o.jpg"], "review_count": 0, "id": "mister-zees-canberra", "term": "restaurants", "url": "https://www.yelp.com/biz/mister-zees-canberra?adjust_creative=92p07_JjKyriZTQxAXRiKQ&utm_campaign=yelp_api_v3&utm_medium=api_v3_business_lookup&utm_source=92p07_JjKyriZTQxAXRiKQ", "categories": [{"title": "Middle Eastern", "alias": "mideastern"}], "image_url": "https://s3-media3.fl.yelpcdn.com/bphoto/TgjOf-yu1mr6VkY_HzZ6-w/o.jpg", "is_closed": false, "phone": "+61261520306", "location": {"address3": "", "zip_code": "2601", "address1": "122 Bunda St", "address2": "", "city": "Canberra", "state": "ACT", "country": "AU"}, "name": "Mister Zee's"}