{"id": "mocca-espresso-lounge-civic-canberra", "rating": 0.0, "coordinates": {"longitude": 149.1241608, "latitude": -35.2813683}, "is_claimed": false, "photos": [], "review_count": 0, "term": "restaurants", "url": "https://www.yelp.com/biz/mocca-espresso-lounge-civic-canberra?adjust_creative=92p07_JjKyriZTQxAXRiKQ&utm_campaign=yelp_api_v3&utm_medium=api_v3_business_lookup&utm_source=92p07_JjKyriZTQxAXRiKQ", "categories": [{"title": "Cafes", "alias": "cafes"}], "image_url": "", "is_closed": false, "phone": "+61262579900", "location": {"address3": null, "zip_code": "2601", "address1": "18 Marcus Clarke St", "address2": null, "city": "Canberra", "state": "ACT", "country": "AU"}, "name": "Mocca Espresso Lounge Civic"}