{"id": "nandos-canberra", "rating": 4.0, "coordinates": {"longitude": 149.1324158, "latitude": -35.27808}, "is_claimed": false, "photos": ["https://s3-media2.fl.yelpcdn.com/bphoto/apO5okIyXf0ZZBsBLbPqpA/o.jpg", "https://s3-media2.fl.yelpcdn.com/bphoto/c-OSi-IygwE8-5nxLo3_Vw/o.jpg"], "review_count": 1, "term": "restaurants", "url": "https://www.yelp.com/biz/nandos-canberra?adjust_creative=92p07_JjKyriZTQxAXRiKQ&utm_campaign=yelp_api_v3&utm_medium=api_v3_business_lookup&utm_source=92p07_JjKyriZTQxAXRiKQ", "categories": [{"alias": "portuguese", "title": "Portuguese"}], "location": {"address3": "", "zip_code": "2601", "address1": "88-96 Bunda St", "address2": "", "city": "Canberra", "state": "ACT", "country": "AU"}, "is_closed": false, "phone": "", "image_url": "https://s3-media3.fl.yelpcdn.com/bphoto/apO5okIyXf0ZZBsBLbPqpA/o.jpg", "name": "Nando's"}