{"id": "oishi-canberra", "rating": 4.0, "coordinates": {"longitude": 149.1330261, "latitude": -35.2786293}, "is_claimed": false, "photos": ["https://s3-media4.fl.yelpcdn.com/bphoto/pv9CY-zX82zVvx3mI_geOA/o.jpg", "https://s3-media1.fl.yelpcdn.com/bphoto/lbGuRSPRp-k5WX_B9Yk1tg/o.jpg", "https://s3-media4.fl.yelpcdn.com/bphoto/SH2Qyb9zjVNmMBY6aFtDew/o.jpg"], "review_count": 3, "term": "restaurants", "url": "https://www.yelp.com/biz/oishi-canberra?adjust_creative=92p07_JjKyriZTQxAXRiKQ&utm_campaign=yelp_api_v3&utm_medium=api_v3_business_lookup&utm_source=92p07_JjKyriZTQxAXRiKQ", "categories": [{"title": "Japanese", "alias": "japanese"}], "image_url": "https://s3-media3.fl.yelpcdn.com/bphoto/pv9CY-zX82zVvx3mI_geOA/o.jpg", "is_closed": false, "phone": "+61261622624", "location": {"address3": "", "zip_code": "2601", "address1": "G13-G14 Bunda St", "address2": "", "city": "Canberra", "state": "ACT", "country": "AU"}, "name": "Oishi"}