{"price": "$", "rating": 3.5, "coordinates": {"longitude": 149.132309, "latitude": -35.2782211}, "is_claimed": false, "photos": ["https://s3-media3.fl.yelpcdn.com/bphoto/85e5ZsEbDAvEOQeZODEjCQ/o.jpg", "https://s3-media4.fl.yelpcdn.com/bphoto/4uk8aU6L82_ZiGZY8rcJmw/o.jpg", "https://s3-media3.fl.yelpcdn.com/bphoto/RCi4OtIEG52h_5YWNaSgEQ/o.jpg"], "review_count": 7, "id": "oliver-brown-belgian-chocolate-cafe-canberra", "term": "restaurants", "url": "https://www.yelp.com/biz/oliver-brown-belgian-chocolate-cafe-canberra?adjust_creative=92p07_JjKyriZTQxAXRiKQ&utm_campaign=yelp_api_v3&utm_medium=api_v3_business_lookup&utm_source=92p07_JjKyriZTQxAXRiKQ", "categories": [{"alias": "coffee", "title": "Coffee & Tea"}, {"alias": "fondue", "title": "Fondue"}], "location": {"address3": "", "zip_code": "2601", "address1": "71 Garema Pl", "state": "ACT", "city": "Canberra", "address2": "", "country": "AU"}, "is_closed": false, "phone": "+61297482111", "image_url": "https://s3-media1.fl.yelpcdn.com/bphoto/85e5ZsEbDAvEOQeZODEjCQ/o.jpg", "name": "Oliver Brown Belgian Chocolate Cafe"}