{"price": "$$", "rating": 2.0, "coordinates": {"longitude": 149.1296082, "latitude": -35.2795029}, "is_claimed": false, "photos": ["https://s3-media3.fl.yelpcdn.com/bphoto/wHzEnFJ5EwzLxuD9Z7eRYg/o.jpg", "https://s3-media4.fl.yelpcdn.com/bphoto/SH9NWiE7SHP3Bcp6lzqmFA/o.jpg"], "review_count": 4, "id": "outback-jacks-canberra-2", "term": "restaurants", "url": "https://www.yelp.com/biz/outback-jacks-canberra-2?adjust_creative=92p07_JjKyriZTQxAXRiKQ&utm_campaign=yelp_api_v3&utm_medium=api_v3_business_lookup&utm_source=92p07_JjKyriZTQxAXRiKQ", "categories": [{"alias": "cafes", "title": "Cafes"}], "location": {"address3": "", "zip_code": "2601", "address1": "99 London Circuit", "address2": "", "city": "Canberra", "state": "ACT", "country": "AU"}, "is_closed": false, "phone": "+61262625549", "image_url": "https://s3-media2.fl.yelpcdn.com/bphoto/wHzEnFJ5EwzLxuD9Z7eRYg/o.jpg", "name": "Outback Jack's"}