{"price": "$$", "rating": 4.5, "coordinates": {"longitude": 149.128348858308, "latitude": -35.2783703256771}, "is_claimed": false, "photos": ["https://s3-media1.fl.yelpcdn.com/bphoto/Y478jXCWQdnm9wtpXjeNDA/o.jpg", "https://s3-media1.fl.yelpcdn.com/bphoto/vsExTjD2B0cTAUE6sZK77w/o.jpg"], "review_count": 4, "id": "p-j-o-reillys-canberra", "term": "restaurants", "url": "https://www.yelp.com/biz/p-j-o-reillys-canberra?adjust_creative=92p07_JjKyriZTQxAXRiKQ&utm_campaign=yelp_api_v3&utm_medium=api_v3_business_lookup&utm_source=92p07_JjKyriZTQxAXRiKQ", "categories": [{"alias": "irish", "title": "Irish"}, {"alias": "pubs", "title": "Pubs"}, {"alias": "pubfood", "title": "Pub Food"}], "location": {"address3": "", "zip_code": "2601", "address1": "44-60 West Row", "state": "ACT", "city": "Canberra", "address2": "", "country": "AU"}, "is_closed": false, "phone": "", "image_url": "https://s3-media3.fl.yelpcdn.com/bphoto/Y478jXCWQdnm9wtpXjeNDA/o.jpg", "name": "P.J. O'Reilly's"}