{"id": "pistachio-cafe-canberra", "rating": 0.0, "coordinates": {"longitude": 149.1297913, "latitude": -35.2785835}, "is_claimed": false, "photos": [], "review_count": 0, "term": "restaurants", "url": "https://www.yelp.com/biz/pistachio-cafe-canberra?adjust_creative=92p07_JjKyriZTQxAXRiKQ&utm_campaign=yelp_api_v3&utm_medium=api_v3_business_lookup&utm_source=92p07_JjKyriZTQxAXRiKQ", "categories": [{"alias": "cafes", "title": "Cafes"}], "location": {"address3": null, "zip_code": "2601", "address1": "102 Alinga St", "address2": null, "city": "Canberra", "state": "ACT", "country": "AU"}, "is_closed": false, "phone": "+61262477060", "image_url": "", "name": "Pistachio Cafe"}