{"price": "$", "rating": 4.5, "coordinates": {"longitude": 149.133654646575, "latitude": -35.2828680215215}, "is_claimed": false, "photos": ["https://s3-media2.fl.yelpcdn.com/bphoto/IukPIDK5Au1orAGueyQKcQ/o.jpg", "https://s3-media3.fl.yelpcdn.com/bphoto/bDpYeA8HEkIrW_RRHBpJ-Q/o.jpg", "https://s3-media3.fl.yelpcdn.com/bphoto/gj4vBJabRr31Jxd71V_MXQ/o.jpg"], "review_count": 2, "id": "playingfields-canberra", "term": "restaurants", "url": "https://www.yelp.com/biz/playingfields-canberra?adjust_creative=92p07_JjKyriZTQxAXRiKQ&utm_campaign=yelp_api_v3&utm_medium=api_v3_business_lookup&utm_source=92p07_JjKyriZTQxAXRiKQ", "categories": [{"alias": "cafes", "title": "Cafes"}], "location": {"address3": "", "zip_code": "2601", "address1": "33 Allara St", "state": "ACT", "city": "Canberra", "address2": "", "country": "AU"}, "is_closed": false, "phone": "", "image_url": "https://s3-media2.fl.yelpcdn.com/bphoto/IukPIDK5Au1orAGueyQKcQ/o.jpg", "name": "Playingfields"}