{"id": "remi-food-and-wine-bar-canberra", "rating": 0.0, "coordinates": {"longitude": 149.1283569, "latitude": -35.276329}, "is_claimed": false, "photos": [], "review_count": 0, "term": "restaurants", "url": "https://www.yelp.com/biz/remi-food-and-wine-bar-canberra?adjust_creative=92p07_JjKyriZTQxAXRiKQ&utm_campaign=yelp_api_v3&utm_medium=api_v3_business_lookup&utm_source=92p07_JjKyriZTQxAXRiKQ", "categories": [{"title": "Restaurants", "alias": "restaurants"}], "image_url": "", "is_closed": false, "phone": "+61262573777", "location": {"address3": null, "zip_code": "2601", "address1": "14 Moore St", "state": "ACT", "city": "Canberra", "address2": null, "country": "AU"}, "name": "Remi Food and Wine Bar"}