{"id": "roasted-bites-canberra", "rating": 0.0, "coordinates": {"longitude": 149.12644, "latitude": -35.28928}, "is_claimed": true, "hours": [{"is_open_now": true, "open": [{"is_overnight": false, "day": 0, "end": "2030", "start": "0900"}, {"is_overnight": false, "day": 1, "end": "2030", "start": "0900"}, {"is_overnight": false, "day": 2, "end": "2030", "start": "0900"}, {"is_overnight": false, "day": 3, "end": "2030", "start": "0900"}, {"is_overnight": false, "day": 4, "end": "2030", "start": "0900"}, {"is_overnight": false, "day": 5, "end": "2030", "start": "0900"}, {"is_overnight": false, "day": 6, "end": "2030", "start": "0900"}], "hours_type": "REGULAR"}], "photos": ["https://s3-media3.fl.yelpcdn.com/bphoto/pMmjphTUXHZ7L7wT4vcmmw/o.jpg"], "review_count": 0, "term": "restaurants", "url": "https://www.yelp.com/biz/roasted-bites-canberra?adjust_creative=92p07_JjKyriZTQxAXRiKQ&utm_campaign=yelp_api_v3&utm_medium=api_v3_business_lookup&utm_source=92p07_JjKyriZTQxAXRiKQ", "categories": [{"alias": "breakfast_brunch", "title": "Breakfast & Brunch"}, {"alias": "kebab", "title": "Kebab"}], "location": {"address3": "", "zip_code": "2601", "address1": "Barrine Dr", "state": "ACT", "city": "Canberra", "address2": "Acton", "country": "AU"}, "is_closed": false, "phone": "+61449026309", "image_url": "https://s3-media3.fl.yelpcdn.com/bphoto/pMmjphTUXHZ7L7wT4vcmmw/o.jpg", "name": "Roasted Bites"}