{"id": "shogun-canberra", "rating": 2.0, "coordinates": {"longitude": 149.133249, "latitude": -35.2790202}, "is_claimed": false, "photos": ["https://s3-media1.fl.yelpcdn.com/bphoto/8b7BW7dlX2ZdmR7IyP_pLQ/o.jpg"], "review_count": 2, "term": "restaurants", "url": "https://www.yelp.com/biz/shogun-canberra?adjust_creative=92p07_JjKyriZTQxAXRiKQ&utm_campaign=yelp_api_v3&utm_medium=api_v3_business_lookup&utm_source=92p07_JjKyriZTQxAXRiKQ", "categories": [{"title": "Japanese", "alias": "japanese"}], "image_url": "https://s3-media2.fl.yelpcdn.com/bphoto/8b7BW7dlX2ZdmR7IyP_pLQ/o.jpg", "is_closed": false, "phone": "+61262488888", "location": {"address3": "", "zip_code": "2601", "address1": "Bunda St", "state": "ACT", "city": "Canberra", "address2": "1st Floor Garema Ctr", "country": "AU"}, "name": "Shogun"}