{"price": "$$", "rating": 4.0, "coordinates": {"longitude": 149.133227452638, "latitude": -35.2784922687454}, "is_claimed": true, "hours": [{"is_open_now": true, "open": [{"is_overnight": false, "day": 0, "start": "1100", "end": "2200"}, {"is_overnight": false, "day": 1, "start": "1100", "end": "2200"}, {"is_overnight": false, "day": 2, "start": "1100", "end": "2200"}, {"is_overnight": false, "day": 3, "start": "1100", "end": "2200"}, {"is_overnight": false, "day": 4, "start": "1100", "end": "2200"}, {"is_overnight": false, "day": 5, "start": "1100", "end": "2200"}, {"is_overnight": false, "day": 6, "start": "1100", "end": "2200"}], "hours_type": "REGULAR"}], "photos": ["https://s3-media3.fl.yelpcdn.com/bphoto/_XgrT3eT9Mx_I1bhUPNPhg/o.jpg", "https://s3-media4.fl.yelpcdn.com/bphoto/WQgz5Su4vxoCRutYqN1UcA/o.jpg", "https://s3-media1.fl.yelpcdn.com/bphoto/fgX9MapeOAVFpL_jpWXh-w/o.jpg"], "review_count": 1, "id": "soi-noodle-bar-canberra", "term": "restaurants", "url": "https://www.yelp.com/biz/soi-noodle-bar-canberra?adjust_creative=92p07_JjKyriZTQxAXRiKQ&utm_campaign=yelp_api_v3&utm_medium=api_v3_business_lookup&utm_source=92p07_JjKyriZTQxAXRiKQ", "categories": [{"alias": "ramen", "title": "Ramen"}, {"alias": "noodles", "title": "Noodles"}, {"alias": "asianfusion", "title": "Asian Fusion"}], "location": {"address3": null, "zip_code": "2601", "address1": "Shop EG08", "state": "ACT", "city": "Canberra", "address2": "Bunda St", "country": "AU"}, "is_closed": false, "phone": "+61262470888", "image_url": "https://s3-media4.fl.yelpcdn.com/bphoto/_XgrT3eT9Mx_I1bhUPNPhg/o.jpg", "name": "Soi Noodle Bar"}