{"id": "tasting-china-canberra", "rating": 0.0, "coordinates": {"longitude": 149.13268, "latitude": -35.27847}, "is_claimed": true, "hours": [{"is_open_now": false, "open": [{"is_overnight": false, "end": "1430", "day": 0, "start": "1130"}, {"is_overnight": false, "end": "2200", "day": 0, "start": "1730"}, {"is_overnight": false, "end": "1430", "day": 1, "start": "1130"}, {"is_overnight": false, "end": "2200", "day": 1, "start": "1730"}, {"is_overnight": false, "end": "1430", "day": 2, "start": "1130"}, {"is_overnight": false, "end": "2200", "day": 2, "start": "1730"}, {"is_overnight": false, "end": "1430", "day": 3, "start": "1130"}, {"is_overnight": false, "end": "2200", "day": 3, "start": "1730"}, {"is_overnight": false, "end": "1430", "day": 4, "start": "1130"}, {"is_overnight": false, "end": "2200", "day": 4, "start": "1730"}, {"is_overnight": false, "end": "1430", "day": 5, "start": "1130"}, {"is_overnight": false, "end": "2200", "day": 5, "start": "1730"}, {"is_overnight": false, "end": "1430", "day": 6, "start": "1130"}, {"is_overnight": false, "end": "2200", "day": 6, "start": "1730"}], "hours_type": "REGULAR"}], "photos": [], "review_count": 0, "term": "restaurants", "url": "https://www.yelp.com/biz/tasting-china-canberra?adjust_creative=92p07_JjKyriZTQxAXRiKQ&utm_campaign=yelp_api_v3&utm_medium=api_v3_business_lookup&utm_source=92p07_JjKyriZTQxAXRiKQ", "categories": [{"title": "Chinese", "alias": "chinese"}], "location": {"address3": "", "zip_code": "2601", "address1": "108 Bunda St", "address2": null, "city": "Canberra", "state": "ACT", "country": "AU"}, "is_closed": false, "phone": "+61251003324", "image_url": "", "name": "Tasting China"}