{"id": "the-gods-cafe-canberra", "rating": 3.0, "coordinates": {"longitude": 149.1228638, "latitude": -35.2783813}, "is_claimed": false, "photos": [], "review_count": 1, "term": "restaurants", "url": "https://www.yelp.com/biz/the-gods-cafe-canberra?adjust_creative=92p07_JjKyriZTQxAXRiKQ&utm_campaign=yelp_api_v3&utm_medium=api_v3_business_lookup&utm_source=92p07_JjKyriZTQxAXRiKQ", "categories": [{"title": "Cafes", "alias": "cafes"}, {"title": "Sandwiches", "alias": "sandwiches"}], "image_url": "", "is_closed": false, "phone": "+61262485538", "location": {"address3": "", "zip_code": "2601", "address1": "Building 16, ANU Arts Centre", "state": "ACT", "city": "Canberra", "address2": "University Ave", "country": "AU"}, "name": "The Gods Cafe"}