{"id": "the-garden-shed-cafe-canberra", "rating": 0.0, "coordinates": {"longitude": 149.131704093062, "latitude": -35.2790167495695}, "is_claimed": false, "photos": ["https://s3-media3.fl.yelpcdn.com/bphoto/3fNs9mkcfzkp73Y5-xMq0g/o.jpg", "https://s3-media2.fl.yelpcdn.com/bphoto/eybvQK2Pi0AGfUj7aqeWpg/o.jpg", "https://s3-media4.fl.yelpcdn.com/bphoto/XoajsvzW3pUl7n4Lj9KqPg/o.jpg"], "review_count": 0, "term": "restaurants", "url": "https://www.yelp.com/biz/the-garden-shed-cafe-canberra?adjust_creative=92p07_JjKyriZTQxAXRiKQ&utm_campaign=yelp_api_v3&utm_medium=api_v3_business_lookup&utm_source=92p07_JjKyriZTQxAXRiKQ", "categories": [{"alias": "thrift_stores", "title": "Thrift Stores"}, {"alias": "cafes", "title": "Cafes"}, {"alias": "icecream", "title": "Ice Cream & Frozen Yogurt"}], "location": {"address3": null, "zip_code": "2601", "address1": "171 City Walk", "state": "ACT", "city": "Canberra", "address2": "", "country": "AU"}, "is_closed": false, "phone": "", "image_url": "https://s3-media4.fl.yelpcdn.com/bphoto/3fNs9mkcfzkp73Y5-xMq0g/o.jpg", "name": "The Garden Shed Cafe"}