{"id": "bollywood-masala-dickson", "rating": 4.0, "coordinates": {"longitude": 149.1352844, "latitude": -35.2511482}, "is_claimed": false, "photos": ["https://s3-media4.fl.yelpcdn.com/bphoto/MN7ibtJw6ErbhR1eSlyPPQ/o.jpg", "https://s3-media2.fl.yelpcdn.com/bphoto/MU1I_9sHxDsr-o3r-8t_gQ/o.jpg", "https://s3-media4.fl.yelpcdn.com/bphoto/pk3eDhWkPt2RDgrCUHZKRw/o.jpg"], "review_count": 1, "term": "restaurants", "url": "https://www.yelp.com/biz/bollywood-masala-dickson?adjust_creative=92p07_JjKyriZTQxAXRiKQ&utm_campaign=yelp_api_v3&utm_medium=api_v3_business_lookup&utm_source=92p07_JjKyriZTQxAXRiKQ", "categories": [{"title": "Restaurants", "alias": "restaurants"}], "location": {"address3": null, "zip_code": "2602", "address1": "Cnr of Cape and Challis Sts", "address2": null, "city": "Dickson", "state": "ACT", "country": "AU"}, "is_closed": false, "phone": "+61262577333", "image_url": "https://s3-media3.fl.yelpcdn.com/bphoto/MN7ibtJw6ErbhR1eSlyPPQ/o.jpg", "name": "Bollywood Masala"}