{"price": "$$$", "rating": 4.0, "coordinates": {"longitude": 149.1364136, "latitude": -35.2507896}, "is_claimed": false, "hours": [{"is_open_now": false, "open": [{"is_overnight": false, "end": "1500", "start": "1130", "day": 0}, {"is_overnight": false, "end": "2300", "start": "1700", "day": 0}, {"is_overnight": false, "end": "1500", "start": "1130", "day": 1}, {"is_overnight": false, "end": "2300", "start": "1700", "day": 1}, {"is_overnight": false, "end": "1500", "start": "1130", "day": 2}, {"is_overnight": false, "end": "2300", "start": "1700", "day": 2}, {"is_overnight": false, "end": "1500", "start": "1130", "day": 3}, {"is_overnight": false, "end": "2300", "start": "1700", "day": 3}, {"is_overnight": false, "end": "1500", "start": "1130", "day": 4}, {"is_overnight": false, "end": "2300", "start": "1700", "day": 4}, {"is_overnight": false, "end": "1500", "start": "1130", "day": 5}, {"is_overnight": false, "end": "2300", "start": "1700", "day": 5}, {"is_overnight": false, "end": "1500", "start": "1130", "day": 6}, {"is_overnight": false, "end": "2300", "start": "1700", "day": 6}], "hours_type": "REGULAR"}], "photos": ["https://s3-media1.fl.yelpcdn.com/bphoto/1G3slk0lpRe8N7B44Lcp0w/o.jpg", "https://s3-media1.fl.yelpcdn.com/bphoto/fFfFDB17OBFVCKSazYW-cg/o.jpg", "https://s3-media3.fl.yelpcdn.com/bphoto/qlwtlDyMyjYP-Y6GGmc1ow/o.jpg"], "review_count": 1, "id": "bon-kura-dickson", "term": "restaurants", "url": "https://www.yelp.com/biz/bon-kura-dickson?adjust_creative=92p07_JjKyriZTQxAXRiKQ&utm_campaign=yelp_api_v3&utm_medium=api_v3_business_lookup&utm_source=92p07_JjKyriZTQxAXRiKQ", "categories": [{"title": "Japanese", "alias": "japanese"}], "image_url": "https://s3-media2.fl.yelpcdn.com/bphoto/1G3slk0lpRe8N7B44Lcp0w/o.jpg", "is_closed": false, "phone": "+61262626669", "location": {"address3": "", "zip_code": "2602", "address1": "13 Woolley St", "address2": "", "city": "Dickson", "state": "ACT", "country": "AU"}, "name": "Bon Kura"}