{"id": "cholos-dickson", "rating": 4.0, "coordinates": {"longitude": 149.1354675, "latitude": -35.251709}, "is_claimed": false, "photos": ["https://s3-media2.fl.yelpcdn.com/bphoto/7Ni-oXnlvYoFWnBonRSKFA/o.jpg"], "review_count": 2, "term": "restaurants", "url": "https://www.yelp.com/biz/cholos-dickson?adjust_creative=92p07_JjKyriZTQxAXRiKQ&utm_campaign=yelp_api_v3&utm_medium=api_v3_business_lookup&utm_source=92p07_JjKyriZTQxAXRiKQ", "categories": [{"title": "Peruvian", "alias": "peruvian"}], "image_url": "https://s3-media4.fl.yelpcdn.com/bphoto/7Ni-oXnlvYoFWnBonRSKFA/o.jpg", "is_closed": false, "phone": "+61262488648", "location": {"address3": "", "zip_code": "2602", "address1": "Shop 68", "state": "ACT", "city": "Dickson", "address2": "12 Challis St", "country": "AU"}, "name": "Cholo's"}