{"price": "$$", "rating": 3.5, "coordinates": {"longitude": 149.136377312599, "latitude": -35.2513806199836}, "is_claimed": false, "photos": ["https://s3-media4.fl.yelpcdn.com/bphoto/Za-15sR5bUfyIWMMp6LlWQ/o.jpg", "https://s3-media2.fl.yelpcdn.com/bphoto/FNKHsp7Kf2aPc7cwiPBbEw/o.jpg", "https://s3-media2.fl.yelpcdn.com/bphoto/THU8EfQOKkqKgKOHxSmukA/o.jpg"], "review_count": 16, "id": "dickson-dumpling-house-dickson", "term": "restaurants", "url": "https://www.yelp.com/biz/dickson-dumpling-house-dickson?adjust_creative=92p07_JjKyriZTQxAXRiKQ&utm_campaign=yelp_api_v3&utm_medium=api_v3_business_lookup&utm_source=92p07_JjKyriZTQxAXRiKQ", "categories": [{"alias": "chinese", "title": "Chinese"}], "location": {"address3": null, "zip_code": "2602", "address1": "2 Cape St", "state": "ACT", "city": "Dickson", "address2": null, "country": "AU"}, "is_closed": false, "phone": "+61262488350", "image_url": "https://s3-media3.fl.yelpcdn.com/bphoto/Za-15sR5bUfyIWMMp6LlWQ/o.jpg", "name": "Dickson Dumpling House"}