{"price": "$", "rating": 5.0, "coordinates": {"longitude": 149.1382446, "latitude": -35.2502251}, "is_claimed": false, "photos": [], "review_count": 1, "id": "dickson-seafoods-dickson", "term": "restaurants", "url": "https://www.yelp.com/biz/dickson-seafoods-dickson?adjust_creative=92p07_JjKyriZTQxAXRiKQ&utm_campaign=yelp_api_v3&utm_medium=api_v3_business_lookup&utm_source=92p07_JjKyriZTQxAXRiKQ", "categories": [{"alias": "hotdogs", "title": "Fast Food"}], "location": {"address3": null, "zip_code": "2602", "address1": "7 Dickson Pl", "address2": null, "city": "Dickson", "state": "ACT", "country": "AU"}, "is_closed": false, "phone": "+61262473434", "image_url": "", "name": "Dickson Seafoods"}