{"id": "dickson-asian-noodle-house-dickson", "rating": 4.5, "coordinates": {"longitude": 149.13643, "latitude": -35.25033}, "is_claimed": false, "hours": [{"is_open_now": true, "open": [{"is_overnight": false, "day": 1, "start": "1100", "end": "2130"}, {"is_overnight": false, "day": 2, "start": "1100", "end": "2130"}, {"is_overnight": false, "day": 3, "start": "1100", "end": "2130"}, {"is_overnight": false, "day": 4, "start": "1100", "end": "2130"}, {"is_overnight": false, "day": 5, "start": "1100", "end": "2130"}, {"is_overnight": false, "day": 6, "start": "1100", "end": "2130"}], "hours_type": "REGULAR"}], "photos": ["https://s3-media1.fl.yelpcdn.com/bphoto/Jbe1PE5AX50TdIDVpDo00A/o.jpg", "https://s3-media4.fl.yelpcdn.com/bphoto/p8DjWYibfS7pDUeQCvszzA/o.jpg", "https://s3-media4.fl.yelpcdn.com/bphoto/IZ7MgFcirr3e1g7iW5piKg/o.jpg"], "review_count": 7, "price": "$", "term": "restaurants", "url": "https://www.yelp.com/biz/dickson-asian-noodle-house-dickson?adjust_creative=92p07_JjKyriZTQxAXRiKQ&utm_campaign=yelp_api_v3&utm_medium=api_v3_business_lookup&utm_source=92p07_JjKyriZTQxAXRiKQ", "categories": [{"alias": "noodles", "title": "Noodles"}], "location": {"address3": null, "zip_code": "2602", "address1": "29 Woolley St", "address2": null, "city": "Dickson", "state": "ACT", "country": "AU"}, "is_closed": false, "phone": "+61262476380", "image_url": "https://s3-media2.fl.yelpcdn.com/bphoto/Jbe1PE5AX50TdIDVpDo00A/o.jpg", "name": "Dickson Asian Noodle House"}