{"id": "four-rivers-sichuan-chinese-restaurant-dickson", "rating": 4.0, "coordinates": {"longitude": 149.1354675, "latitude": -35.251709}, "is_claimed": false, "photos": [], "review_count": 1, "term": "restaurants", "url": "https://www.yelp.com/biz/four-rivers-sichuan-chinese-restaurant-dickson?adjust_creative=92p07_JjKyriZTQxAXRiKQ&utm_campaign=yelp_api_v3&utm_medium=api_v3_business_lookup&utm_source=92p07_JjKyriZTQxAXRiKQ", "categories": [{"title": "Restaurants", "alias": "restaurants"}], "location": {"address3": null, "zip_code": "2602", "address1": "12 Challis St", "address2": null, "city": "Dickson", "state": "ACT", "country": "AU"}, "is_closed": false, "phone": "+61261620666", "image_url": "", "name": "Four Rivers Sichuan Chinese Restaurant"}