{"id": "hangari-kimchi-dickson", "rating": 4.0, "coordinates": {"longitude": 149.1363983, "latitude": -35.2505302}, "is_claimed": false, "photos": ["https://s3-media4.fl.yelpcdn.com/bphoto/vy3gi7lrpzjJkY31ncD5WQ/o.jpg"], "review_count": 1, "term": "restaurants", "url": "https://www.yelp.com/biz/hangari-kimchi-dickson?adjust_creative=92p07_JjKyriZTQxAXRiKQ&utm_campaign=yelp_api_v3&utm_medium=api_v3_business_lookup&utm_source=92p07_JjKyriZTQxAXRiKQ", "categories": [{"alias": "restaurants", "title": "Restaurants"}], "location": {"address3": null, "zip_code": "2602", "address1": "19 Woolley St", "address2": null, "city": "Dickson", "state": "ACT", "country": "AU"}, "is_closed": false, "phone": "+61262487705", "image_url": "https://s3-media4.fl.yelpcdn.com/bphoto/vy3gi7lrpzjJkY31ncD5WQ/o.jpg", "name": "Hangari Kimchi"}