{"id": "jimmys-place-dickson", "rating": 3.5, "coordinates": {"longitude": 149.1363678, "latitude": -35.2507095}, "is_claimed": false, "photos": ["https://s3-media4.fl.yelpcdn.com/bphoto/qzvYPNoua3w_f3YI4Vs8hQ/o.jpg", "https://s3-media4.fl.yelpcdn.com/bphoto/_GOO3aDIRsW9Hy5xgy8Zsg/o.jpg", "https://s3-media3.fl.yelpcdn.com/bphoto/eYoTffAMTilK8zf3We17RQ/o.jpg"], "review_count": 4, "price": "$$", "term": "restaurants", "url": "https://www.yelp.com/biz/jimmys-place-dickson?adjust_creative=92p07_JjKyriZTQxAXRiKQ&utm_campaign=yelp_api_v3&utm_medium=api_v3_business_lookup&utm_source=92p07_JjKyriZTQxAXRiKQ", "categories": [{"alias": "restaurants", "title": "Restaurants"}], "location": {"address3": null, "zip_code": "2602", "address1": "13-15 Woolley St", "address2": null, "city": "Dickson", "state": "ACT", "country": "AU"}, "is_closed": false, "phone": "+61262488188", "image_url": "https://s3-media4.fl.yelpcdn.com/bphoto/qzvYPNoua3w_f3YI4Vs8hQ/o.jpg", "name": "Jimmy's Place"}