{"id": "kennys-best-noodle-house-dickson", "rating": 4.0, "coordinates": {"longitude": 149.1363983, "latitude": -35.2505302}, "is_claimed": false, "photos": ["https://s3-media2.fl.yelpcdn.com/bphoto/osa80n0mSsMwrg_R0-tP4A/o.jpg", "https://s3-media4.fl.yelpcdn.com/bphoto/c30xMf0N_K6cTNZ0RliAOQ/o.jpg", "https://s3-media4.fl.yelpcdn.com/bphoto/MgfCmQCCsI6QI0_ZpSIONA/o.jpg"], "review_count": 1, "term": "restaurants", "url": "https://www.yelp.com/biz/kennys-best-noodle-house-dickson?adjust_creative=92p07_JjKyriZTQxAXRiKQ&utm_campaign=yelp_api_v3&utm_medium=api_v3_business_lookup&utm_source=92p07_JjKyriZTQxAXRiKQ", "categories": [{"alias": "noodles", "title": "Noodles"}], "location": {"address3": null, "zip_code": "2602", "address1": "19 Woolley St", "address2": null, "city": "Dickson", "state": "ACT", "country": "AU"}, "is_closed": false, "phone": "+61262489899", "image_url": "https://s3-media1.fl.yelpcdn.com/bphoto/osa80n0mSsMwrg_R0-tP4A/o.jpg", "name": "Kenny's Best Noodle House"}