{"id": "noodle-choice-dickson", "rating": 5.0, "coordinates": {"longitude": 149.1373749, "latitude": -35.2483482}, "is_claimed": false, "photos": [], "review_count": 2, "term": "restaurants", "url": "https://www.yelp.com/biz/noodle-choice-dickson?adjust_creative=92p07_JjKyriZTQxAXRiKQ&utm_campaign=yelp_api_v3&utm_medium=api_v3_business_lookup&utm_source=92p07_JjKyriZTQxAXRiKQ", "categories": [{"title": "Noodles", "alias": "noodles"}], "image_url": "", "is_closed": false, "phone": "+61262626887", "location": {"address3": "", "zip_code": "2602", "address1": "34 Antill St", "address2": "", "city": "Dickson", "state": "ACT", "country": "AU"}, "name": "Noodle Choice"}