{"price": "$$", "rating": 3.5, "coordinates": {"longitude": 149.1365509, "latitude": -35.2514381}, "is_claimed": false, "photos": ["https://s3-media2.fl.yelpcdn.com/bphoto/1qw-lVmmPRRz7LNnlwOC1Q/o.jpg", "https://s3-media2.fl.yelpcdn.com/bphoto/be1R4ofYWG5jTI9uTRiTaQ/o.jpg", "https://s3-media3.fl.yelpcdn.com/bphoto/eZ_OTsw5xYuxhd_ZiN3oYw/o.jpg"], "review_count": 4, "id": "pho-phu-quoc-vietnamese-restaurant-dickson-2", "term": "restaurants", "url": "https://www.yelp.com/biz/pho-phu-quoc-vietnamese-restaurant-dickson-2?adjust_creative=92p07_JjKyriZTQxAXRiKQ&utm_campaign=yelp_api_v3&utm_medium=api_v3_business_lookup&utm_source=92p07_JjKyriZTQxAXRiKQ", "categories": [{"alias": "restaurants", "title": "Restaurants"}], "location": {"address3": null, "zip_code": "2602", "address1": "4/ 6 Cape St", "state": "ACT", "city": "Dickson", "address2": null, "country": "AU"}, "is_closed": false, "phone": "+61262496662", "image_url": "https://s3-media3.fl.yelpcdn.com/bphoto/1qw-lVmmPRRz7LNnlwOC1Q/o.jpg", "name": "Pho Phu Quoc Vietnamese Restaurant"}