{"id": "plaka-dickson", "rating": 0.0, "coordinates": {"longitude": 149.136579371284, "latitude": -35.2497336095411}, "is_claimed": false, "hours": [{"is_open_now": false, "open": [{"is_overnight": false, "day": 1, "start": "1800", "end": "2200"}, {"is_overnight": false, "day": 2, "start": "1800", "end": "2200"}, {"is_overnight": false, "day": 3, "start": "1800", "end": "2200"}, {"is_overnight": false, "day": 4, "start": "1800", "end": "2200"}, {"is_overnight": false, "day": 5, "start": "1800", "end": "2200"}, {"is_overnight": false, "day": 6, "start": "1800", "end": "2200"}], "hours_type": "REGULAR"}], "photos": ["https://s3-media2.fl.yelpcdn.com/bphoto/fCVXu8d6g7TIlXqdq4XMEg/o.jpg", "https://s3-media2.fl.yelpcdn.com/bphoto/NJXB8Sdt4pE3GWoCzuefHw/o.jpg"], "review_count": 0, "term": "restaurants", "url": "https://www.yelp.com/biz/plaka-dickson?adjust_creative=92p07_JjKyriZTQxAXRiKQ&utm_campaign=yelp_api_v3&utm_medium=api_v3_business_lookup&utm_source=92p07_JjKyriZTQxAXRiKQ", "categories": [{"alias": "greek", "title": "Greek"}], "location": {"address3": "", "zip_code": "2602", "address1": "55 Woolley St", "state": "ACT", "city": "Dickson", "address2": "", "country": "AU"}, "is_closed": false, "phone": "+61262498880", "image_url": "https://s3-media1.fl.yelpcdn.com/bphoto/fCVXu8d6g7TIlXqdq4XMEg/o.jpg", "name": "Plaka"}