{"id": "ruby-chinese-restaurant-dickson", "rating": 3.0, "coordinates": {"longitude": 149.1368256, "latitude": -35.2502556}, "is_claimed": false, "photos": ["https://s3-media2.fl.yelpcdn.com/bphoto/iu_qeeXBfgVrGYXxd_j21w/o.jpg"], "review_count": 1, "term": "restaurants", "url": "https://www.yelp.com/biz/ruby-chinese-restaurant-dickson?adjust_creative=92p07_JjKyriZTQxAXRiKQ&utm_campaign=yelp_api_v3&utm_medium=api_v3_business_lookup&utm_source=92p07_JjKyriZTQxAXRiKQ", "categories": [{"title": "Fast Food", "alias": "hotdogs"}], "image_url": "https://s3-media3.fl.yelpcdn.com/bphoto/iu_qeeXBfgVrGYXxd_j21w/o.jpg", "is_closed": false, "phone": "+61262498849", "location": {"address3": null, "zip_code": "2602", "address1": "18 Woolley St", "state": "ACT", "city": "Dickson", "address2": null, "country": "AU"}, "name": "Ruby Chinese Restaurant"}