{"id": "suburban-dickson", "rating": 4.0, "coordinates": {"longitude": 149.136322, "latitude": -35.2509918}, "is_claimed": false, "photos": ["https://s3-media2.fl.yelpcdn.com/bphoto/3Ii7Yy8Jv5FNn-W23UU4XA/o.jpg", "https://s3-media3.fl.yelpcdn.com/bphoto/TEenWycsvwPWpcsgpnjAfQ/o.jpg", "https://s3-media2.fl.yelpcdn.com/bphoto/NQgoePeCCr6xXATMtrdNjA/o.jpg"], "review_count": 2, "term": "restaurants", "url": "https://www.yelp.com/biz/suburban-dickson?adjust_creative=92p07_JjKyriZTQxAXRiKQ&utm_campaign=yelp_api_v3&utm_medium=api_v3_business_lookup&utm_source=92p07_JjKyriZTQxAXRiKQ", "categories": [{"alias": "restaurants", "title": "Restaurants"}], "location": {"address3": null, "zip_code": "2602", "address1": "1 Woolley St", "address2": null, "city": "Dickson", "state": "ACT", "country": "AU"}, "is_closed": false, "phone": "+61261620930", "image_url": "https://s3-media2.fl.yelpcdn.com/bphoto/3Ii7Yy8Jv5FNn-W23UU4XA/o.jpg", "name": "Suburban"}