{"id": "taj-agra-indian-and-pakistani-restaurant-dickson", "rating": 3.5, "coordinates": {"longitude": 149.1364594, "latitude": -35.2501297}, "is_claimed": false, "photos": ["https://s3-media1.fl.yelpcdn.com/bphoto/4DRNEuONk1FlMOb7Af3BYA/o.jpg", "https://s3-media4.fl.yelpcdn.com/bphoto/0tg3p5KHdsriciuSNfjgkw/o.jpg", "https://s3-media3.fl.yelpcdn.com/bphoto/DB-YVuwVOO7AGi8aVeLWdQ/o.jpg"], "review_count": 3, "term": "restaurants", "url": "https://www.yelp.com/biz/taj-agra-indian-and-pakistani-restaurant-dickson?adjust_creative=92p07_JjKyriZTQxAXRiKQ&utm_campaign=yelp_api_v3&utm_medium=api_v3_business_lookup&utm_source=92p07_JjKyriZTQxAXRiKQ", "categories": [{"title": "Restaurants", "alias": "restaurants"}], "location": {"address3": null, "zip_code": "2602", "address1": "35 Woolley St", "address2": null, "city": "Dickson", "state": "ACT", "country": "AU"}, "is_closed": false, "phone": "+61262496633", "image_url": "https://s3-media1.fl.yelpcdn.com/bphoto/4DRNEuONk1FlMOb7Af3BYA/o.jpg", "name": "Taj Agra Indian & Pakistani Restaurant"}