{"id": "tak-kee-roast-inn-dickson", "rating": 4.0, "coordinates": {"longitude": 149.1367493, "latitude": -35.2507095}, "is_claimed": false, "photos": ["https://s3-media3.fl.yelpcdn.com/bphoto/jF3LIE7vWp_cwYMPGS4SFQ/o.jpg", "https://s3-media1.fl.yelpcdn.com/bphoto/BLBq08V72gf3Ll0_AtXq4Q/o.jpg"], "review_count": 1, "term": "restaurants", "url": "https://www.yelp.com/biz/tak-kee-roast-inn-dickson?adjust_creative=92p07_JjKyriZTQxAXRiKQ&utm_campaign=yelp_api_v3&utm_medium=api_v3_business_lookup&utm_source=92p07_JjKyriZTQxAXRiKQ", "categories": [{"alias": "restaurants", "title": "Restaurants"}], "location": {"address3": null, "zip_code": "2602", "address1": "10 Woolley St", "state": "ACT", "city": "Dickson", "address2": null, "country": "AU"}, "is_closed": false, "phone": "+61262574939", "image_url": "https://s3-media1.fl.yelpcdn.com/bphoto/jF3LIE7vWp_cwYMPGS4SFQ/o.jpg", "name": "Tak Kee Roast Inn"}