{"id": "australian-wildlife-deakin", "rating": 0.0, "coordinates": {"longitude": 149.1101074, "latitude": -35.3178482}, "is_claimed": false, "photos": [], "review_count": 0, "term": "hotels", "url": "https://www.yelp.com/biz/australian-wildlife-deakin?adjust_creative=92p07_JjKyriZTQxAXRiKQ&utm_campaign=yelp_api_v3&utm_medium=api_v3_business_lookup&utm_source=92p07_JjKyriZTQxAXRiKQ", "categories": [{"alias": "travelservices", "title": "Travel Services"}], "location": {"address3": null, "zip_code": "2600", "address1": "51 Stonehaven Crs", "address2": null, "city": "Deakin", "state": "ACT", "country": "AU"}, "is_closed": false, "phone": "+61262812160", "image_url": "", "name": "Australian Wildlife"}