{"id": "cls-capital-link-services-deakin", "rating": 0.0, "coordinates": {"longitude": 149.0978241, "latitude": -35.3157692}, "is_claimed": false, "photos": [], "review_count": 0, "term": "hotels", "url": "https://www.yelp.com/biz/cls-capital-link-services-deakin?adjust_creative=92p07_JjKyriZTQxAXRiKQ&utm_campaign=yelp_api_v3&utm_medium=api_v3_business_lookup&utm_source=92p07_JjKyriZTQxAXRiKQ", "categories": [{"title": "Travel Services", "alias": "travelservices"}], "image_url": "", "is_closed": false, "phone": "+61262827155", "location": {"address3": null, "zip_code": "2600", "address1": "Suite 2", "state": "ACT", "city": "Deakin", "address2": "46 Geils Court", "country": "AU"}, "name": "CLS Capital Link Services"}