{"id": "royal-australian-mint-deakin", "rating": 5.0, "coordinates": {"longitude": 149.0940094, "latitude": -35.319809}, "is_claimed": false, "photos": ["https://s3-media2.fl.yelpcdn.com/bphoto/AWE_7zzdUSAixXc2B8zr4w/o.jpg", "https://s3-media3.fl.yelpcdn.com/bphoto/SNegAhtifbtSAH-Gg6uN-g/o.jpg", "https://s3-media3.fl.yelpcdn.com/bphoto/ufayvMCJ0esi2vW4IQQlfw/o.jpg"], "review_count": 1, "term": "hotels", "url": "https://www.yelp.com/biz/royal-australian-mint-deakin?adjust_creative=92p07_JjKyriZTQxAXRiKQ&utm_campaign=yelp_api_v3&utm_medium=api_v3_business_lookup&utm_source=92p07_JjKyriZTQxAXRiKQ", "categories": [{"alias": "travelservices", "title": "Travel Services"}], "location": {"address3": null, "zip_code": "2600", "address1": "Denison St", "address2": null, "city": "Deakin", "state": "ACT", "country": "AU"}, "is_closed": false, "phone": "+61262026999", "image_url": "https://s3-media4.fl.yelpcdn.com/bphoto/AWE_7zzdUSAixXc2B8zr4w/o.jpg", "name": "Royal Australian Mint"}