{"id": "mirchi-indian-cuisine-ngunnawal", "rating": 4.0, "coordinates": {"longitude": 149.1196289, "latitude": -35.1747017}, "is_claimed": true, "hours": [{"is_open_now": false, "open": [{"is_overnight": false, "day": 0, "start": "1730", "end": "2200"}, {"is_overnight": false, "day": 1, "start": "1730", "end": "2200"}, {"is_overnight": false, "day": 2, "start": "1730", "end": "2200"}, {"is_overnight": false, "day": 3, "start": "1730", "end": "2200"}, {"is_overnight": false, "day": 4, "start": "1730", "end": "2200"}, {"is_overnight": false, "day": 5, "start": "1730", "end": "2200"}, {"is_overnight": false, "day": 6, "start": "1730", "end": "2200"}], "hours_type": "REGULAR"}], "photos": [], "review_count": 3, "price": "$$$", "term": "restaurants", "url": "https://www.yelp.com/biz/mirchi-indian-cuisine-ngunnawal?adjust_creative=92p07_JjKyriZTQxAXRiKQ&utm_campaign=yelp_api_v3&utm_medium=api_v3_business_lookup&utm_source=92p07_JjKyriZTQxAXRiKQ", "categories": [{"alias": "indpak", "title": "Indian"}], "location": {"address3": null, "zip_code": "2913", "address1": "4 Riley Cl", "address2": null, "city": "Ngunnawal", "state": "ACT", "country": "AU"}, "is_closed": false, "phone": "+61262410011", "image_url": "", "name": "Mirchi Indian Cuisine"}