{"id": "cookery-nook-food-bar-hawker", "rating": 4.5, "coordinates": {"longitude": 149.0432739, "latitude": -35.2433891}, "is_claimed": false, "photos": ["https://s3-media2.fl.yelpcdn.com/bphoto/bWd4Jgy-RCeAhje-2NVktg/o.jpg", "https://s3-media3.fl.yelpcdn.com/bphoto/LOFV8dPMD3O6Z1nM2aoSPg/o.jpg"], "review_count": 2, "term": "restaurants", "url": "https://www.yelp.com/biz/cookery-nook-food-bar-hawker?adjust_creative=92p07_JjKyriZTQxAXRiKQ&utm_campaign=yelp_api_v3&utm_medium=api_v3_business_lookup&utm_source=92p07_JjKyriZTQxAXRiKQ", "categories": [{"alias": "hotdogs", "title": "Fast Food"}], "location": {"address3": null, "zip_code": "2614", "address1": "78 Hawker Pl", "state": "ACT", "city": "Hawker", "address2": null, "country": "AU"}, "is_closed": false, "phone": "+61262548278", "image_url": "https://s3-media4.fl.yelpcdn.com/bphoto/bWd4Jgy-RCeAhje-2NVktg/o.jpg", "name": "Cookery Nook Food Bar"}