{"id": "rocksalt-hawker", "rating": 5.0, "coordinates": {"longitude": 149.0444489, "latitude": -35.2431297}, "is_claimed": false, "photos": [], "review_count": 1, "term": "restaurants", "url": "https://www.yelp.com/biz/rocksalt-hawker?adjust_creative=92p07_JjKyriZTQxAXRiKQ&utm_campaign=yelp_api_v3&utm_medium=api_v3_business_lookup&utm_source=92p07_JjKyriZTQxAXRiKQ", "categories": [{"alias": "restaurants", "title": "Restaurants"}], "location": {"address3": null, "zip_code": "2614", "address1": "Hawker Shopng Cntr", "address2": null, "city": "Hawker", "state": "ACT", "country": "AU"}, "is_closed": false, "phone": "+61262547865", "image_url": "", "name": "Rocksalt"}