{"id": "canberra-city-motor-inn-manuka", "rating": 0.0, "coordinates": {"longitude": 149.1367645, "latitude": -35.3180885}, "is_claimed": false, "photos": [], "review_count": 0, "term": "hotels", "url": "https://www.yelp.com/biz/canberra-city-motor-inn-manuka?adjust_creative=92p07_JjKyriZTQxAXRiKQ&utm_campaign=yelp_api_v3&utm_medium=api_v3_business_lookup&utm_source=92p07_JjKyriZTQxAXRiKQ", "categories": [{"title": "Hotels", "alias": "hotels"}], "image_url": "", "is_closed": false, "phone": "+61262952711", "location": {"address3": null, "zip_code": "2603", "address1": "107 Canberra Ave", "state": "ACT", "city": "Manuka", "address2": null, "country": "AU"}, "name": "Canberra City Motor Inn"}