{"id": "capital-travel-manuka-manuka-2", "rating": 0.0, "coordinates": {"longitude": 149.1319733, "latitude": -35.3209381}, "is_claimed": false, "photos": ["https://s3-media3.fl.yelpcdn.com/bphoto/0ROtr2ZPAGbo1wDE5exB9A/o.jpg"], "review_count": 0, "term": "hotels", "url": "https://www.yelp.com/biz/capital-travel-manuka-manuka-2?adjust_creative=92p07_JjKyriZTQxAXRiKQ&utm_campaign=yelp_api_v3&utm_medium=api_v3_business_lookup&utm_source=92p07_JjKyriZTQxAXRiKQ", "categories": [{"alias": "travelservices", "title": "Travel Services"}], "location": {"address3": null, "zip_code": "2603", "address1": "24 Bougainville St", "address2": null, "city": "Manuka", "state": "ACT", "country": "AU"}, "is_closed": false, "phone": "+61262952733", "image_url": "https://s3-media4.fl.yelpcdn.com/bphoto/0ROtr2ZPAGbo1wDE5exB9A/o.jpg", "name": "Capital Travel Manuka"}