{"id": "cruiseabout-manuka", "rating": 0.0, "coordinates": {"longitude": 149.1302948, "latitude": -35.3188286}, "is_claimed": false, "photos": [], "review_count": 0, "term": "hotels", "url": "https://www.yelp.com/biz/cruiseabout-manuka?adjust_creative=92p07_JjKyriZTQxAXRiKQ&utm_campaign=yelp_api_v3&utm_medium=api_v3_business_lookup&utm_source=92p07_JjKyriZTQxAXRiKQ", "categories": [{"title": "Travel Services", "alias": "travelservices"}], "image_url": "", "is_closed": false, "phone": "+611300363428", "location": {"address3": null, "zip_code": "2603", "address1": "Bougainville St", "state": "ACT", "city": "Manuka", "address2": null, "country": "AU"}, "name": "Cruiseabout"}