{"id": "flight-manuka", "rating": 0.0, "coordinates": {"longitude": 149.1334534, "latitude": -35.3203812}, "is_claimed": false, "photos": [], "review_count": 0, "term": "hotels", "url": "https://www.yelp.com/biz/flight-manuka?adjust_creative=92p07_JjKyriZTQxAXRiKQ&utm_campaign=yelp_api_v3&utm_medium=api_v3_business_lookup&utm_source=92p07_JjKyriZTQxAXRiKQ", "categories": [{"title": "Travel Services", "alias": "travelservices"}], "image_url": "", "is_closed": false, "phone": "+61131866", "location": {"address3": null, "zip_code": "2603", "address1": "3 Flinders Way", "address2": null, "city": "Manuka", "state": "ACT", "country": "AU"}, "name": "Flight"}