{"id": "pagonis-and-james-travel-associates-manuka", "rating": 0.0, "coordinates": {"longitude": 149.1315155, "latitude": -35.3205605}, "is_claimed": false, "photos": [], "review_count": 0, "term": "hotels", "url": "https://www.yelp.com/biz/pagonis-and-james-travel-associates-manuka?adjust_creative=92p07_JjKyriZTQxAXRiKQ&utm_campaign=yelp_api_v3&utm_medium=api_v3_business_lookup&utm_source=92p07_JjKyriZTQxAXRiKQ", "categories": [{"title": "Travel Services", "alias": "travelservices"}], "image_url": "", "is_closed": false, "phone": "+611800739288", "location": {"address3": null, "zip_code": "2603", "address1": "Level 1, Unit 2, 32 Bougainville St", "state": "ACT", "city": "Manuka", "address2": null, "country": "AU"}, "name": "Pagonis & James Travel Associates"}