{"id": "hills-transport-canberra-hume", "rating": 0.0, "coordinates": {"longitude": 149.1747131, "latitude": -35.3883858}, "is_claimed": false, "photos": [], "review_count": 0, "term": "hotels", "url": "https://www.yelp.com/biz/hills-transport-canberra-hume?adjust_creative=92p07_JjKyriZTQxAXRiKQ&utm_campaign=yelp_api_v3&utm_medium=api_v3_business_lookup&utm_source=92p07_JjKyriZTQxAXRiKQ", "categories": [{"alias": "transport", "title": "Transportation"}], "location": {"address3": null, "zip_code": "2620", "address1": "15 Arnott St", "state": "ACT", "city": "Hume", "address2": null, "country": "AU"}, "is_closed": false, "phone": "+61262066700", "image_url": "", "name": "Hills Transport Canberra"}