{"id": "j-r-global-logistics-hume", "rating": 0.0, "coordinates": {"longitude": 149.1660156, "latitude": -35.3936615}, "is_claimed": false, "photos": [], "review_count": 0, "term": "hotels", "url": "https://www.yelp.com/biz/j-r-global-logistics-hume?adjust_creative=92p07_JjKyriZTQxAXRiKQ&utm_campaign=yelp_api_v3&utm_medium=api_v3_business_lookup&utm_source=92p07_JjKyriZTQxAXRiKQ", "categories": [{"alias": "transport", "title": "Transportation"}], "location": {"address3": null, "zip_code": "2620", "address1": "53 Raws Crs", "state": "ACT", "city": "Hume", "address2": null, "country": "AU"}, "is_closed": false, "phone": "+61262601002", "image_url": "", "name": "J R Global Logistics"}