{"id": "john-iannelli-refrigerated-and-general-transport-hume", "rating": 0.0, "coordinates": {"longitude": 149.1690979, "latitude": -35.3924103}, "is_claimed": false, "photos": [], "review_count": 0, "term": "hotels", "url": "https://www.yelp.com/biz/john-iannelli-refrigerated-and-general-transport-hume?adjust_creative=92p07_JjKyriZTQxAXRiKQ&utm_campaign=yelp_api_v3&utm_medium=api_v3_business_lookup&utm_source=92p07_JjKyriZTQxAXRiKQ", "categories": [{"alias": "transport", "title": "Transportation"}], "location": {"address3": null, "zip_code": "2620", "address1": "16-18 Raws Crs", "state": "ACT", "city": "Hume", "address2": null, "country": "AU"}, "is_closed": false, "phone": "+61262601900", "image_url": "", "name": "John Iannelli Refrigerated & General Transport"}