{"id": "marfel-transport-hume", "rating": 0.0, "coordinates": {"longitude": 149.1745605, "latitude": -35.3877754}, "is_claimed": false, "photos": [], "review_count": 0, "term": "hotels", "url": "https://www.yelp.com/biz/marfel-transport-hume?adjust_creative=92p07_JjKyriZTQxAXRiKQ&utm_campaign=yelp_api_v3&utm_medium=api_v3_business_lookup&utm_source=92p07_JjKyriZTQxAXRiKQ", "categories": [{"alias": "transport", "title": "Transportation"}], "location": {"address3": null, "zip_code": "2620", "address1": "13 Arnott St", "address2": null, "city": "Hume", "state": "ACT", "country": "AU"}, "is_closed": false, "phone": "+61262601530", "image_url": "", "name": "Marfel Transport"}