{"id": "region-refrigerated-transport-hume", "rating": 0.0, "coordinates": {"longitude": 149.157608, "latitude": -35.3957787}, "is_claimed": false, "photos": [], "review_count": 0, "term": "hotels", "url": "https://www.yelp.com/biz/region-refrigerated-transport-hume?adjust_creative=92p07_JjKyriZTQxAXRiKQ&utm_campaign=yelp_api_v3&utm_medium=api_v3_business_lookup&utm_source=92p07_JjKyriZTQxAXRiKQ", "categories": [{"alias": "transport", "title": "Transportation"}], "location": {"address3": null, "zip_code": "2620", "address1": "24 Tralee St", "address2": null, "city": "Hume", "state": "ACT", "country": "AU"}, "is_closed": false, "phone": "+61262602600", "image_url": "", "name": "Region Refrigerated Transport"}