{"id": "southern-sullage-holder", "rating": 0.0, "coordinates": {"longitude": 149.0415955, "latitude": -35.3311996}, "is_claimed": false, "photos": [], "review_count": 0, "term": "hotels", "url": "https://www.yelp.com/biz/southern-sullage-holder?adjust_creative=92p07_JjKyriZTQxAXRiKQ&utm_campaign=yelp_api_v3&utm_medium=api_v3_business_lookup&utm_source=92p07_JjKyriZTQxAXRiKQ", "categories": [{"alias": "transport", "title": "Transportation"}], "location": {"address3": null, "zip_code": "2611", "address1": "7 Cardew Crs", "address2": null, "city": "Holder", "state": "ACT", "country": "AU"}, "is_closed": false, "phone": "+61262888017", "image_url": "", "name": "Southern Sullage"}