{"id": "avis-car-rentals-braddon", "rating": 0.0, "coordinates": {"longitude": 149.1325073, "latitude": -35.2736092}, "is_claimed": false, "photos": [], "review_count": 0, "term": "hotels", "url": "https://www.yelp.com/biz/avis-car-rentals-braddon?adjust_creative=92p07_JjKyriZTQxAXRiKQ&utm_campaign=yelp_api_v3&utm_medium=api_v3_business_lookup&utm_source=92p07_JjKyriZTQxAXRiKQ", "categories": [{"title": "Car Rental", "alias": "carrental"}], "image_url": "", "is_closed": false, "phone": "+61262193000", "location": {"address3": null, "zip_code": "2612", "address1": "17 Lonsdale St", "address2": null, "city": "Braddon", "state": "ACT", "country": "AU"}, "name": "Avis Car Rentals"}