{"id": "bus-industry-confederation-of-braddon", "rating": 0.0, "coordinates": {"longitude": 149.1326752, "latitude": -35.2752304}, "is_claimed": false, "photos": [], "review_count": 0, "term": "hotels", "url": "https://www.yelp.com/biz/bus-industry-confederation-of-braddon?adjust_creative=92p07_JjKyriZTQxAXRiKQ&utm_campaign=yelp_api_v3&utm_medium=api_v3_business_lookup&utm_source=92p07_JjKyriZTQxAXRiKQ", "categories": [{"alias": "transport", "title": "Transportation"}], "location": {"address3": null, "zip_code": "2612", "address1": "6 Lonsdale", "state": "ACT", "city": "Braddon", "address2": null, "country": "AU"}, "is_closed": false, "phone": "+61262475990", "image_url": "", "name": "Bus Industry Confederation Of"}