{"id": "canberra-rex-hotel-braddon", "rating": 0.0, "coordinates": {"longitude": 149.1314392, "latitude": -35.2672501}, "is_claimed": false, "photos": ["https://s3-media4.fl.yelpcdn.com/bphoto/B0OPlmyiIXppoSOLo4qRVA/o.jpg", "https://s3-media4.fl.yelpcdn.com/bphoto/dMF0gqWW4ziEs0Lvk4hpaQ/o.jpg", "https://s3-media1.fl.yelpcdn.com/bphoto/xVz8KYyJW0__niV-zxzu6A/o.jpg"], "review_count": 0, "term": "hotels", "url": "https://www.yelp.com/biz/canberra-rex-hotel-braddon?adjust_creative=92p07_JjKyriZTQxAXRiKQ&utm_campaign=yelp_api_v3&utm_medium=api_v3_business_lookup&utm_source=92p07_JjKyriZTQxAXRiKQ", "categories": [{"alias": "venues", "title": "Venues & Event Spaces"}], "location": {"address3": null, "zip_code": "2612", "address1": "150 Northbourne Ave", "state": "ACT", "city": "Braddon", "address2": null, "country": "AU"}, "is_closed": false, "phone": "+61262485311", "image_url": "https://s3-media4.fl.yelpcdn.com/bphoto/B0OPlmyiIXppoSOLo4qRVA/o.jpg", "name": "Canberra Rex Hotel"}