{"id": "spicy-ginger-cafe-city", "rating": 3.5, "coordinates": {"longitude": 149.1248016, "latitude": -35.2776794}, "is_claimed": false, "photos": [], "review_count": 2, "term": "restaurants", "url": "https://www.yelp.com/biz/spicy-ginger-cafe-city?adjust_creative=92p07_JjKyriZTQxAXRiKQ&utm_campaign=yelp_api_v3&utm_medium=api_v3_business_lookup&utm_source=92p07_JjKyriZTQxAXRiKQ", "categories": [{"title": "Cafes", "alias": "cafes"}], "location": {"address3": null, "zip_code": "2601", "address1": "25 Childers St", "address2": null, "city": "City", "state": "ACT", "country": "AU"}, "is_closed": false, "phone": "+61261621705", "image_url": "", "name": "Spicy Ginger Cafe"}