{"id": "national-tours-and-charter-evatt", "rating": 0.0, "coordinates": {"longitude": 149.0627747, "latitude": -35.2138596}, "is_claimed": false, "photos": [], "review_count": 0, "term": "hotels", "url": "https://www.yelp.com/biz/national-tours-and-charter-evatt?adjust_creative=92p07_JjKyriZTQxAXRiKQ&utm_campaign=yelp_api_v3&utm_medium=api_v3_business_lookup&utm_source=92p07_JjKyriZTQxAXRiKQ", "categories": [{"alias": "tours", "title": "Tours"}], "location": {"address3": null, "zip_code": "2617", "address1": "12 Montagu Pl", "address2": null, "city": "Evatt", "state": "ACT", "country": "AU"}, "is_closed": false, "phone": "+61262591166", "image_url": "", "name": "National Tours & Charter"}