{"id": "crowne-chauffeurs-canberra-belconnen", "rating": 0.0, "coordinates": {"longitude": 149.06345, "latitude": -35.23945}, "is_claimed": false, "photos": [], "review_count": 0, "term": "hotels", "url": "https://www.yelp.com/biz/crowne-chauffeurs-canberra-belconnen?adjust_creative=92p07_JjKyriZTQxAXRiKQ&utm_campaign=yelp_api_v3&utm_medium=api_v3_business_lookup&utm_source=92p07_JjKyriZTQxAXRiKQ", "categories": [{"title": "Limos", "alias": "limos"}, {"title": "Airport Shuttles", "alias": "airport_shuttles"}], "location": {"address3": null, "zip_code": "2617", "address1": "", "address2": null, "city": "Belconnen", "state": "ACT", "country": "AU"}, "is_closed": false, "phone": "+61262392227", "image_url": "", "name": "Crowne Chauffeurs Canberra"}