{"id": "escape-travel-belconnen-belconnen", "rating": 0.0, "coordinates": {"longitude": 149.0657959, "latitude": -35.2472305}, "is_claimed": false, "photos": [], "review_count": 0, "term": "hotels", "url": "https://www.yelp.com/biz/escape-travel-belconnen-belconnen?adjust_creative=92p07_JjKyriZTQxAXRiKQ&utm_campaign=yelp_api_v3&utm_medium=api_v3_business_lookup&utm_source=92p07_JjKyriZTQxAXRiKQ", "categories": [{"alias": "travelservices", "title": "Travel Services"}], "location": {"address3": null, "zip_code": "2617", "address1": "Shop 144 Westfield Belconnen", "address2": null, "city": "Belconnen", "state": "ACT", "country": "AU"}, "is_closed": false, "phone": "+1300845814", "image_url": "", "name": "Escape Travel Belconnen"}