{"id": "flight-centre-belconnen", "rating": 0.0, "coordinates": {"longitude": 149.0671844, "latitude": -35.2458115}, "is_claimed": false, "photos": [], "review_count": 0, "term": "hotels", "url": "https://www.yelp.com/biz/flight-centre-belconnen?adjust_creative=92p07_JjKyriZTQxAXRiKQ&utm_campaign=yelp_api_v3&utm_medium=api_v3_business_lookup&utm_source=92p07_JjKyriZTQxAXRiKQ", "categories": [{"title": "Travel Services", "alias": "travelservices"}], "image_url": "", "is_closed": false, "phone": "+61262532422", "location": {"address3": null, "zip_code": "2617", "address1": "Shop 142, Westfield Shopping Centre, Belconnen Benjamin Way", "address2": null, "city": "Belconnen", "state": "ACT", "country": "AU"}, "name": "Flight Centre"}