{"id": "glenloch-station-belconnen", "rating": 0.0, "coordinates": {"longitude": 149.081604, "latitude": -35.2785797}, "is_claimed": false, "photos": [], "review_count": 0, "term": "hotels", "url": "https://www.yelp.com/biz/glenloch-station-belconnen?adjust_creative=92p07_JjKyriZTQxAXRiKQ&utm_campaign=yelp_api_v3&utm_medium=api_v3_business_lookup&utm_source=92p07_JjKyriZTQxAXRiKQ", "categories": [{"alias": "travelservices", "title": "Travel Services"}], "location": {"address3": null, "zip_code": "2617", "address1": "William Hovell Drv", "address2": null, "city": "Belconnen", "state": "ACT", "country": "AU"}, "is_closed": false, "phone": "+61262531112", "image_url": "", "name": "Glenloch Station"}