{"id": "harvey-world-travel-belconnen", "rating": 0.0, "coordinates": {"longitude": 149.063446, "latitude": -35.2394485}, "is_claimed": false, "photos": ["https://s3-media1.fl.yelpcdn.com/bphoto/xS59sCk-Yz7JplfjkcVphg/o.jpg"], "review_count": 0, "term": "hotels", "url": "https://www.yelp.com/biz/harvey-world-travel-belconnen?adjust_creative=92p07_JjKyriZTQxAXRiKQ&utm_campaign=yelp_api_v3&utm_medium=api_v3_business_lookup&utm_source=92p07_JjKyriZTQxAXRiKQ", "categories": [{"alias": "travelservices", "title": "Travel Services"}], "location": {"address3": null, "zip_code": "2617", "address1": "Westfield Shopping Town", "state": "ACT", "city": "Belconnen", "address2": null, "country": "AU"}, "is_closed": false, "phone": "+61262531600", "image_url": "https://s3-media3.fl.yelpcdn.com/bphoto/xS59sCk-Yz7JplfjkcVphg/o.jpg", "name": "Harvey World Travel"}