{"id": "siam-twist-hackett", "rating": 0.0, "coordinates": {"longitude": 149.162973451793, "latitude": -35.2484721458202}, "is_claimed": false, "photos": ["https://s3-media2.fl.yelpcdn.com/bphoto/3CRtOeq9KEhJ8FWkWwx7Pg/o.jpg"], "review_count": 0, "term": "restaurants", "url": "https://www.yelp.com/biz/siam-twist-hackett?adjust_creative=92p07_JjKyriZTQxAXRiKQ&utm_campaign=yelp_api_v3&utm_medium=api_v3_business_lookup&utm_source=92p07_JjKyriZTQxAXRiKQ", "categories": [{"title": "Cafes", "alias": "cafes"}, {"title": "Thai", "alias": "thai"}], "image_url": "https://s3-media1.fl.yelpcdn.com/bphoto/3CRtOeq9KEhJ8FWkWwx7Pg/o.jpg", "is_closed": false, "phone": "+61262491386", "location": {"address3": "", "zip_code": "2602", "address1": "1-5 Hackett Pl", "state": "ACT", "city": "Hackett", "address2": "", "country": "AU"}, "name": "Siam Twist"}