{"id": "boffins-acton", "rating": 0.0, "coordinates": {"longitude": 149.1171875, "latitude": -35.2842407}, "is_claimed": false, "photos": ["https://s3-media1.fl.yelpcdn.com/bphoto/DVdrP5pX-DGbvHSP-HcwEA/o.jpg", "https://s3-media3.fl.yelpcdn.com/bphoto/D8fX2wfZxDL3WA-r6Rgujg/o.jpg", "https://s3-media4.fl.yelpcdn.com/bphoto/t2bpkkH9Twy4UKNGlRAoSQ/o.jpg"], "review_count": 0, "term": "restaurants", "url": "https://www.yelp.com/biz/boffins-acton?adjust_creative=92p07_JjKyriZTQxAXRiKQ&utm_campaign=yelp_api_v3&utm_medium=api_v3_business_lookup&utm_source=92p07_JjKyriZTQxAXRiKQ", "categories": [{"title": "Restaurants", "alias": "restaurants"}], "image_url": "https://s3-media2.fl.yelpcdn.com/bphoto/DVdrP5pX-DGbvHSP-HcwEA/o.jpg", "is_closed": false, "phone": "+61261255285", "location": {"address3": null, "zip_code": "2601", "address1": "1 Balmain Crs", "address2": null, "city": "Acton", "state": "ACT", "country": "AU"}, "name": "Boffins"}