{"id": "floresco-in-the-gardens-acton", "rating": 0.0, "coordinates": {"longitude": 149.11828, "latitude": -35.28563}, "is_claimed": false, "photos": ["https://s3-media1.fl.yelpcdn.com/bphoto/z8yDLekhYtgrB7KV0BFz7A/o.jpg", "https://s3-media3.fl.yelpcdn.com/bphoto/I4W4UQF13CkUUuNPrGpTLQ/o.jpg"], "review_count": 0, "term": "restaurants", "url": "https://www.yelp.com/biz/floresco-in-the-gardens-acton?adjust_creative=92p07_JjKyriZTQxAXRiKQ&utm_campaign=yelp_api_v3&utm_medium=api_v3_business_lookup&utm_source=92p07_JjKyriZTQxAXRiKQ", "categories": [{"alias": "cafes", "title": "Cafes"}], "location": {"address3": "", "zip_code": "2601", "address1": "Australian National Botanic Gardens", "address2": "", "city": "Acton", "state": "ACT", "country": "AU"}, "is_closed": false, "phone": "+61262489680", "image_url": "https://s3-media2.fl.yelpcdn.com/bphoto/z8yDLekhYtgrB7KV0BFz7A/o.jpg", "name": "Floresco In The Gardens"}