{"id": "ivy-and-the-fox-acton", "rating": 0.0, "coordinates": {"longitude": 149.116805161904, "latitude": -35.2892126019549}, "is_claimed": false, "photos": ["https://s3-media3.fl.yelpcdn.com/bphoto/mUcK5orJzVOvIOwn4n52Mw/o.jpg", "https://s3-media2.fl.yelpcdn.com/bphoto/AZ_sFFkIeOCJKkWV01viGw/o.jpg"], "review_count": 0, "price": "$", "term": "restaurants", "url": "https://www.yelp.com/biz/ivy-and-the-fox-acton?adjust_creative=92p07_JjKyriZTQxAXRiKQ&utm_campaign=yelp_api_v3&utm_medium=api_v3_business_lookup&utm_source=92p07_JjKyriZTQxAXRiKQ", "categories": [{"title": "Cafes", "alias": "cafes"}, {"title": "Coffee & Tea", "alias": "coffee"}, {"title": "Venues & Event Spaces", "alias": "venues"}], "image_url": "https://s3-media4.fl.yelpcdn.com/bphoto/mUcK5orJzVOvIOwn4n52Mw/o.jpg", "is_closed": false, "phone": "+61262579229", "location": {"address3": null, "zip_code": "2601", "address1": "Old Canberra House", "state": "ACT", "city": "Acton", "address2": "73 Lennox Crossing", "country": "AU"}, "name": "Ivy & The Fox"}