{"id": "mr-shabu-shabu-acton", "rating": 0.0, "coordinates": {"longitude": 149.1255035, "latitude": -35.2768784}, "is_claimed": false, "photos": ["https://s3-media4.fl.yelpcdn.com/bphoto/T09AhK59gRQKXI03GnQYRw/o.jpg", "https://s3-media2.fl.yelpcdn.com/bphoto/uGz40zLeMl_s4dwY-M-G1g/o.jpg"], "review_count": 0, "term": "restaurants", "url": "https://www.yelp.com/biz/mr-shabu-shabu-acton?adjust_creative=92p07_JjKyriZTQxAXRiKQ&utm_campaign=yelp_api_v3&utm_medium=api_v3_business_lookup&utm_source=92p07_JjKyriZTQxAXRiKQ", "categories": [{"alias": "restaurants", "title": "Restaurants"}], "location": {"address3": null, "zip_code": "2601", "address1": "35 Childers St", "address2": null, "city": "Acton", "state": "ACT", "country": "AU"}, "is_closed": false, "phone": "+61262489886", "image_url": "https://s3-media1.fl.yelpcdn.com/bphoto/T09AhK59gRQKXI03GnQYRw/o.jpg", "name": "Mr Shabu Shabu"}