{"id": "teatro-vivaldi-restaurant-acton", "rating": 4.0, "coordinates": {"longitude": 149.1228638, "latitude": -35.2783813}, "is_claimed": false, "photos": [], "review_count": 2, "term": "restaurants", "url": "https://www.yelp.com/biz/teatro-vivaldi-restaurant-acton?adjust_creative=92p07_JjKyriZTQxAXRiKQ&utm_campaign=yelp_api_v3&utm_medium=api_v3_business_lookup&utm_source=92p07_JjKyriZTQxAXRiKQ", "categories": [{"alias": "restaurants", "title": "Restaurants"}], "location": {"address3": null, "zip_code": "2601", "address1": "University Ave", "state": "ACT", "city": "Acton", "address2": null, "country": "AU"}, "is_closed": false, "phone": "+61262572718", "image_url": "", "name": "Teatro Vivaldi Restaurant"}