{"id": "capital-motor-cycle-hire-greenway", "rating": 0.0, "coordinates": {"longitude": 149.06827, "latitude": -35.41856}, "is_claimed": false, "photos": [], "review_count": 0, "term": "hotels", "url": "https://www.yelp.com/biz/capital-motor-cycle-hire-greenway?adjust_creative=92p07_JjKyriZTQxAXRiKQ&utm_campaign=yelp_api_v3&utm_medium=api_v3_business_lookup&utm_source=92p07_JjKyriZTQxAXRiKQ", "categories": [{"alias": "tours", "title": "Tours"}], "location": {"address3": null, "zip_code": "2900", "address1": "", "state": "ACT", "city": "Greenway", "address2": null, "country": "AU"}, "is_closed": false, "phone": "+61262934111", "image_url": "", "name": "Capital Motor Cycle Hire"}