{"id": "country-comfort-greenway-greenway", "rating": 0.0, "coordinates": {"longitude": 149.0614624, "latitude": -35.4174805}, "is_claimed": false, "photos": ["https://s3-media3.fl.yelpcdn.com/bphoto/BSZGP064YBaImjTehohuKw/o.jpg", "https://s3-media1.fl.yelpcdn.com/bphoto/xFydViMic22Pygny3_70Vg/o.jpg", "https://s3-media4.fl.yelpcdn.com/bphoto/QN5FBiiyK5NKPnCD5y-mkg/o.jpg"], "review_count": 0, "term": "hotels", "url": "https://www.yelp.com/biz/country-comfort-greenway-greenway?adjust_creative=92p07_JjKyriZTQxAXRiKQ&utm_campaign=yelp_api_v3&utm_medium=api_v3_business_lookup&utm_source=92p07_JjKyriZTQxAXRiKQ", "categories": [], "image_url": "https://s3-media4.fl.yelpcdn.com/bphoto/BSZGP064YBaImjTehohuKw/o.jpg", "is_closed": false, "phone": "+61262933666", "location": {"address3": null, "zip_code": "2900", "address1": "46 Rowland Rees Crs", "address2": null, "city": "Greenway", "state": "ACT", "country": "AU"}, "name": "Country Comfort Greenway"}