{"id": "mudmaps-campbell", "rating": 0.0, "coordinates": {"longitude": 149.14916, "latitude": -35.28263}, "is_claimed": false, "photos": ["https://s3-media2.fl.yelpcdn.com/bphoto/OAwmo0KsMGENOXGmRa6B5w/o.jpg"], "review_count": 0, "term": "hotels", "url": "https://www.yelp.com/biz/mudmaps-campbell?adjust_creative=92p07_JjKyriZTQxAXRiKQ&utm_campaign=yelp_api_v3&utm_medium=api_v3_business_lookup&utm_source=92p07_JjKyriZTQxAXRiKQ", "categories": [{"alias": "hotelstravel", "title": "Hotels & Travel"}], "location": {"address3": "", "zip_code": "2612", "address1": "", "state": "ACT", "city": "Campbell", "address2": "", "country": "AU"}, "is_closed": false, "phone": "", "image_url": "https://s3-media3.fl.yelpcdn.com/bphoto/OAwmo0KsMGENOXGmRa6B5w/o.jpg", "name": "MudMaps"}