{"price": "$$", "rating": 5.0, "coordinates": {"longitude": 149.155614426177, "latitude": -35.323969105054}, "is_claimed": false, "hours": [{"is_open_now": true, "open": [{"is_overnight": false, "end": "1730", "start": "0700", "day": 3}, {"is_overnight": false, "end": "1730", "start": "0700", "day": 4}, {"is_overnight": false, "end": "1730", "start": "0700", "day": 5}, {"is_overnight": false, "end": "1730", "start": "0700", "day": 6}], "hours_type": "REGULAR"}], "photos": ["https://s3-media1.fl.yelpcdn.com/bphoto/FwlGslJ7ehPsNA_IzAbTgg/o.jpg", "https://s3-media1.fl.yelpcdn.com/bphoto/nT-oYJFSoIjEUx5zk48Waw/o.jpg"], "review_count": 4, "id": "bean-and-grain-fyshwick-fyshwick", "term": "restaurants", "url": "https://www.yelp.com/biz/bean-and-grain-fyshwick-fyshwick?adjust_creative=92p07_JjKyriZTQxAXRiKQ&utm_campaign=yelp_api_v3&utm_medium=api_v3_business_lookup&utm_source=92p07_JjKyriZTQxAXRiKQ", "categories": [{"title": "Cafes", "alias": "cafes"}, {"title": "Bakeries", "alias": "bakeries"}, {"title": "Patisserie/Cake Shop", "alias": "cakeshop"}], "image_url": "https://s3-media3.fl.yelpcdn.com/bphoto/FwlGslJ7ehPsNA_IzAbTgg/o.jpg", "is_closed": false, "phone": "+61262956263", "location": {"address3": "", "zip_code": "2609", "address1": "Fyshwick Fresh Food Markets", "address2": "12 Dalby St", "city": "Fyshwick", "state": "ACT", "country": "AU"}, "name": "Bean & Grain - Fyshwick"}