{"price": "$$", "rating": 3.5, "coordinates": {"longitude": 149.187194824219, "latitude": -35.3299102783203}, "is_claimed": false, "hours": [{"is_open_now": false, "open": [{"is_overnight": false, "day": 0, "start": "0700", "end": "1500"}, {"is_overnight": false, "day": 1, "start": "0700", "end": "1500"}, {"is_overnight": false, "day": 2, "start": "0700", "end": "1500"}, {"is_overnight": false, "day": 3, "start": "0700", "end": "1500"}, {"is_overnight": false, "day": 4, "start": "0700", "end": "1500"}], "hours_type": "REGULAR"}], "photos": ["https://s3-media1.fl.yelpcdn.com/bphoto/JlvM4hp8udlP11NzwzSiUQ/o.jpg"], "review_count": 2, "id": "box-diner-fyshwick", "term": "restaurants", "url": "https://www.yelp.com/biz/box-diner-fyshwick?adjust_creative=92p07_JjKyriZTQxAXRiKQ&utm_campaign=yelp_api_v3&utm_medium=api_v3_business_lookup&utm_source=92p07_JjKyriZTQxAXRiKQ", "categories": [{"alias": "cafes", "title": "Cafes"}], "location": {"address3": "", "zip_code": "2609", "address1": "Unit 17", "state": "ACT", "city": "Fyshwick", "address2": "65 Tennant St", "country": "AU"}, "is_closed": false, "phone": "", "image_url": "https://s3-media4.fl.yelpcdn.com/bphoto/JlvM4hp8udlP11NzwzSiUQ/o.jpg", "name": "Box Diner"}