{"price": "$$", "rating": 4.5, "coordinates": {"longitude": 149.1794888, "latitude": -35.3241261}, "is_claimed": false, "hours": [{"is_open_now": false, "open": [{"is_overnight": false, "day": 0, "start": "0700", "end": "1600"}, {"is_overnight": false, "day": 1, "start": "0700", "end": "1600"}, {"is_overnight": false, "day": 2, "start": "0700", "end": "1600"}, {"is_overnight": false, "day": 3, "start": "0700", "end": "1600"}, {"is_overnight": false, "day": 4, "start": "0700", "end": "1600"}, {"is_overnight": false, "day": 5, "start": "0800", "end": "1500"}, {"is_overnight": false, "day": 6, "start": "0800", "end": "1500"}], "hours_type": "REGULAR"}], "photos": ["https://s3-media2.fl.yelpcdn.com/bphoto/DWO_cDGHCHG-TBbJtv_Czg/o.jpg", "https://s3-media2.fl.yelpcdn.com/bphoto/fjSg8M7dLv_xH7lvDoYFbg/o.jpg", "https://s3-media4.fl.yelpcdn.com/bphoto/V2b949F60gZFBBs8Jqat4w/o.jpg"], "review_count": 2, "id": "ona-coffee-fyshwick", "term": "restaurants", "url": "https://www.yelp.com/biz/ona-coffee-fyshwick?adjust_creative=92p07_JjKyriZTQxAXRiKQ&utm_campaign=yelp_api_v3&utm_medium=api_v3_business_lookup&utm_source=92p07_JjKyriZTQxAXRiKQ", "categories": [{"alias": "cafes", "title": "Cafes"}, {"alias": "coffee", "title": "Coffee & Tea"}], "location": {"address3": "", "zip_code": "2609", "address1": "68 Wollongong St", "address2": "", "city": "Fyshwick", "state": "ACT", "country": "AU"}, "is_closed": false, "phone": "+61261623320", "image_url": "https://s3-media2.fl.yelpcdn.com/bphoto/DWO_cDGHCHG-TBbJtv_Czg/o.jpg", "name": "ONA Coffee"}