{"id": "pellegrinos-fyshwick", "rating": 5.0, "coordinates": {"longitude": 149.1794128, "latitude": -35.3246384}, "is_claimed": false, "photos": [], "review_count": 1, "term": "restaurants", "url": "https://www.yelp.com/biz/pellegrinos-fyshwick?adjust_creative=92p07_JjKyriZTQxAXRiKQ&utm_campaign=yelp_api_v3&utm_medium=api_v3_business_lookup&utm_source=92p07_JjKyriZTQxAXRiKQ", "categories": [{"alias": "cafes", "title": "Cafes"}], "location": {"address3": null, "zip_code": "2609", "address1": "49 Wollongong St", "address2": null, "city": "Fyshwick", "state": "ACT", "country": "AU"}, "is_closed": false, "phone": "+61262281101", "image_url": "", "name": "Pellegrino's"}