{"id": "plumb-on-tennant-fyshwick", "rating": 4.0, "coordinates": {"longitude": 149.1812439, "latitude": -35.3308907}, "is_claimed": false, "photos": ["https://s3-media3.fl.yelpcdn.com/bphoto/M9kkLfsJ5EkFByU7w3lOlA/o.jpg", "https://s3-media4.fl.yelpcdn.com/bphoto/fIYirdkzflbqrxhZMdnmYw/o.jpg", "https://s3-media3.fl.yelpcdn.com/bphoto/HCajaTJF6K3jKMtYzPmJVw/o.jpg"], "review_count": 1, "price": "$$", "term": "restaurants", "url": "https://www.yelp.com/biz/plumb-on-tennant-fyshwick?adjust_creative=92p07_JjKyriZTQxAXRiKQ&utm_campaign=yelp_api_v3&utm_medium=api_v3_business_lookup&utm_source=92p07_JjKyriZTQxAXRiKQ", "categories": [{"title": "Cafes", "alias": "cafes"}], "image_url": "https://s3-media4.fl.yelpcdn.com/bphoto/M9kkLfsJ5EkFByU7w3lOlA/o.jpg", "is_closed": false, "phone": "+61262806141", "location": {"address3": null, "zip_code": "2609", "address1": "5 Tennant St", "state": "ACT", "city": "Fyshwick", "address2": null, "country": "AU"}, "name": "Plumb On Tennant"}